2026-10-03 11:24:45.570 PDT [451596] LOG:  starting PostgreSQL 15.19 on x86_64-pc-linux-gnu, compiled by gcc (GCC) 15.2.0, 64-bit
2026-10-03 11:24:45.570 PDT [451596] LOG:  listening on Unix socket "/tmp/ambisgis-fnd04-socket-0_2jp7na/.s.PGSQL.55484"
2026-10-03 11:24:45.589 PDT [451599] LOG:  database system was shut down at 2026-10-03 11:24:45 PDT
2026-10-03 11:24:45.610 PDT [451596] LOG:  database system is ready to accept connections
2026-10-03 11:24:46.099 PDT [451611] ERROR:  value "2147483648" is out of range for type integer at character 383
2026-10-03 11:24:46.099 PDT [451611] QUERY:  INSERT INTO managed.d_88d9d2864b5f47f8a0d0c156ee5c9d3a (dataset_id,version_group_id,version_id,fid,object_id,feature_revision,small,large,flag,related,day,instant) VALUES ('88d9d286-4b5f-47f8-a0d0-c156ee5c9d3a'::uuid,'4a45c4d9-c6cd-489a-88fc-306651025f1e'::uuid,'a7cceb08-f775-43e1-b687-2e3f21df4126'::uuid,'eec43b6f-a9ea-4f0d-bd5e-be2f5b401885'::uuid,'1'::bigint,gen_random_uuid(),'2147483648'::integer,'9223372036854775807'::bigint,'true'::boolean,NULL::uuid,'2024-02-29'::date,'2024-01-01T01:30:00.123456+01:30'::timestamptz) ON CONFLICT(version_id,fid) DO UPDATE SET feature_revision=EXCLUDED.feature_revision,small=EXCLUDED.small,large=EXCLUDED.large,flag=EXCLUDED.flag,related=EXCLUDED.related,day=EXCLUDED.day,instant=EXCLUDED.instant
2026-10-03 11:24:46.099 PDT [451611] CONTEXT:  PL/pgSQL function raw_apply_rows(uuid,uuid,uuid,jsonb,boolean) line 89 at EXECUTE
	PL/pgSQL function apply_group(uuid,uuid,jsonb) line 64 at assignment
	PL/pgSQL function apply_rows(uuid,uuid,uuid,jsonb,boolean) line 9 at RETURN
2026-10-03 11:24:46.099 PDT [451611] STATEMENT:  SELECT managed.apply_rows('88d9d286-4b5f-47f8-a0d0-c156ee5c9d3a','a7cceb08-f775-43e1-b687-2e3f21df4126','2e2155ef-d1e2-46a3-8210-9a4c97dec4d9','[{"fid":"eec43b6f-a9ea-4f0d-bd5e-be2f5b401885","values":{"small":2147483648,"large":"9223372036854775807","flag":true,"related":null,"day":"2024-02-29","instant":"2024-01-01T01:30:00.123456+01:30"}}]'::jsonb,true)
2026-10-03 11:24:46.100 PDT [451611] ERROR:  INVALID_TYPED_VALUE
2026-10-03 11:24:46.100 PDT [451611] CONTEXT:  PL/pgSQL function raw_apply_rows(uuid,uuid,uuid,jsonb,boolean) line 68 at RAISE
	PL/pgSQL function apply_group(uuid,uuid,jsonb) line 64 at assignment
	PL/pgSQL function apply_rows(uuid,uuid,uuid,jsonb,boolean) line 9 at RETURN
2026-10-03 11:24:46.100 PDT [451611] STATEMENT:  SELECT managed.apply_rows('88d9d286-4b5f-47f8-a0d0-c156ee5c9d3a','a7cceb08-f775-43e1-b687-2e3f21df4126','2e2155ef-d1e2-46a3-8210-9a4c97dec4d9','[{"fid":"eec43b6f-a9ea-4f0d-bd5e-be2f5b401885","values":{"small":true,"large":"9223372036854775807","flag":true,"related":null,"day":"2024-02-29","instant":"2024-01-01T01:30:00.123456+01:30"}}]'::jsonb,true)
2026-10-03 11:24:46.101 PDT [451611] ERROR:  INVALID_TYPED_VALUE
2026-10-03 11:24:46.101 PDT [451611] CONTEXT:  PL/pgSQL function raw_apply_rows(uuid,uuid,uuid,jsonb,boolean) line 68 at RAISE
	PL/pgSQL function apply_group(uuid,uuid,jsonb) line 64 at assignment
	PL/pgSQL function apply_rows(uuid,uuid,uuid,jsonb,boolean) line 9 at RETURN
2026-10-03 11:24:46.101 PDT [451611] STATEMENT:  SELECT managed.apply_rows('88d9d286-4b5f-47f8-a0d0-c156ee5c9d3a','a7cceb08-f775-43e1-b687-2e3f21df4126','2e2155ef-d1e2-46a3-8210-9a4c97dec4d9','[{"fid":"eec43b6f-a9ea-4f0d-bd5e-be2f5b401885","values":{"small":2147483647,"large":9223372036854775807,"flag":true,"related":null,"day":"2024-02-29","instant":"2024-01-01T01:30:00.123456+01:30"}}]'::jsonb,true)
2026-10-03 11:24:46.102 PDT [451611] ERROR:  value "9223372036854775808" is out of range for type bigint at character 405
2026-10-03 11:24:46.102 PDT [451611] QUERY:  INSERT INTO managed.d_88d9d2864b5f47f8a0d0c156ee5c9d3a (dataset_id,version_group_id,version_id,fid,object_id,feature_revision,small,large,flag,related,day,instant) VALUES ('88d9d286-4b5f-47f8-a0d0-c156ee5c9d3a'::uuid,'4a45c4d9-c6cd-489a-88fc-306651025f1e'::uuid,'a7cceb08-f775-43e1-b687-2e3f21df4126'::uuid,'eec43b6f-a9ea-4f0d-bd5e-be2f5b401885'::uuid,'1'::bigint,gen_random_uuid(),'2147483647'::integer,'9223372036854775808'::bigint,'true'::boolean,NULL::uuid,'2024-02-29'::date,'2024-01-01T01:30:00.123456+01:30'::timestamptz) ON CONFLICT(version_id,fid) DO UPDATE SET feature_revision=EXCLUDED.feature_revision,small=EXCLUDED.small,large=EXCLUDED.large,flag=EXCLUDED.flag,related=EXCLUDED.related,day=EXCLUDED.day,instant=EXCLUDED.instant
2026-10-03 11:24:46.102 PDT [451611] CONTEXT:  PL/pgSQL function raw_apply_rows(uuid,uuid,uuid,jsonb,boolean) line 89 at EXECUTE
	PL/pgSQL function apply_group(uuid,uuid,jsonb) line 64 at assignment
	PL/pgSQL function apply_rows(uuid,uuid,uuid,jsonb,boolean) line 9 at RETURN
2026-10-03 11:24:46.102 PDT [451611] STATEMENT:  SELECT managed.apply_rows('88d9d286-4b5f-47f8-a0d0-c156ee5c9d3a','a7cceb08-f775-43e1-b687-2e3f21df4126','2e2155ef-d1e2-46a3-8210-9a4c97dec4d9','[{"fid":"eec43b6f-a9ea-4f0d-bd5e-be2f5b401885","values":{"small":2147483647,"large":"9223372036854775808","flag":true,"related":null,"day":"2024-02-29","instant":"2024-01-01T01:30:00.123456+01:30"}}]'::jsonb,true)
2026-10-03 11:24:46.103 PDT [451611] ERROR:  INVALID_TYPED_VALUE
2026-10-03 11:24:46.103 PDT [451611] CONTEXT:  PL/pgSQL function raw_apply_rows(uuid,uuid,uuid,jsonb,boolean) line 68 at RAISE
	PL/pgSQL function apply_group(uuid,uuid,jsonb) line 64 at assignment
	PL/pgSQL function apply_rows(uuid,uuid,uuid,jsonb,boolean) line 9 at RETURN
2026-10-03 11:24:46.103 PDT [451611] STATEMENT:  SELECT managed.apply_rows('88d9d286-4b5f-47f8-a0d0-c156ee5c9d3a','a7cceb08-f775-43e1-b687-2e3f21df4126','2e2155ef-d1e2-46a3-8210-9a4c97dec4d9','[{"fid":"eec43b6f-a9ea-4f0d-bd5e-be2f5b401885","values":{"small":2147483647,"large":"9223372036854775807","flag":"true","related":null,"day":"2024-02-29","instant":"2024-01-01T01:30:00.123456+01:30"}}]'::jsonb,true)
2026-10-03 11:24:46.103 PDT [451611] ERROR:  date/time field value out of range: "2023-02-29" at character 462
2026-10-03 11:24:46.103 PDT [451611] QUERY:  INSERT INTO managed.d_88d9d2864b5f47f8a0d0c156ee5c9d3a (dataset_id,version_group_id,version_id,fid,object_id,feature_revision,small,large,flag,related,day,instant) VALUES ('88d9d286-4b5f-47f8-a0d0-c156ee5c9d3a'::uuid,'4a45c4d9-c6cd-489a-88fc-306651025f1e'::uuid,'a7cceb08-f775-43e1-b687-2e3f21df4126'::uuid,'eec43b6f-a9ea-4f0d-bd5e-be2f5b401885'::uuid,'1'::bigint,gen_random_uuid(),'2147483647'::integer,'9223372036854775807'::bigint,'true'::boolean,NULL::uuid,'2023-02-29'::date,'2024-01-01T01:30:00.123456+01:30'::timestamptz) ON CONFLICT(version_id,fid) DO UPDATE SET feature_revision=EXCLUDED.feature_revision,small=EXCLUDED.small,large=EXCLUDED.large,flag=EXCLUDED.flag,related=EXCLUDED.related,day=EXCLUDED.day,instant=EXCLUDED.instant
2026-10-03 11:24:46.103 PDT [451611] CONTEXT:  PL/pgSQL function raw_apply_rows(uuid,uuid,uuid,jsonb,boolean) line 89 at EXECUTE
	PL/pgSQL function apply_group(uuid,uuid,jsonb) line 64 at assignment
	PL/pgSQL function apply_rows(uuid,uuid,uuid,jsonb,boolean) line 9 at RETURN
2026-10-03 11:24:46.103 PDT [451611] STATEMENT:  SELECT managed.apply_rows('88d9d286-4b5f-47f8-a0d0-c156ee5c9d3a','a7cceb08-f775-43e1-b687-2e3f21df4126','2e2155ef-d1e2-46a3-8210-9a4c97dec4d9','[{"fid":"eec43b6f-a9ea-4f0d-bd5e-be2f5b401885","values":{"small":2147483647,"large":"9223372036854775807","flag":true,"related":null,"day":"2023-02-29","instant":"2024-01-01T01:30:00.123456+01:30"}}]'::jsonb,true)
2026-10-03 11:24:46.104 PDT [451611] ERROR:  INVALID_TYPED_VALUE
2026-10-03 11:24:46.104 PDT [451611] CONTEXT:  PL/pgSQL function raw_apply_rows(uuid,uuid,uuid,jsonb,boolean) line 68 at RAISE
	PL/pgSQL function apply_group(uuid,uuid,jsonb) line 64 at assignment
	PL/pgSQL function apply_rows(uuid,uuid,uuid,jsonb,boolean) line 9 at RETURN
2026-10-03 11:24:46.104 PDT [451611] STATEMENT:  SELECT managed.apply_rows('88d9d286-4b5f-47f8-a0d0-c156ee5c9d3a','a7cceb08-f775-43e1-b687-2e3f21df4126','2e2155ef-d1e2-46a3-8210-9a4c97dec4d9','[{"fid":"eec43b6f-a9ea-4f0d-bd5e-be2f5b401885","values":{"small":2147483647,"large":"9223372036854775807","flag":true,"related":null,"day":"2024-02-29","instant":"2024-01-01T24:00:00Z"}}]'::jsonb,true)
2026-10-03 11:24:46.105 PDT [451611] ERROR:  INVALID_TYPED_VALUE
2026-10-03 11:24:46.105 PDT [451611] CONTEXT:  PL/pgSQL function raw_apply_rows(uuid,uuid,uuid,jsonb,boolean) line 68 at RAISE
	PL/pgSQL function apply_group(uuid,uuid,jsonb) line 64 at assignment
	PL/pgSQL function apply_rows(uuid,uuid,uuid,jsonb,boolean) line 9 at RETURN
2026-10-03 11:24:46.105 PDT [451611] STATEMENT:  SELECT managed.apply_rows('88d9d286-4b5f-47f8-a0d0-c156ee5c9d3a','a7cceb08-f775-43e1-b687-2e3f21df4126','2e2155ef-d1e2-46a3-8210-9a4c97dec4d9','[{"fid":"eec43b6f-a9ea-4f0d-bd5e-be2f5b401885","values":{"small":2147483647,"large":"9223372036854775807","flag":true,"related":null,"day":"2024-02-29","instant":"2024-01-01T00:00:00.1234567Z"}}]'::jsonb,true)
2026-10-03 11:24:46.106 PDT [451611] ERROR:  INVALID_TYPED_VALUE
2026-10-03 11:24:46.106 PDT [451611] CONTEXT:  PL/pgSQL function raw_apply_rows(uuid,uuid,uuid,jsonb,boolean) line 68 at RAISE
	PL/pgSQL function apply_group(uuid,uuid,jsonb) line 64 at assignment
	PL/pgSQL function apply_rows(uuid,uuid,uuid,jsonb,boolean) line 9 at RETURN
2026-10-03 11:24:46.106 PDT [451611] STATEMENT:  SELECT managed.apply_rows('88d9d286-4b5f-47f8-a0d0-c156ee5c9d3a','a7cceb08-f775-43e1-b687-2e3f21df4126','2e2155ef-d1e2-46a3-8210-9a4c97dec4d9','[{"fid":"eec43b6f-a9ea-4f0d-bd5e-be2f5b401885","values":{"small":2147483647,"large":"9223372036854775807","flag":true,"related":null,"day":"2024-02-29","instant":"2024-01-01T00:00:00"}}]'::jsonb,true)
2026-10-03 11:24:46.107 PDT [451611] ERROR:  INVALID_TYPED_VALUE
2026-10-03 11:24:46.107 PDT [451611] CONTEXT:  PL/pgSQL function raw_apply_rows(uuid,uuid,uuid,jsonb,boolean) line 68 at RAISE
	PL/pgSQL function apply_group(uuid,uuid,jsonb) line 64 at assignment
	PL/pgSQL function apply_rows(uuid,uuid,uuid,jsonb,boolean) line 9 at RETURN
2026-10-03 11:24:46.107 PDT [451611] STATEMENT:  SELECT managed.apply_rows('88d9d286-4b5f-47f8-a0d0-c156ee5c9d3a','a7cceb08-f775-43e1-b687-2e3f21df4126','2e2155ef-d1e2-46a3-8210-9a4c97dec4d9','[{"fid":"eec43b6f-a9ea-4f0d-bd5e-be2f5b401885","values":{"small":2147483647,"large":"9223372036854775807","flag":true,"related":"bad","day":"2024-02-29","instant":"2024-01-01T01:30:00.123456+01:30"}}]'::jsonb,true)
2026-10-03 11:24:46.128 PDT [451611] ERROR:  nextval: reached maximum value of sequence "oid_88d9d2864b5f47f8a0d0c156ee5c9d3a" (9223372036854775807)
2026-10-03 11:24:46.128 PDT [451611] CONTEXT:  PL/pgSQL function raw_apply_rows(uuid,uuid,uuid,jsonb,boolean) line 46 at assignment
	PL/pgSQL function apply_group(uuid,uuid,jsonb) line 64 at assignment
	PL/pgSQL function apply_rows(uuid,uuid,uuid,jsonb,boolean) line 9 at RETURN
2026-10-03 11:24:46.128 PDT [451611] STATEMENT:  SELECT managed.apply_rows('88d9d286-4b5f-47f8-a0d0-c156ee5c9d3a','a7cceb08-f775-43e1-b687-2e3f21df4126','3e0ddd51-820d-427f-80de-49fad43e40d0','[{"fid":"da8227fb-fd19-4c36-94c1-f3e32a78849d","values":{"small":2147483647,"large":"9223372036854775807","flag":true,"related":null,"day":"2024-02-29","instant":"2024-01-01T01:30:00.123456+01:30"}}]'::jsonb,true)
2026-10-03 11:24:46.743 PDT [451664] ERROR:  STALE_HEAD
2026-10-03 11:24:46.743 PDT [451664] CONTEXT:  PL/pgSQL function apply_group(uuid,uuid,jsonb) line 15 at RAISE
	PL/pgSQL function apply_rows(uuid,uuid,uuid,jsonb,boolean) line 9 at RETURN
2026-10-03 11:24:46.743 PDT [451664] STATEMENT:  SELECT managed.apply_rows('bf0cf85c-58bb-4e47-9b6d-dff61eec3735','9f1c81c4-e18f-4952-ad84-1ab0cd0b63b4','03e0d16f-1855-41f9-8a86-317345d98c81','[{"fid":"60c103aa-93ae-4696-ad96-a331666511bb","values":{"name":"München","amount":"1.125"},"geometry":"SRID=4326;POINT(1 2)"}]'::jsonb,false)
2026-10-03 11:24:46.755 PDT [451664] ERROR:  insert or update on table "d_bf0cf85c58bb4e479b6ddff61eec3735" violates foreign key constraint "d_bf0cf85c58bb4e479b6ddff61eec_version_group_id_version_id_fkey"
2026-10-03 11:24:46.755 PDT [451664] DETAIL:  Key (version_group_id, version_id)=(9f7bed68-1c2d-4743-914b-2081c319c6c1, d5a831a2-4585-4f5a-93d6-28ae05538824) is not present in table "version".
2026-10-03 11:24:46.755 PDT [451664] STATEMENT:  UPDATE managed."d_bf0cf85c58bb4e479b6ddff61eec3735" SET version_id='d5a831a2-4585-4f5a-93d6-28ae05538824'
2026-10-03 11:24:46.755 PDT [451664] ERROR:  new row for relation "d_bf0cf85c58bb4e479b6ddff61eec3735" violates check constraint "d_bf0cf85c58bb4e479b6ddff61eec3735_dataset_id_check"
2026-10-03 11:24:46.755 PDT [451664] DETAIL:  Failing row contains (f897f3a4-bdac-41f8-b59f-4358e1404fd2, 9f7bed68-1c2d-4743-914b-2081c319c6c1, 9f1c81c4-e18f-4952-ad84-1ab0cd0b63b4, 914d13f2-3f21-4d19-a886-8e61bb3ec27e, 1, 78970693-a523-439a-92ac-f95f66f10e95, München, 1.125, 0101000020E6100000000000000000F03F0000000000000040).
2026-10-03 11:24:46.755 PDT [451664] STATEMENT:  UPDATE managed."d_bf0cf85c58bb4e479b6ddff61eec3735" SET dataset_id='f897f3a4-bdac-41f8-b59f-4358e1404fd2'
2026-10-03 11:24:46.755 PDT [451664] ERROR:  insert or update on table "d_bf0cf85c58bb4e479b6ddff61eec3735" violates foreign key constraint "d_bf0cf85c58bb4e479b6ddff61eec373_dataset_id_fid_object_id_fkey"
2026-10-03 11:24:46.755 PDT [451664] DETAIL:  Key (dataset_id, fid, object_id)=(bf0cf85c-58bb-4e47-9b6d-dff61eec3735, 914d13f2-3f21-4d19-a886-8e61bb3ec27e, 999) is not present in table "feature_identity".
2026-10-03 11:24:46.755 PDT [451664] STATEMENT:  UPDATE managed."d_bf0cf85c58bb4e479b6ddff61eec3735" SET object_id=999
2026-10-03 11:24:46.755 PDT [451664] ERROR:  new row for relation "version" violates check constraint "version_name_check"
2026-10-03 11:24:46.755 PDT [451664] DETAIL:  Failing row contains (56cea8b8-71eb-4030-bca7-878f8d4ab364, 9f7bed68-1c2d-4743-914b-2081c319c6c1, named, db88923c-927b-4fc4-bda9-a8afef02d799).
2026-10-03 11:24:46.755 PDT [451664] STATEMENT:  INSERT INTO managed.version VALUES('56cea8b8-71eb-4030-bca7-878f8d4ab364','9f7bed68-1c2d-4743-914b-2081c319c6c1','named','db88923c-927b-4fc4-bda9-a8afef02d799')
2026-10-03 11:24:46.756 PDT [451664] ERROR:  DATASET_VERSION_MISMATCH
2026-10-03 11:24:46.756 PDT [451664] CONTEXT:  PL/pgSQL function apply_rows(uuid,uuid,uuid,jsonb,boolean) line 7 at RAISE
2026-10-03 11:24:46.756 PDT [451664] STATEMENT:  SELECT managed.apply_rows('bf0cf85c-58bb-4e47-9b6d-dff61eec3735','d5a831a2-4585-4f5a-93d6-28ae05538824','9610d67e-5c6e-47b7-85e5-59ded3618369','[{"fid":"914d13f2-3f21-4d19-a886-8e61bb3ec27e","values":{"name":"München","amount":"1.125"},"geometry":"SRID=4326;POINT(1 2)"}]'::jsonb,false)
2026-10-03 11:24:46.838 PDT [451669] ERROR:  new row for relation "d_015ecad456e74b0098d59b8e5521d463" violates check constraint "d_015ecad456e74b0098d59b8e5521d463_amount_check"
2026-10-03 11:24:46.838 PDT [451669] DETAIL:  Failing row contains (015ecad4-56e7-4b00-98d5-9b8e5521d463, 2de31b67-b2d6-4e66-9874-d7629d99e204, 5d566ece-97db-4e18-9265-ed082d8beb82, 41b517f3-8d6a-434a-bb24-145703722a36, 1, ff36c1e4-789d-4ee4-9081-70b344fe6229, 東京😀abcdΩ, 1.0001, 0101000020E6100000000000000000F03F0000000000000040).
2026-10-03 11:24:46.838 PDT [451669] STATEMENT:  UPDATE managed."d_015ecad456e74b0098d59b8e5521d463" SET amount=1.0001
2026-10-03 11:24:46.838 PDT [451669] ERROR:  new row for relation "d_015ecad456e74b0098d59b8e5521d463" violates check constraint "d_015ecad456e74b0098d59b8e5521d463_amount_check"
2026-10-03 11:24:46.838 PDT [451669] DETAIL:  Failing row contains (015ecad4-56e7-4b00-98d5-9b8e5521d463, 2de31b67-b2d6-4e66-9874-d7629d99e204, 5d566ece-97db-4e18-9265-ed082d8beb82, 41b517f3-8d6a-434a-bb24-145703722a36, 1, ff36c1e4-789d-4ee4-9081-70b344fe6229, 東京😀abcdΩ, NaN, 0101000020E6100000000000000000F03F0000000000000040).
2026-10-03 11:24:46.838 PDT [451669] STATEMENT:  UPDATE managed."d_015ecad456e74b0098d59b8e5521d463" SET amount='NaN'::numeric
2026-10-03 11:24:46.838 PDT [451669] ERROR:  new row for relation "d_015ecad456e74b0098d59b8e5521d463" violates check constraint "d_015ecad456e74b0098d59b8e5521d463_amount_check"
2026-10-03 11:24:46.838 PDT [451669] DETAIL:  Failing row contains (015ecad4-56e7-4b00-98d5-9b8e5521d463, 2de31b67-b2d6-4e66-9874-d7629d99e204, 5d566ece-97db-4e18-9265-ed082d8beb82, 41b517f3-8d6a-434a-bb24-145703722a36, 1, ff36c1e4-789d-4ee4-9081-70b344fe6229, 東京😀abcdΩ, Infinity, 0101000020E6100000000000000000F03F0000000000000040).
2026-10-03 11:24:46.838 PDT [451669] STATEMENT:  UPDATE managed."d_015ecad456e74b0098d59b8e5521d463" SET amount='Infinity'::numeric
2026-10-03 11:24:46.839 PDT [451669] ERROR:  new row for relation "d_015ecad456e74b0098d59b8e5521d463" violates check constraint "d_015ecad456e74b0098d59b8e5521d463_name_check"
2026-10-03 11:24:46.839 PDT [451669] DETAIL:  Failing row contains (015ecad4-56e7-4b00-98d5-9b8e5521d463, 2de31b67-b2d6-4e66-9874-d7629d99e204, 5d566ece-97db-4e18-9265-ed082d8beb82, 41b517f3-8d6a-434a-bb24-145703722a36, 1, ff36c1e4-789d-4ee4-9081-70b344fe6229, 123456789, -999999999.999, 0101000020E6100000000000000000F03F0000000000000040).
2026-10-03 11:24:46.839 PDT [451669] STATEMENT:  UPDATE managed."d_015ecad456e74b0098d59b8e5521d463" SET name='123456789'
2026-10-03 11:24:46.839 PDT [451669] ERROR:  new row for relation "d_015ecad456e74b0098d59b8e5521d463" violates check constraint "d_015ecad456e74b0098d59b8e5521d463_name_check"
2026-10-03 11:24:46.839 PDT [451669] DETAIL:  Failing row contains (015ecad4-56e7-4b00-98d5-9b8e5521d463, 2de31b67-b2d6-4e66-9874-d7629d99e204, 5d566ece-97db-4e18-9265-ed082d8beb82, 41b517f3-8d6a-434a-bb24-145703722a36, 1, ff36c1e4-789d-4ee4-9081-70b344fe6229, 12345678 , -999999999.999, 0101000020E6100000000000000000F03F0000000000000040).
2026-10-03 11:24:46.839 PDT [451669] STATEMENT:  UPDATE managed."d_015ecad456e74b0098d59b8e5521d463" SET name='12345678 '
2026-10-03 11:24:46.840 PDT [451669] ERROR:  INVALID_TYPED_VALUE
2026-10-03 11:24:46.840 PDT [451669] CONTEXT:  PL/pgSQL function raw_apply_rows(uuid,uuid,uuid,jsonb,boolean) line 68 at RAISE
	PL/pgSQL function apply_group(uuid,uuid,jsonb) line 64 at assignment
	PL/pgSQL function apply_rows(uuid,uuid,uuid,jsonb,boolean) line 9 at RETURN
2026-10-03 11:24:46.840 PDT [451669] STATEMENT:  SELECT managed.apply_rows('015ecad4-56e7-4b00-98d5-9b8e5521d463','5d566ece-97db-4e18-9265-ed082d8beb82','9c197bc5-509c-4acc-af50-189c2c438b21','[{"fid":"ffb52e49-f03e-4f76-8cf3-320ccae24647","values":{"name":"","amount":1.125},"geometry":"SRID=4326;POINT(1 2)"}]'::jsonb,true)
2026-10-03 11:24:47.146 PDT [451689] ERROR:  division by zero
2026-10-03 11:24:47.146 PDT [451689] STATEMENT:  CREATE TABLE managed.partial(x int); SELECT 1/0;
2026-10-03 11:24:47.209 PDT [451692] ERROR:  null value in column "geom" of relation "d_987d08ae80234846b0150ea6d27607e4" violates not-null constraint
2026-10-03 11:24:47.209 PDT [451692] DETAIL:  Failing row contains (987d08ae-8023-4846-b015-0ea6d27607e4, 125d3e16-ad1e-4c3d-b605-47434a51db19, 867088d5-4e5e-430a-9b71-c037c7e33662, 1a4a69bc-9116-42ea-aa9b-8ab0a4ea087e, 1, 85c269cb-2fd5-4a8e-aad0-91a6ffaae4a5, München, 1.125, null).
2026-10-03 11:24:47.209 PDT [451692] CONTEXT:  SQL statement "INSERT INTO managed.d_987d08ae80234846b0150ea6d27607e4 (dataset_id,version_group_id,version_id,fid,object_id,feature_revision,name,amount,geom) VALUES ('987d08ae-8023-4846-b015-0ea6d27607e4'::uuid,'125d3e16-ad1e-4c3d-b605-47434a51db19'::uuid,'867088d5-4e5e-430a-9b71-c037c7e33662'::uuid,'1a4a69bc-9116-42ea-aa9b-8ab0a4ea087e'::uuid,'1'::bigint,gen_random_uuid(),'München'::text,'1.125'::numeric,NULL) ON CONFLICT(version_id,fid) DO UPDATE SET feature_revision=EXCLUDED.feature_revision,name=EXCLUDED.name,amount=EXCLUDED.amount,geom=EXCLUDED.geom"
	PL/pgSQL function raw_apply_rows(uuid,uuid,uuid,jsonb,boolean) line 89 at EXECUTE
	PL/pgSQL function apply_group(uuid,uuid,jsonb) line 64 at assignment
	PL/pgSQL function apply_rows(uuid,uuid,uuid,jsonb,boolean) line 9 at RETURN
2026-10-03 11:24:47.209 PDT [451692] STATEMENT:  SELECT managed.apply_rows('987d08ae-8023-4846-b015-0ea6d27607e4','867088d5-4e5e-430a-9b71-c037c7e33662','3ad988a2-5ee3-4beb-98be-12eb272b619a','[{"fid":"1a4a69bc-9116-42ea-aa9b-8ab0a4ea087e","values":{"name":"München","amount":"1.125"},"geometry":null}]'::jsonb,true)
2026-10-03 11:24:47.211 PDT [451692] ERROR:  new row for relation "d_987d08ae80234846b0150ea6d27607e4" violates check constraint "d_987d08ae80234846b0150ea6d27607e4_geom_check"
2026-10-03 11:24:47.211 PDT [451692] DETAIL:  Failing row contains (987d08ae-8023-4846-b015-0ea6d27607e4, 125d3e16-ad1e-4c3d-b605-47434a51db19, 867088d5-4e5e-430a-9b71-c037c7e33662, 615ceade-bb0d-4825-a4e0-805f83c32be9, 2, ed536ae9-ac22-41b4-bc3f-f4137b7d8793, München, 1.125, 0101000020E6100000000000000000F87F000000000000F87F).
2026-10-03 11:24:47.211 PDT [451692] CONTEXT:  SQL statement "INSERT INTO managed.d_987d08ae80234846b0150ea6d27607e4 (dataset_id,version_group_id,version_id,fid,object_id,feature_revision,name,amount,geom) VALUES ('987d08ae-8023-4846-b015-0ea6d27607e4'::uuid,'125d3e16-ad1e-4c3d-b605-47434a51db19'::uuid,'867088d5-4e5e-430a-9b71-c037c7e33662'::uuid,'615ceade-bb0d-4825-a4e0-805f83c32be9'::uuid,'2'::bigint,gen_random_uuid(),'München'::text,'1.125'::numeric,public.ST_GeomFromEWKT('SRID=4326;POINT EMPTY')) ON CONFLICT(version_id,fid) DO UPDATE SET feature_revision=EXCLUDED.feature_revision,name=EXCLUDED.name,amount=EXCLUDED.amount,geom=EXCLUDED.geom"
	PL/pgSQL function raw_apply_rows(uuid,uuid,uuid,jsonb,boolean) line 89 at EXECUTE
	PL/pgSQL function apply_group(uuid,uuid,jsonb) line 64 at assignment
	PL/pgSQL function apply_rows(uuid,uuid,uuid,jsonb,boolean) line 9 at RETURN
2026-10-03 11:24:47.211 PDT [451692] STATEMENT:  SELECT managed.apply_rows('987d08ae-8023-4846-b015-0ea6d27607e4','867088d5-4e5e-430a-9b71-c037c7e33662','3ad988a2-5ee3-4beb-98be-12eb272b619a','[{"fid":"615ceade-bb0d-4825-a4e0-805f83c32be9","values":{"name":"München","amount":"1.125"},"geometry":"SRID=4326;POINT EMPTY"}]'::jsonb,true)
2026-10-03 11:24:47.212 PDT [451692] ERROR:  new row for relation "d_987d08ae80234846b0150ea6d27607e4" violates check constraint "d_987d08ae80234846b0150ea6d27607e4_geom_check"
2026-10-03 11:24:47.212 PDT [451692] DETAIL:  Failing row contains (987d08ae-8023-4846-b015-0ea6d27607e4, 125d3e16-ad1e-4c3d-b605-47434a51db19, 867088d5-4e5e-430a-9b71-c037c7e33662, ad67f2b2-c980-4525-a418-992412071243, 3, ef47fdfa-900b-4509-9808-c7ffe357e02f, München, 1.125, 0101000020E6100000000000000000F87F0000000000000040).
2026-10-03 11:24:47.212 PDT [451692] CONTEXT:  SQL statement "INSERT INTO managed.d_987d08ae80234846b0150ea6d27607e4 (dataset_id,version_group_id,version_id,fid,object_id,feature_revision,name,amount,geom) VALUES ('987d08ae-8023-4846-b015-0ea6d27607e4'::uuid,'125d3e16-ad1e-4c3d-b605-47434a51db19'::uuid,'867088d5-4e5e-430a-9b71-c037c7e33662'::uuid,'ad67f2b2-c980-4525-a418-992412071243'::uuid,'3'::bigint,gen_random_uuid(),'München'::text,'1.125'::numeric,public.ST_GeomFromEWKT('SRID=4326;POINT(NaN 2)')) ON CONFLICT(version_id,fid) DO UPDATE SET feature_revision=EXCLUDED.feature_revision,name=EXCLUDED.name,amount=EXCLUDED.amount,geom=EXCLUDED.geom"
	PL/pgSQL function raw_apply_rows(uuid,uuid,uuid,jsonb,boolean) line 89 at EXECUTE
	PL/pgSQL function apply_group(uuid,uuid,jsonb) line 64 at assignment
	PL/pgSQL function apply_rows(uuid,uuid,uuid,jsonb,boolean) line 9 at RETURN
2026-10-03 11:24:47.212 PDT [451692] STATEMENT:  SELECT managed.apply_rows('987d08ae-8023-4846-b015-0ea6d27607e4','867088d5-4e5e-430a-9b71-c037c7e33662','3ad988a2-5ee3-4beb-98be-12eb272b619a','[{"fid":"ad67f2b2-c980-4525-a418-992412071243","values":{"name":"München","amount":"1.125"},"geometry":"SRID=4326;POINT(NaN 2)"}]'::jsonb,true)
2026-10-03 11:24:47.213 PDT [451692] ERROR:  parse error - invalid geometry
2026-10-03 11:24:47.213 PDT [451692] HINT:  "SRID=4326;POINT(In" <-- parse error at position 18 within geometry
2026-10-03 11:24:47.213 PDT [451692] CONTEXT:  SQL statement "INSERT INTO managed.d_987d08ae80234846b0150ea6d27607e4 (dataset_id,version_group_id,version_id,fid,object_id,feature_revision,name,amount,geom) VALUES ('987d08ae-8023-4846-b015-0ea6d27607e4'::uuid,'125d3e16-ad1e-4c3d-b605-47434a51db19'::uuid,'867088d5-4e5e-430a-9b71-c037c7e33662'::uuid,'b85d9d09-cb1a-4090-8a8b-fdc620f3559d'::uuid,'4'::bigint,gen_random_uuid(),'München'::text,'1.125'::numeric,public.ST_GeomFromEWKT('SRID=4326;POINT(Infinity 2)')) ON CONFLICT(version_id,fid) DO UPDATE SET feature_revision=EXCLUDED.feature_revision,name=EXCLUDED.name,amount=EXCLUDED.amount,geom=EXCLUDED.geom"
	PL/pgSQL function raw_apply_rows(uuid,uuid,uuid,jsonb,boolean) line 89 at EXECUTE
	PL/pgSQL function apply_group(uuid,uuid,jsonb) line 64 at assignment
	PL/pgSQL function apply_rows(uuid,uuid,uuid,jsonb,boolean) line 9 at RETURN
2026-10-03 11:24:47.213 PDT [451692] STATEMENT:  SELECT managed.apply_rows('987d08ae-8023-4846-b015-0ea6d27607e4','867088d5-4e5e-430a-9b71-c037c7e33662','3ad988a2-5ee3-4beb-98be-12eb272b619a','[{"fid":"b85d9d09-cb1a-4090-8a8b-fdc620f3559d","values":{"name":"München","amount":"1.125"},"geometry":"SRID=4326;POINT(Infinity 2)"}]'::jsonb,true)
2026-10-03 11:24:47.214 PDT [451692] ERROR:  INVALID_GEOMETRY_INPUT
2026-10-03 11:24:47.214 PDT [451692] CONTEXT:  PL/pgSQL function raw_apply_rows(uuid,uuid,uuid,jsonb,boolean) line 84 at RAISE
	PL/pgSQL function apply_group(uuid,uuid,jsonb) line 64 at assignment
	PL/pgSQL function apply_rows(uuid,uuid,uuid,jsonb,boolean) line 9 at RETURN
2026-10-03 11:24:47.214 PDT [451692] STATEMENT:  SELECT managed.apply_rows('987d08ae-8023-4846-b015-0ea6d27607e4','867088d5-4e5e-430a-9b71-c037c7e33662','3ad988a2-5ee3-4beb-98be-12eb272b619a','[{"fid":"ac83c04c-c19d-435d-a03c-6a1f5a872d8e","values":{"name":"München","amount":"1.125"},"geometry":"POINT(1 2)"}]'::jsonb,true)
2026-10-03 11:24:47.352 PDT [451692] ERROR:  new row for relation "d_92e21c7c71454630aafdaa2d172730bb" violates check constraint "d_92e21c7c71454630aafdaa2d172730bb_geom_check"
2026-10-03 11:24:47.352 PDT [451692] DETAIL:  Failing row contains (92e21c7c-7145-4630-aafd-aa2d172730bb, 3d76b899-ae5a-4245-847a-4d891bd9c924, 5584ca78-4bfc-43fd-bbaf-281f160b798d, 3ce46c4d-34e6-4695-9a04-54ab00917740, 1, 8d41332d-2edd-4b94-ade7-c37a7cf4fea3, München, 1.125, 01010000A0E6100000000000000000F03F0000000000000040000000000000F8...).
2026-10-03 11:24:47.352 PDT [451692] CONTEXT:  SQL statement "INSERT INTO managed.d_92e21c7c71454630aafdaa2d172730bb (dataset_id,version_group_id,version_id,fid,object_id,feature_revision,name,amount,geom) VALUES ('92e21c7c-7145-4630-aafd-aa2d172730bb'::uuid,'3d76b899-ae5a-4245-847a-4d891bd9c924'::uuid,'5584ca78-4bfc-43fd-bbaf-281f160b798d'::uuid,'3ce46c4d-34e6-4695-9a04-54ab00917740'::uuid,'1'::bigint,gen_random_uuid(),'München'::text,'1.125'::numeric,public.ST_GeomFromEWKT('SRID=4326;POINT Z(1 2 NaN)')) ON CONFLICT(version_id,fid) DO UPDATE SET feature_revision=EXCLUDED.feature_revision,name=EXCLUDED.name,amount=EXCLUDED.amount,geom=EXCLUDED.geom"
	PL/pgSQL function raw_apply_rows(uuid,uuid,uuid,jsonb,boolean) line 89 at EXECUTE
	PL/pgSQL function apply_group(uuid,uuid,jsonb) line 64 at assignment
	PL/pgSQL function apply_rows(uuid,uuid,uuid,jsonb,boolean) line 9 at RETURN
2026-10-03 11:24:47.352 PDT [451692] STATEMENT:  SELECT managed.apply_rows('92e21c7c-7145-4630-aafd-aa2d172730bb','5584ca78-4bfc-43fd-bbaf-281f160b798d','41ddac54-b8c3-4fc8-a997-f362b4e45597','[{"fid":"3ce46c4d-34e6-4695-9a04-54ab00917740","values":{"name":"München","amount":"1.125"},"geometry":"SRID=4326;POINT Z(1 2 NaN)"}]'::jsonb,true)
2026-10-03 11:24:47.414 PDT [451692] ERROR:  parse error - invalid geometry
2026-10-03 11:24:47.414 PDT [451692] HINT:  "SRID=4326;POINT M(1 2 In" <-- parse error at position 24 within geometry
2026-10-03 11:24:47.414 PDT [451692] CONTEXT:  SQL statement "INSERT INTO managed.d_be01ab16e2a047d19cd96f3115ced8c5 (dataset_id,version_group_id,version_id,fid,object_id,feature_revision,name,amount,geom) VALUES ('be01ab16-e2a0-47d1-9cd9-6f3115ced8c5'::uuid,'2562bc0d-76ea-4af8-b153-d76aa79431f3'::uuid,'97ff0ae6-e7a9-4042-af8b-e51d7a4c4867'::uuid,'e3f520ac-19bf-4f7b-9dcb-d0f3fc0b89a6'::uuid,'1'::bigint,gen_random_uuid(),'München'::text,'1.125'::numeric,public.ST_GeomFromEWKT('SRID=4326;POINT M(1 2 Infinity)')) ON CONFLICT(version_id,fid) DO UPDATE SET feature_revision=EXCLUDED.feature_revision,name=EXCLUDED.name,amount=EXCLUDED.amount,geom=EXCLUDED.geom"
	PL/pgSQL function raw_apply_rows(uuid,uuid,uuid,jsonb,boolean) line 89 at EXECUTE
	PL/pgSQL function apply_group(uuid,uuid,jsonb) line 64 at assignment
	PL/pgSQL function apply_rows(uuid,uuid,uuid,jsonb,boolean) line 9 at RETURN
2026-10-03 11:24:47.414 PDT [451692] STATEMENT:  SELECT managed.apply_rows('be01ab16-e2a0-47d1-9cd9-6f3115ced8c5','97ff0ae6-e7a9-4042-af8b-e51d7a4c4867','30707fff-154b-4956-b3fa-6ee4069e2ec2','[{"fid":"e3f520ac-19bf-4f7b-9dcb-d0f3fc0b89a6","values":{"name":"München","amount":"1.125"},"geometry":"SRID=4326;POINT M(1 2 Infinity)"}]'::jsonb,true)
2026-10-03 11:24:47.475 PDT [451692] ERROR:  new row for relation "d_b7c2e079886a43b397d11e9134cded56" violates check constraint "d_b7c2e079886a43b397d11e9134cded56_geom_check"
2026-10-03 11:24:47.475 PDT [451692] DETAIL:  Failing row contains (b7c2e079-886a-43b3-97d1-1e9134cded56, c2302b93-dd7b-44c8-a566-d65edf6f84dc, a4a7d120-b021-40ff-999b-3738ce9b3c4a, f4f85be7-7595-4a7a-947b-9134386bad70, 1, dcc01e6c-5e56-401f-82e5-abd8d415ecd0, München, 1.125, 01010000E0E6100000000000000000F03F000000000000004000000000000008...).
2026-10-03 11:24:47.475 PDT [451692] CONTEXT:  SQL statement "INSERT INTO managed.d_b7c2e079886a43b397d11e9134cded56 (dataset_id,version_group_id,version_id,fid,object_id,feature_revision,name,amount,geom) VALUES ('b7c2e079-886a-43b3-97d1-1e9134cded56'::uuid,'c2302b93-dd7b-44c8-a566-d65edf6f84dc'::uuid,'a4a7d120-b021-40ff-999b-3738ce9b3c4a'::uuid,'f4f85be7-7595-4a7a-947b-9134386bad70'::uuid,'1'::bigint,gen_random_uuid(),'München'::text,'1.125'::numeric,public.ST_GeomFromEWKT('SRID=4326;POINT ZM(1 2 3 NaN)')) ON CONFLICT(version_id,fid) DO UPDATE SET feature_revision=EXCLUDED.feature_revision,name=EXCLUDED.name,amount=EXCLUDED.amount,geom=EXCLUDED.geom"
	PL/pgSQL function raw_apply_rows(uuid,uuid,uuid,jsonb,boolean) line 89 at EXECUTE
	PL/pgSQL function apply_group(uuid,uuid,jsonb) line 64 at assignment
	PL/pgSQL function apply_rows(uuid,uuid,uuid,jsonb,boolean) line 9 at RETURN
2026-10-03 11:24:47.475 PDT [451692] STATEMENT:  SELECT managed.apply_rows('b7c2e079-886a-43b3-97d1-1e9134cded56','a4a7d120-b021-40ff-999b-3738ce9b3c4a','9bb74b8d-6268-4ec0-8bbd-978bcf55cd56','[{"fid":"f4f85be7-7595-4a7a-947b-9134386bad70","values":{"name":"München","amount":"1.125"},"geometry":"SRID=4326;POINT ZM(1 2 3 NaN)"}]'::jsonb,true)
2026-10-03 11:24:47.535 PDT [451692] ERROR:  new row for relation "d_de18d3886af74db4b00b13de535635f3" violates check constraint "d_de18d3886af74db4b00b13de535635f3_geom_check"
2026-10-03 11:24:47.535 PDT [451692] DETAIL:  Failing row contains (de18d388-6af7-4db4-b00b-13de535635f3, 95cfb379-5cc0-4f47-b4ce-c127954411dd, d95d9254-b4ba-46ec-9f5e-67b46707b579, 7a64daa8-2df3-4c42-9c4a-f7ff0f28f24a, 1, d872e15b-06ed-4f65-b54a-c37a4d0c1df5, München, 1.125, 0103000020E61000000100000005000000000000000000000000000000000000...).
2026-10-03 11:24:47.535 PDT [451692] CONTEXT:  SQL statement "INSERT INTO managed.d_de18d3886af74db4b00b13de535635f3 (dataset_id,version_group_id,version_id,fid,object_id,feature_revision,name,amount,geom) VALUES ('de18d388-6af7-4db4-b00b-13de535635f3'::uuid,'95cfb379-5cc0-4f47-b4ce-c127954411dd'::uuid,'d95d9254-b4ba-46ec-9f5e-67b46707b579'::uuid,'7a64daa8-2df3-4c42-9c4a-f7ff0f28f24a'::uuid,'1'::bigint,gen_random_uuid(),'München'::text,'1.125'::numeric,public.ST_GeomFromEWKT('SRID=4326;POLYGON((0 0,2 2,0 2,2 0,0 0))')) ON CONFLICT(version_id,fid) DO UPDATE SET feature_revision=EXCLUDED.feature_revision,name=EXCLUDED.name,amount=EXCLUDED.amount,geom=EXCLUDED.geom"
	PL/pgSQL function raw_apply_rows(uuid,uuid,uuid,jsonb,boolean) line 89 at EXECUTE
	PL/pgSQL function apply_group(uuid,uuid,jsonb) line 64 at assignment
	PL/pgSQL function apply_rows(uuid,uuid,uuid,jsonb,boolean) line 9 at RETURN
2026-10-03 11:24:47.535 PDT [451692] STATEMENT:  SELECT managed.apply_rows('de18d388-6af7-4db4-b00b-13de535635f3','d95d9254-b4ba-46ec-9f5e-67b46707b579','d15703bf-b469-419d-a4ed-98f8919933cf','[{"fid":"7a64daa8-2df3-4c42-9c4a-f7ff0f28f24a","values":{"name":"München","amount":"1.125"},"geometry":"SRID=4326;POLYGON((0 0,2 2,0 2,2 0,0 0))"}]'::jsonb,true)
2026-10-03 11:24:47.613 PDT [451705] ERROR:  new row for relation "d_15bd0f267b4d4a2ba75696c17b769267" violates check constraint "d_15bd0f267b4d4a2ba75696c17b769267_geom_check"
2026-10-03 11:24:47.613 PDT [451705] DETAIL:  Failing row contains (15bd0f26-7b4d-4a2b-a756-96c17b769267, 82c51295-1b4f-438d-985b-44bd17bffd1c, 91765381-05e8-46ac-9d6f-e2c12d7b1ca2, 149ba8b8-72a3-4910-81af-726753d699d1, 2, d07b968f-3383-4c8f-a1fc-15baa7a22790, München, 1.125, 0101000000000000000000F03F0000000000000040).
2026-10-03 11:24:47.613 PDT [451705] CONTEXT:  SQL statement "INSERT INTO managed.d_15bd0f267b4d4a2ba75696c17b769267 (dataset_id,version_group_id,version_id,fid,object_id,feature_revision,name,amount,geom) VALUES ('15bd0f26-7b4d-4a2b-a756-96c17b769267'::uuid,'82c51295-1b4f-438d-985b-44bd17bffd1c'::uuid,'91765381-05e8-46ac-9d6f-e2c12d7b1ca2'::uuid,'149ba8b8-72a3-4910-81af-726753d699d1'::uuid,'2'::bigint,gen_random_uuid(),'München'::text,'1.125'::numeric,public.ST_GeomFromEWKT('SRID=0;POINT (1 2)')) ON CONFLICT(version_id,fid) DO UPDATE SET feature_revision=EXCLUDED.feature_revision,name=EXCLUDED.name,amount=EXCLUDED.amount,geom=EXCLUDED.geom"
	PL/pgSQL function raw_apply_rows(uuid,uuid,uuid,jsonb,boolean) line 89 at EXECUTE
	PL/pgSQL function apply_group(uuid,uuid,jsonb) line 64 at assignment
	PL/pgSQL function apply_rows(uuid,uuid,uuid,jsonb,boolean) line 9 at RETURN
2026-10-03 11:24:47.613 PDT [451705] STATEMENT:  SELECT managed.apply_rows('15bd0f26-7b4d-4a2b-a756-96c17b769267','91765381-05e8-46ac-9d6f-e2c12d7b1ca2','3be306ed-a0ab-4b41-a221-dce07f53c9b0','[{"fid":"149ba8b8-72a3-4910-81af-726753d699d1","values":{"name":"München","amount":"1.125"},"geometry":"SRID=0;POINT (1 2)"}]'::jsonb,true)
2026-10-03 11:24:47.614 PDT [451705] ERROR:  new row for relation "d_15bd0f267b4d4a2ba75696c17b769267" violates check constraint "d_15bd0f267b4d4a2ba75696c17b769267_geom_check"
2026-10-03 11:24:47.614 PDT [451705] DETAIL:  Failing row contains (15bd0f26-7b4d-4a2b-a756-96c17b769267, 82c51295-1b4f-438d-985b-44bd17bffd1c, 91765381-05e8-46ac-9d6f-e2c12d7b1ca2, a867d588-c158-4550-9f34-317db9b3386d, 3, 23148e34-0e70-46a8-a3f0-b599c082c924, München, 1.125, 0101000020B6080000000000000000F03F0000000000000040).
2026-10-03 11:24:47.614 PDT [451705] CONTEXT:  SQL statement "INSERT INTO managed.d_15bd0f267b4d4a2ba75696c17b769267 (dataset_id,version_group_id,version_id,fid,object_id,feature_revision,name,amount,geom) VALUES ('15bd0f26-7b4d-4a2b-a756-96c17b769267'::uuid,'82c51295-1b4f-438d-985b-44bd17bffd1c'::uuid,'91765381-05e8-46ac-9d6f-e2c12d7b1ca2'::uuid,'a867d588-c158-4550-9f34-317db9b3386d'::uuid,'3'::bigint,gen_random_uuid(),'München'::text,'1.125'::numeric,public.ST_GeomFromEWKT('SRID=2230;POINT (1 2)')) ON CONFLICT(version_id,fid) DO UPDATE SET feature_revision=EXCLUDED.feature_revision,name=EXCLUDED.name,amount=EXCLUDED.amount,geom=EXCLUDED.geom"
	PL/pgSQL function raw_apply_rows(uuid,uuid,uuid,jsonb,boolean) line 89 at EXECUTE
	PL/pgSQL function apply_group(uuid,uuid,jsonb) line 64 at assignment
	PL/pgSQL function apply_rows(uuid,uuid,uuid,jsonb,boolean) line 9 at RETURN
2026-10-03 11:24:47.614 PDT [451705] STATEMENT:  SELECT managed.apply_rows('15bd0f26-7b4d-4a2b-a756-96c17b769267','91765381-05e8-46ac-9d6f-e2c12d7b1ca2','3be306ed-a0ab-4b41-a221-dce07f53c9b0','[{"fid":"a867d588-c158-4550-9f34-317db9b3386d","values":{"name":"München","amount":"1.125"},"geometry":"SRID=2230;POINT (1 2)"}]'::jsonb,true)
2026-10-03 11:24:47.616 PDT [451705] ERROR:  new row for relation "d_15bd0f267b4d4a2ba75696c17b769267" violates check constraint "d_15bd0f267b4d4a2ba75696c17b769267_geom_check"
2026-10-03 11:24:47.616 PDT [451705] DETAIL:  Failing row contains (15bd0f26-7b4d-4a2b-a756-96c17b769267, 82c51295-1b4f-438d-985b-44bd17bffd1c, 91765381-05e8-46ac-9d6f-e2c12d7b1ca2, ef7aebcd-fb5e-4c6c-8931-9baf95749024, 4, ff1edabf-e1c2-467c-a305-f96f15210c89, München, 1.125, 01010000A0E6100000000000000000F03F000000000000004000000000000008...).
2026-10-03 11:24:47.616 PDT [451705] CONTEXT:  SQL statement "INSERT INTO managed.d_15bd0f267b4d4a2ba75696c17b769267 (dataset_id,version_group_id,version_id,fid,object_id,feature_revision,name,amount,geom) VALUES ('15bd0f26-7b4d-4a2b-a756-96c17b769267'::uuid,'82c51295-1b4f-438d-985b-44bd17bffd1c'::uuid,'91765381-05e8-46ac-9d6f-e2c12d7b1ca2'::uuid,'ef7aebcd-fb5e-4c6c-8931-9baf95749024'::uuid,'4'::bigint,gen_random_uuid(),'München'::text,'1.125'::numeric,public.ST_GeomFromEWKT('SRID=4326;POINT Z(1 2 3)')) ON CONFLICT(version_id,fid) DO UPDATE SET feature_revision=EXCLUDED.feature_revision,name=EXCLUDED.name,amount=EXCLUDED.amount,geom=EXCLUDED.geom"
	PL/pgSQL function raw_apply_rows(uuid,uuid,uuid,jsonb,boolean) line 89 at EXECUTE
	PL/pgSQL function apply_group(uuid,uuid,jsonb) line 64 at assignment
	PL/pgSQL function apply_rows(uuid,uuid,uuid,jsonb,boolean) line 9 at RETURN
2026-10-03 11:24:47.616 PDT [451705] STATEMENT:  SELECT managed.apply_rows('15bd0f26-7b4d-4a2b-a756-96c17b769267','91765381-05e8-46ac-9d6f-e2c12d7b1ca2','3be306ed-a0ab-4b41-a221-dce07f53c9b0','[{"fid":"ef7aebcd-fb5e-4c6c-8931-9baf95749024","values":{"name":"München","amount":"1.125"},"geometry":"SRID=4326;POINT Z(1 2 3)"}]'::jsonb,true)
2026-10-03 11:24:47.617 PDT [451705] ERROR:  new row for relation "d_15bd0f267b4d4a2ba75696c17b769267" violates check constraint "d_15bd0f267b4d4a2ba75696c17b769267_geom_check"
2026-10-03 11:24:47.617 PDT [451705] DETAIL:  Failing row contains (15bd0f26-7b4d-4a2b-a756-96c17b769267, 82c51295-1b4f-438d-985b-44bd17bffd1c, 91765381-05e8-46ac-9d6f-e2c12d7b1ca2, 64e772c5-b6cb-40c4-bf9b-baef8e142d4a, 5, ba88995e-70aa-472f-a2d7-f07f6e43633a, München, 1.125, 0104000020E6100000010000000101000000000000000000F03F000000000000...).
2026-10-03 11:24:47.617 PDT [451705] CONTEXT:  SQL statement "INSERT INTO managed.d_15bd0f267b4d4a2ba75696c17b769267 (dataset_id,version_group_id,version_id,fid,object_id,feature_revision,name,amount,geom) VALUES ('15bd0f26-7b4d-4a2b-a756-96c17b769267'::uuid,'82c51295-1b4f-438d-985b-44bd17bffd1c'::uuid,'91765381-05e8-46ac-9d6f-e2c12d7b1ca2'::uuid,'64e772c5-b6cb-40c4-bf9b-baef8e142d4a'::uuid,'5'::bigint,gen_random_uuid(),'München'::text,'1.125'::numeric,public.ST_GeomFromEWKT('SRID=4326;MULTIPOINT ((1 2))')) ON CONFLICT(version_id,fid) DO UPDATE SET feature_revision=EXCLUDED.feature_revision,name=EXCLUDED.name,amount=EXCLUDED.amount,geom=EXCLUDED.geom"
	PL/pgSQL function raw_apply_rows(uuid,uuid,uuid,jsonb,boolean) line 89 at EXECUTE
	PL/pgSQL function apply_group(uuid,uuid,jsonb) line 64 at assignment
	PL/pgSQL function apply_rows(uuid,uuid,uuid,jsonb,boolean) line 9 at RETURN
2026-10-03 11:24:47.617 PDT [451705] STATEMENT:  SELECT managed.apply_rows('15bd0f26-7b4d-4a2b-a756-96c17b769267','91765381-05e8-46ac-9d6f-e2c12d7b1ca2','3be306ed-a0ab-4b41-a221-dce07f53c9b0','[{"fid":"64e772c5-b6cb-40c4-bf9b-baef8e142d4a","values":{"name":"München","amount":"1.125"},"geometry":"SRID=4326;MULTIPOINT ((1 2))"}]'::jsonb,true)
2026-10-03 11:24:47.676 PDT [451705] ERROR:  new row for relation "d_e3edf6a89cde4f6398de4a8847f2ea9a" violates check constraint "d_e3edf6a89cde4f6398de4a8847f2ea9a_geom_check"
2026-10-03 11:24:47.676 PDT [451705] DETAIL:  Failing row contains (e3edf6a8-9cde-4f63-98de-4a8847f2ea9a, 50c63b26-19bc-46fd-99f3-dc2c247ef75a, b3b8b1b6-1116-4f9c-a2e9-3852eff94daa, 413a1671-7476-416f-8fa7-e8f36bcb9bfa, 2, a3d969ae-478e-4b0c-8242-d9e55a64844b, München, 1.125, 0101000080000000000000F03F00000000000000400000000000000840).
2026-10-03 11:24:47.676 PDT [451705] CONTEXT:  SQL statement "INSERT INTO managed.d_e3edf6a89cde4f6398de4a8847f2ea9a (dataset_id,version_group_id,version_id,fid,object_id,feature_revision,name,amount,geom) VALUES ('e3edf6a8-9cde-4f63-98de-4a8847f2ea9a'::uuid,'50c63b26-19bc-46fd-99f3-dc2c247ef75a'::uuid,'b3b8b1b6-1116-4f9c-a2e9-3852eff94daa'::uuid,'413a1671-7476-416f-8fa7-e8f36bcb9bfa'::uuid,'2'::bigint,gen_random_uuid(),'München'::text,'1.125'::numeric,public.ST_GeomFromEWKT('SRID=0;POINT Z(1 2 3)')) ON CONFLICT(version_id,fid) DO UPDATE SET feature_revision=EXCLUDED.feature_revision,name=EXCLUDED.name,amount=EXCLUDED.amount,geom=EXCLUDED.geom"
	PL/pgSQL function raw_apply_rows(uuid,uuid,uuid,jsonb,boolean) line 89 at EXECUTE
	PL/pgSQL function apply_group(uuid,uuid,jsonb) line 64 at assignment
	PL/pgSQL function apply_rows(uuid,uuid,uuid,jsonb,boolean) line 9 at RETURN
2026-10-03 11:24:47.676 PDT [451705] STATEMENT:  SELECT managed.apply_rows('e3edf6a8-9cde-4f63-98de-4a8847f2ea9a','b3b8b1b6-1116-4f9c-a2e9-3852eff94daa','910481c2-c64b-403b-a751-6e4e87fc6a60','[{"fid":"413a1671-7476-416f-8fa7-e8f36bcb9bfa","values":{"name":"München","amount":"1.125"},"geometry":"SRID=0;POINT Z(1 2 3)"}]'::jsonb,true)
2026-10-03 11:24:47.677 PDT [451705] ERROR:  new row for relation "d_e3edf6a89cde4f6398de4a8847f2ea9a" violates check constraint "d_e3edf6a89cde4f6398de4a8847f2ea9a_geom_check"
2026-10-03 11:24:47.677 PDT [451705] DETAIL:  Failing row contains (e3edf6a8-9cde-4f63-98de-4a8847f2ea9a, 50c63b26-19bc-46fd-99f3-dc2c247ef75a, b3b8b1b6-1116-4f9c-a2e9-3852eff94daa, 2445e48a-6b08-4254-abc2-890f29275860, 3, 3abb43c2-f224-4db3-bac2-f8106484784e, München, 1.125, 01010000A0B6080000000000000000F03F000000000000004000000000000008...).
2026-10-03 11:24:47.677 PDT [451705] CONTEXT:  SQL statement "INSERT INTO managed.d_e3edf6a89cde4f6398de4a8847f2ea9a (dataset_id,version_group_id,version_id,fid,object_id,feature_revision,name,amount,geom) VALUES ('e3edf6a8-9cde-4f63-98de-4a8847f2ea9a'::uuid,'50c63b26-19bc-46fd-99f3-dc2c247ef75a'::uuid,'b3b8b1b6-1116-4f9c-a2e9-3852eff94daa'::uuid,'2445e48a-6b08-4254-abc2-890f29275860'::uuid,'3'::bigint,gen_random_uuid(),'München'::text,'1.125'::numeric,public.ST_GeomFromEWKT('SRID=2230;POINT Z(1 2 3)')) ON CONFLICT(version_id,fid) DO UPDATE SET feature_revision=EXCLUDED.feature_revision,name=EXCLUDED.name,amount=EXCLUDED.amount,geom=EXCLUDED.geom"
	PL/pgSQL function raw_apply_rows(uuid,uuid,uuid,jsonb,boolean) line 89 at EXECUTE
	PL/pgSQL function apply_group(uuid,uuid,jsonb) line 64 at assignment
	PL/pgSQL function apply_rows(uuid,uuid,uuid,jsonb,boolean) line 9 at RETURN
2026-10-03 11:24:47.677 PDT [451705] STATEMENT:  SELECT managed.apply_rows('e3edf6a8-9cde-4f63-98de-4a8847f2ea9a','b3b8b1b6-1116-4f9c-a2e9-3852eff94daa','910481c2-c64b-403b-a751-6e4e87fc6a60','[{"fid":"2445e48a-6b08-4254-abc2-890f29275860","values":{"name":"München","amount":"1.125"},"geometry":"SRID=2230;POINT Z(1 2 3)"}]'::jsonb,true)
2026-10-03 11:24:47.678 PDT [451705] ERROR:  new row for relation "d_e3edf6a89cde4f6398de4a8847f2ea9a" violates check constraint "d_e3edf6a89cde4f6398de4a8847f2ea9a_geom_check"
2026-10-03 11:24:47.678 PDT [451705] DETAIL:  Failing row contains (e3edf6a8-9cde-4f63-98de-4a8847f2ea9a, 50c63b26-19bc-46fd-99f3-dc2c247ef75a, b3b8b1b6-1116-4f9c-a2e9-3852eff94daa, 66b85997-e79e-4a67-9e43-bf4f3e2faea0, 4, 0af2eb4e-3aa9-4ea1-a212-195da0fbd056, München, 1.125, 0101000020E6100000000000000000F03F0000000000000040).
2026-10-03 11:24:47.678 PDT [451705] CONTEXT:  SQL statement "INSERT INTO managed.d_e3edf6a89cde4f6398de4a8847f2ea9a (dataset_id,version_group_id,version_id,fid,object_id,feature_revision,name,amount,geom) VALUES ('e3edf6a8-9cde-4f63-98de-4a8847f2ea9a'::uuid,'50c63b26-19bc-46fd-99f3-dc2c247ef75a'::uuid,'b3b8b1b6-1116-4f9c-a2e9-3852eff94daa'::uuid,'66b85997-e79e-4a67-9e43-bf4f3e2faea0'::uuid,'4'::bigint,gen_random_uuid(),'München'::text,'1.125'::numeric,public.ST_GeomFromEWKT('SRID=4326;POINT (1 2)')) ON CONFLICT(version_id,fid) DO UPDATE SET feature_revision=EXCLUDED.feature_revision,name=EXCLUDED.name,amount=EXCLUDED.amount,geom=EXCLUDED.geom"
	PL/pgSQL function raw_apply_rows(uuid,uuid,uuid,jsonb,boolean) line 89 at EXECUTE
	PL/pgSQL function apply_group(uuid,uuid,jsonb) line 64 at assignment
	PL/pgSQL function apply_rows(uuid,uuid,uuid,jsonb,boolean) line 9 at RETURN
2026-10-03 11:24:47.678 PDT [451705] STATEMENT:  SELECT managed.apply_rows('e3edf6a8-9cde-4f63-98de-4a8847f2ea9a','b3b8b1b6-1116-4f9c-a2e9-3852eff94daa','910481c2-c64b-403b-a751-6e4e87fc6a60','[{"fid":"66b85997-e79e-4a67-9e43-bf4f3e2faea0","values":{"name":"München","amount":"1.125"},"geometry":"SRID=4326;POINT (1 2)"}]'::jsonb,true)
2026-10-03 11:24:47.679 PDT [451705] ERROR:  new row for relation "d_e3edf6a89cde4f6398de4a8847f2ea9a" violates check constraint "d_e3edf6a89cde4f6398de4a8847f2ea9a_geom_check"
2026-10-03 11:24:47.679 PDT [451705] DETAIL:  Failing row contains (e3edf6a8-9cde-4f63-98de-4a8847f2ea9a, 50c63b26-19bc-46fd-99f3-dc2c247ef75a, b3b8b1b6-1116-4f9c-a2e9-3852eff94daa, 0d986377-2a3a-4830-b41a-e01aa7884506, 5, 4f25b769-51f6-48ea-b4c6-d9ca0a49e600, München, 1.125, 01040000A0E6100000010000000101000080000000000000F03F000000000000...).
2026-10-03 11:24:47.679 PDT [451705] CONTEXT:  SQL statement "INSERT INTO managed.d_e3edf6a89cde4f6398de4a8847f2ea9a (dataset_id,version_group_id,version_id,fid,object_id,feature_revision,name,amount,geom) VALUES ('e3edf6a8-9cde-4f63-98de-4a8847f2ea9a'::uuid,'50c63b26-19bc-46fd-99f3-dc2c247ef75a'::uuid,'b3b8b1b6-1116-4f9c-a2e9-3852eff94daa'::uuid,'0d986377-2a3a-4830-b41a-e01aa7884506'::uuid,'5'::bigint,gen_random_uuid(),'München'::text,'1.125'::numeric,public.ST_GeomFromEWKT('SRID=4326;MULTIPOINT Z((1 2 3))')) ON CONFLICT(version_id,fid) DO UPDATE SET feature_revision=EXCLUDED.feature_revision,name=EXCLUDED.name,amount=EXCLUDED.amount,geom=EXCLUDED.geom"
	PL/pgSQL function raw_apply_rows(uuid,uuid,uuid,jsonb,boolean) line 89 at EXECUTE
	PL/pgSQL function apply_group(uuid,uuid,jsonb) line 64 at assignment
	PL/pgSQL function apply_rows(uuid,uuid,uuid,jsonb,boolean) line 9 at RETURN
2026-10-03 11:24:47.679 PDT [451705] STATEMENT:  SELECT managed.apply_rows('e3edf6a8-9cde-4f63-98de-4a8847f2ea9a','b3b8b1b6-1116-4f9c-a2e9-3852eff94daa','910481c2-c64b-403b-a751-6e4e87fc6a60','[{"fid":"0d986377-2a3a-4830-b41a-e01aa7884506","values":{"name":"München","amount":"1.125"},"geometry":"SRID=4326;MULTIPOINT Z((1 2 3))"}]'::jsonb,true)
2026-10-03 11:24:47.749 PDT [451705] ERROR:  new row for relation "d_887a71035e6b482cb276e6667395e702" violates check constraint "d_887a71035e6b482cb276e6667395e702_geom_check"
2026-10-03 11:24:47.749 PDT [451705] DETAIL:  Failing row contains (887a7103-5e6b-482c-b276-e6667395e702, ef674dd6-84b9-4e75-9e8d-3cb3591de675, 1c35a619-b032-41db-a777-b9936546a981, 701f2533-e25e-4533-b90e-ee8d0032e3b0, 2, 0ee18867-a3c8-412f-836e-8df35dc08eec, München, 1.125, 0101000040000000000000F03F00000000000000400000000000001040).
2026-10-03 11:24:47.749 PDT [451705] CONTEXT:  SQL statement "INSERT INTO managed.d_887a71035e6b482cb276e6667395e702 (dataset_id,version_group_id,version_id,fid,object_id,feature_revision,name,amount,geom) VALUES ('887a7103-5e6b-482c-b276-e6667395e702'::uuid,'ef674dd6-84b9-4e75-9e8d-3cb3591de675'::uuid,'1c35a619-b032-41db-a777-b9936546a981'::uuid,'701f2533-e25e-4533-b90e-ee8d0032e3b0'::uuid,'2'::bigint,gen_random_uuid(),'München'::text,'1.125'::numeric,public.ST_GeomFromEWKT('SRID=0;POINT M(1 2 4)')) ON CONFLICT(version_id,fid) DO UPDATE SET feature_revision=EXCLUDED.feature_revision,name=EXCLUDED.name,amount=EXCLUDED.amount,geom=EXCLUDED.geom"
	PL/pgSQL function raw_apply_rows(uuid,uuid,uuid,jsonb,boolean) line 89 at EXECUTE
	PL/pgSQL function apply_group(uuid,uuid,jsonb) line 64 at assignment
	PL/pgSQL function apply_rows(uuid,uuid,uuid,jsonb,boolean) line 9 at RETURN
2026-10-03 11:24:47.749 PDT [451705] STATEMENT:  SELECT managed.apply_rows('887a7103-5e6b-482c-b276-e6667395e702','1c35a619-b032-41db-a777-b9936546a981','19def439-b28b-4b6d-ba37-b9e904400b81','[{"fid":"701f2533-e25e-4533-b90e-ee8d0032e3b0","values":{"name":"München","amount":"1.125"},"geometry":"SRID=0;POINT M(1 2 4)"}]'::jsonb,true)
2026-10-03 11:24:47.750 PDT [451705] ERROR:  new row for relation "d_887a71035e6b482cb276e6667395e702" violates check constraint "d_887a71035e6b482cb276e6667395e702_geom_check"
2026-10-03 11:24:47.750 PDT [451705] DETAIL:  Failing row contains (887a7103-5e6b-482c-b276-e6667395e702, ef674dd6-84b9-4e75-9e8d-3cb3591de675, 1c35a619-b032-41db-a777-b9936546a981, 39cd39f4-e933-4fb2-a436-19f523f159df, 3, e2043986-e47d-43ce-8fb4-62b60dc2e76e, München, 1.125, 0101000060B6080000000000000000F03F000000000000004000000000000010...).
2026-10-03 11:24:47.750 PDT [451705] CONTEXT:  SQL statement "INSERT INTO managed.d_887a71035e6b482cb276e6667395e702 (dataset_id,version_group_id,version_id,fid,object_id,feature_revision,name,amount,geom) VALUES ('887a7103-5e6b-482c-b276-e6667395e702'::uuid,'ef674dd6-84b9-4e75-9e8d-3cb3591de675'::uuid,'1c35a619-b032-41db-a777-b9936546a981'::uuid,'39cd39f4-e933-4fb2-a436-19f523f159df'::uuid,'3'::bigint,gen_random_uuid(),'München'::text,'1.125'::numeric,public.ST_GeomFromEWKT('SRID=2230;POINT M(1 2 4)')) ON CONFLICT(version_id,fid) DO UPDATE SET feature_revision=EXCLUDED.feature_revision,name=EXCLUDED.name,amount=EXCLUDED.amount,geom=EXCLUDED.geom"
	PL/pgSQL function raw_apply_rows(uuid,uuid,uuid,jsonb,boolean) line 89 at EXECUTE
	PL/pgSQL function apply_group(uuid,uuid,jsonb) line 64 at assignment
	PL/pgSQL function apply_rows(uuid,uuid,uuid,jsonb,boolean) line 9 at RETURN
2026-10-03 11:24:47.750 PDT [451705] STATEMENT:  SELECT managed.apply_rows('887a7103-5e6b-482c-b276-e6667395e702','1c35a619-b032-41db-a777-b9936546a981','19def439-b28b-4b6d-ba37-b9e904400b81','[{"fid":"39cd39f4-e933-4fb2-a436-19f523f159df","values":{"name":"München","amount":"1.125"},"geometry":"SRID=2230;POINT M(1 2 4)"}]'::jsonb,true)
2026-10-03 11:24:47.751 PDT [451705] ERROR:  new row for relation "d_887a71035e6b482cb276e6667395e702" violates check constraint "d_887a71035e6b482cb276e6667395e702_geom_check"
2026-10-03 11:24:47.751 PDT [451705] DETAIL:  Failing row contains (887a7103-5e6b-482c-b276-e6667395e702, ef674dd6-84b9-4e75-9e8d-3cb3591de675, 1c35a619-b032-41db-a777-b9936546a981, 8263306a-01b3-4811-b32f-955d736ba0f3, 4, e000e27e-65b4-4b3b-ba13-8bf839cf2501, München, 1.125, 0101000020E6100000000000000000F03F0000000000000040).
2026-10-03 11:24:47.751 PDT [451705] CONTEXT:  SQL statement "INSERT INTO managed.d_887a71035e6b482cb276e6667395e702 (dataset_id,version_group_id,version_id,fid,object_id,feature_revision,name,amount,geom) VALUES ('887a7103-5e6b-482c-b276-e6667395e702'::uuid,'ef674dd6-84b9-4e75-9e8d-3cb3591de675'::uuid,'1c35a619-b032-41db-a777-b9936546a981'::uuid,'8263306a-01b3-4811-b32f-955d736ba0f3'::uuid,'4'::bigint,gen_random_uuid(),'München'::text,'1.125'::numeric,public.ST_GeomFromEWKT('SRID=4326;POINT (1 2)')) ON CONFLICT(version_id,fid) DO UPDATE SET feature_revision=EXCLUDED.feature_revision,name=EXCLUDED.name,amount=EXCLUDED.amount,geom=EXCLUDED.geom"
	PL/pgSQL function raw_apply_rows(uuid,uuid,uuid,jsonb,boolean) line 89 at EXECUTE
	PL/pgSQL function apply_group(uuid,uuid,jsonb) line 64 at assignment
	PL/pgSQL function apply_rows(uuid,uuid,uuid,jsonb,boolean) line 9 at RETURN
2026-10-03 11:24:47.751 PDT [451705] STATEMENT:  SELECT managed.apply_rows('887a7103-5e6b-482c-b276-e6667395e702','1c35a619-b032-41db-a777-b9936546a981','19def439-b28b-4b6d-ba37-b9e904400b81','[{"fid":"8263306a-01b3-4811-b32f-955d736ba0f3","values":{"name":"München","amount":"1.125"},"geometry":"SRID=4326;POINT (1 2)"}]'::jsonb,true)
2026-10-03 11:24:47.752 PDT [451705] ERROR:  new row for relation "d_887a71035e6b482cb276e6667395e702" violates check constraint "d_887a71035e6b482cb276e6667395e702_geom_check"
2026-10-03 11:24:47.752 PDT [451705] DETAIL:  Failing row contains (887a7103-5e6b-482c-b276-e6667395e702, ef674dd6-84b9-4e75-9e8d-3cb3591de675, 1c35a619-b032-41db-a777-b9936546a981, a0738038-bb6f-4178-a57b-0a80c3c6f530, 5, 84fe0d64-8d5c-4f0e-b92f-bc7aeccf55c3, München, 1.125, 0104000060E6100000010000000101000040000000000000F03F000000000000...).
2026-10-03 11:24:47.752 PDT [451705] CONTEXT:  SQL statement "INSERT INTO managed.d_887a71035e6b482cb276e6667395e702 (dataset_id,version_group_id,version_id,fid,object_id,feature_revision,name,amount,geom) VALUES ('887a7103-5e6b-482c-b276-e6667395e702'::uuid,'ef674dd6-84b9-4e75-9e8d-3cb3591de675'::uuid,'1c35a619-b032-41db-a777-b9936546a981'::uuid,'a0738038-bb6f-4178-a57b-0a80c3c6f530'::uuid,'5'::bigint,gen_random_uuid(),'München'::text,'1.125'::numeric,public.ST_GeomFromEWKT('SRID=4326;MULTIPOINT M((1 2 4))')) ON CONFLICT(version_id,fid) DO UPDATE SET feature_revision=EXCLUDED.feature_revision,name=EXCLUDED.name,amount=EXCLUDED.amount,geom=EXCLUDED.geom"
	PL/pgSQL function raw_apply_rows(uuid,uuid,uuid,jsonb,boolean) line 89 at EXECUTE
	PL/pgSQL function apply_group(uuid,uuid,jsonb) line 64 at assignment
	PL/pgSQL function apply_rows(uuid,uuid,uuid,jsonb,boolean) line 9 at RETURN
2026-10-03 11:24:47.752 PDT [451705] STATEMENT:  SELECT managed.apply_rows('887a7103-5e6b-482c-b276-e6667395e702','1c35a619-b032-41db-a777-b9936546a981','19def439-b28b-4b6d-ba37-b9e904400b81','[{"fid":"a0738038-bb6f-4178-a57b-0a80c3c6f530","values":{"name":"München","amount":"1.125"},"geometry":"SRID=4326;MULTIPOINT M((1 2 4))"}]'::jsonb,true)
2026-10-03 11:24:47.822 PDT [451705] ERROR:  new row for relation "d_2d849865e7bc42c9a8495fd8557a2d1a" violates check constraint "d_2d849865e7bc42c9a8495fd8557a2d1a_geom_check"
2026-10-03 11:24:47.822 PDT [451705] DETAIL:  Failing row contains (2d849865-e7bc-42c9-a849-5fd8557a2d1a, f19e378b-04e4-47a9-bd55-c2ce1112a7f0, cc83af03-c929-4948-885a-b6ddc8c018f4, 3d85d8eb-63f2-480b-8ed5-4324b75f5df2, 2, 4416ea40-5263-48b0-9df2-aa5494a2b0ea, München, 1.125, 01010000C0000000000000F03F00000000000000400000000000000840000000...).
2026-10-03 11:24:47.822 PDT [451705] CONTEXT:  SQL statement "INSERT INTO managed.d_2d849865e7bc42c9a8495fd8557a2d1a (dataset_id,version_group_id,version_id,fid,object_id,feature_revision,name,amount,geom) VALUES ('2d849865-e7bc-42c9-a849-5fd8557a2d1a'::uuid,'f19e378b-04e4-47a9-bd55-c2ce1112a7f0'::uuid,'cc83af03-c929-4948-885a-b6ddc8c018f4'::uuid,'3d85d8eb-63f2-480b-8ed5-4324b75f5df2'::uuid,'2'::bigint,gen_random_uuid(),'München'::text,'1.125'::numeric,public.ST_GeomFromEWKT('SRID=0;POINT ZM(1 2 3 4)')) ON CONFLICT(version_id,fid) DO UPDATE SET feature_revision=EXCLUDED.feature_revision,name=EXCLUDED.name,amount=EXCLUDED.amount,geom=EXCLUDED.geom"
	PL/pgSQL function raw_apply_rows(uuid,uuid,uuid,jsonb,boolean) line 89 at EXECUTE
	PL/pgSQL function apply_group(uuid,uuid,jsonb) line 64 at assignment
	PL/pgSQL function apply_rows(uuid,uuid,uuid,jsonb,boolean) line 9 at RETURN
2026-10-03 11:24:47.822 PDT [451705] STATEMENT:  SELECT managed.apply_rows('2d849865-e7bc-42c9-a849-5fd8557a2d1a','cc83af03-c929-4948-885a-b6ddc8c018f4','95862ecf-d979-461a-a839-bd6caa874a05','[{"fid":"3d85d8eb-63f2-480b-8ed5-4324b75f5df2","values":{"name":"München","amount":"1.125"},"geometry":"SRID=0;POINT ZM(1 2 3 4)"}]'::jsonb,true)
2026-10-03 11:24:47.823 PDT [451705] ERROR:  new row for relation "d_2d849865e7bc42c9a8495fd8557a2d1a" violates check constraint "d_2d849865e7bc42c9a8495fd8557a2d1a_geom_check"
2026-10-03 11:24:47.823 PDT [451705] DETAIL:  Failing row contains (2d849865-e7bc-42c9-a849-5fd8557a2d1a, f19e378b-04e4-47a9-bd55-c2ce1112a7f0, cc83af03-c929-4948-885a-b6ddc8c018f4, 0b0122ac-0c1b-43af-8076-2aa0aebc1fc2, 3, 7c7e7b4c-e1fe-4ed9-90bd-9d488cbb34d1, München, 1.125, 01010000E0B6080000000000000000F03F000000000000004000000000000008...).
2026-10-03 11:24:47.823 PDT [451705] CONTEXT:  SQL statement "INSERT INTO managed.d_2d849865e7bc42c9a8495fd8557a2d1a (dataset_id,version_group_id,version_id,fid,object_id,feature_revision,name,amount,geom) VALUES ('2d849865-e7bc-42c9-a849-5fd8557a2d1a'::uuid,'f19e378b-04e4-47a9-bd55-c2ce1112a7f0'::uuid,'cc83af03-c929-4948-885a-b6ddc8c018f4'::uuid,'0b0122ac-0c1b-43af-8076-2aa0aebc1fc2'::uuid,'3'::bigint,gen_random_uuid(),'München'::text,'1.125'::numeric,public.ST_GeomFromEWKT('SRID=2230;POINT ZM(1 2 3 4)')) ON CONFLICT(version_id,fid) DO UPDATE SET feature_revision=EXCLUDED.feature_revision,name=EXCLUDED.name,amount=EXCLUDED.amount,geom=EXCLUDED.geom"
	PL/pgSQL function raw_apply_rows(uuid,uuid,uuid,jsonb,boolean) line 89 at EXECUTE
	PL/pgSQL function apply_group(uuid,uuid,jsonb) line 64 at assignment
	PL/pgSQL function apply_rows(uuid,uuid,uuid,jsonb,boolean) line 9 at RETURN
2026-10-03 11:24:47.823 PDT [451705] STATEMENT:  SELECT managed.apply_rows('2d849865-e7bc-42c9-a849-5fd8557a2d1a','cc83af03-c929-4948-885a-b6ddc8c018f4','95862ecf-d979-461a-a839-bd6caa874a05','[{"fid":"0b0122ac-0c1b-43af-8076-2aa0aebc1fc2","values":{"name":"München","amount":"1.125"},"geometry":"SRID=2230;POINT ZM(1 2 3 4)"}]'::jsonb,true)
2026-10-03 11:24:47.824 PDT [451705] ERROR:  new row for relation "d_2d849865e7bc42c9a8495fd8557a2d1a" violates check constraint "d_2d849865e7bc42c9a8495fd8557a2d1a_geom_check"
2026-10-03 11:24:47.824 PDT [451705] DETAIL:  Failing row contains (2d849865-e7bc-42c9-a849-5fd8557a2d1a, f19e378b-04e4-47a9-bd55-c2ce1112a7f0, cc83af03-c929-4948-885a-b6ddc8c018f4, ca5fd1c8-9eec-4089-b442-a50d75820c5e, 4, d8cace9d-fc0b-4550-b016-36f15a466047, München, 1.125, 0101000020E6100000000000000000F03F0000000000000040).
2026-10-03 11:24:47.824 PDT [451705] CONTEXT:  SQL statement "INSERT INTO managed.d_2d849865e7bc42c9a8495fd8557a2d1a (dataset_id,version_group_id,version_id,fid,object_id,feature_revision,name,amount,geom) VALUES ('2d849865-e7bc-42c9-a849-5fd8557a2d1a'::uuid,'f19e378b-04e4-47a9-bd55-c2ce1112a7f0'::uuid,'cc83af03-c929-4948-885a-b6ddc8c018f4'::uuid,'ca5fd1c8-9eec-4089-b442-a50d75820c5e'::uuid,'4'::bigint,gen_random_uuid(),'München'::text,'1.125'::numeric,public.ST_GeomFromEWKT('SRID=4326;POINT (1 2)')) ON CONFLICT(version_id,fid) DO UPDATE SET feature_revision=EXCLUDED.feature_revision,name=EXCLUDED.name,amount=EXCLUDED.amount,geom=EXCLUDED.geom"
	PL/pgSQL function raw_apply_rows(uuid,uuid,uuid,jsonb,boolean) line 89 at EXECUTE
	PL/pgSQL function apply_group(uuid,uuid,jsonb) line 64 at assignment
	PL/pgSQL function apply_rows(uuid,uuid,uuid,jsonb,boolean) line 9 at RETURN
2026-10-03 11:24:47.824 PDT [451705] STATEMENT:  SELECT managed.apply_rows('2d849865-e7bc-42c9-a849-5fd8557a2d1a','cc83af03-c929-4948-885a-b6ddc8c018f4','95862ecf-d979-461a-a839-bd6caa874a05','[{"fid":"ca5fd1c8-9eec-4089-b442-a50d75820c5e","values":{"name":"München","amount":"1.125"},"geometry":"SRID=4326;POINT (1 2)"}]'::jsonb,true)
2026-10-03 11:24:47.825 PDT [451705] ERROR:  new row for relation "d_2d849865e7bc42c9a8495fd8557a2d1a" violates check constraint "d_2d849865e7bc42c9a8495fd8557a2d1a_geom_check"
2026-10-03 11:24:47.825 PDT [451705] DETAIL:  Failing row contains (2d849865-e7bc-42c9-a849-5fd8557a2d1a, f19e378b-04e4-47a9-bd55-c2ce1112a7f0, cc83af03-c929-4948-885a-b6ddc8c018f4, 1843625c-5ead-4f6c-bc8e-44df067d9514, 5, 055c708a-56fd-4d22-8dbb-fb3042e55962, München, 1.125, 01040000E0E61000000100000001010000C0000000000000F03F000000000000...).
2026-10-03 11:24:47.825 PDT [451705] CONTEXT:  SQL statement "INSERT INTO managed.d_2d849865e7bc42c9a8495fd8557a2d1a (dataset_id,version_group_id,version_id,fid,object_id,feature_revision,name,amount,geom) VALUES ('2d849865-e7bc-42c9-a849-5fd8557a2d1a'::uuid,'f19e378b-04e4-47a9-bd55-c2ce1112a7f0'::uuid,'cc83af03-c929-4948-885a-b6ddc8c018f4'::uuid,'1843625c-5ead-4f6c-bc8e-44df067d9514'::uuid,'5'::bigint,gen_random_uuid(),'München'::text,'1.125'::numeric,public.ST_GeomFromEWKT('SRID=4326;MULTIPOINT ZM((1 2 3 4))')) ON CONFLICT(version_id,fid) DO UPDATE SET feature_revision=EXCLUDED.feature_revision,name=EXCLUDED.name,amount=EXCLUDED.amount,geom=EXCLUDED.geom"
	PL/pgSQL function raw_apply_rows(uuid,uuid,uuid,jsonb,boolean) line 89 at EXECUTE
	PL/pgSQL function apply_group(uuid,uuid,jsonb) line 64 at assignment
	PL/pgSQL function apply_rows(uuid,uuid,uuid,jsonb,boolean) line 9 at RETURN
2026-10-03 11:24:47.825 PDT [451705] STATEMENT:  SELECT managed.apply_rows('2d849865-e7bc-42c9-a849-5fd8557a2d1a','cc83af03-c929-4948-885a-b6ddc8c018f4','95862ecf-d979-461a-a839-bd6caa874a05','[{"fid":"1843625c-5ead-4f6c-bc8e-44df067d9514","values":{"name":"München","amount":"1.125"},"geometry":"SRID=4326;MULTIPOINT ZM((1 2 3 4))"}]'::jsonb,true)
2026-10-03 11:24:47.894 PDT [451705] ERROR:  new row for relation "d_236f872a562b41e9be7f9767a5e59312" violates check constraint "d_236f872a562b41e9be7f9767a5e59312_geom_check"
2026-10-03 11:24:47.894 PDT [451705] DETAIL:  Failing row contains (236f872a-562b-41e9-be7f-9767a5e59312, 59389d05-f7fc-4a6e-b563-8d5746d0ea72, 8336c17c-1fa7-44eb-ad6c-cc2bfce1f308, 40fc7191-7371-45a2-9c5c-d0d2d86941ff, 2, 9cc0b083-2f30-4fe0-a11b-aefd7741a4c0, München, 1.125, 0101000000000000000000F03F0000000000000040).
2026-10-03 11:24:47.894 PDT [451705] CONTEXT:  SQL statement "INSERT INTO managed.d_236f872a562b41e9be7f9767a5e59312 (dataset_id,version_group_id,version_id,fid,object_id,feature_revision,name,amount,geom) VALUES ('236f872a-562b-41e9-be7f-9767a5e59312'::uuid,'59389d05-f7fc-4a6e-b563-8d5746d0ea72'::uuid,'8336c17c-1fa7-44eb-ad6c-cc2bfce1f308'::uuid,'40fc7191-7371-45a2-9c5c-d0d2d86941ff'::uuid,'2'::bigint,gen_random_uuid(),'München'::text,'1.125'::numeric,public.ST_GeomFromEWKT('SRID=0;POINT (1 2)')) ON CONFLICT(version_id,fid) DO UPDATE SET feature_revision=EXCLUDED.feature_revision,name=EXCLUDED.name,amount=EXCLUDED.amount,geom=EXCLUDED.geom"
	PL/pgSQL function raw_apply_rows(uuid,uuid,uuid,jsonb,boolean) line 89 at EXECUTE
	PL/pgSQL function apply_group(uuid,uuid,jsonb) line 64 at assignment
	PL/pgSQL function apply_rows(uuid,uuid,uuid,jsonb,boolean) line 9 at RETURN
2026-10-03 11:24:47.894 PDT [451705] STATEMENT:  SELECT managed.apply_rows('236f872a-562b-41e9-be7f-9767a5e59312','8336c17c-1fa7-44eb-ad6c-cc2bfce1f308','1a891eb6-06f1-4298-be8c-42ce1b740a83','[{"fid":"40fc7191-7371-45a2-9c5c-d0d2d86941ff","values":{"name":"München","amount":"1.125"},"geometry":"SRID=0;POINT (1 2)"}]'::jsonb,true)
2026-10-03 11:24:47.895 PDT [451705] ERROR:  new row for relation "d_236f872a562b41e9be7f9767a5e59312" violates check constraint "d_236f872a562b41e9be7f9767a5e59312_geom_check"
2026-10-03 11:24:47.895 PDT [451705] DETAIL:  Failing row contains (236f872a-562b-41e9-be7f-9767a5e59312, 59389d05-f7fc-4a6e-b563-8d5746d0ea72, 8336c17c-1fa7-44eb-ad6c-cc2bfce1f308, 33ab174e-9c5f-470c-8ff8-220ec716b1ae, 3, 20f181ea-d5d6-4479-bca6-171c5bff2e16, München, 1.125, 0101000020E6100000000000000000F03F0000000000000040).
2026-10-03 11:24:47.895 PDT [451705] CONTEXT:  SQL statement "INSERT INTO managed.d_236f872a562b41e9be7f9767a5e59312 (dataset_id,version_group_id,version_id,fid,object_id,feature_revision,name,amount,geom) VALUES ('236f872a-562b-41e9-be7f-9767a5e59312'::uuid,'59389d05-f7fc-4a6e-b563-8d5746d0ea72'::uuid,'8336c17c-1fa7-44eb-ad6c-cc2bfce1f308'::uuid,'33ab174e-9c5f-470c-8ff8-220ec716b1ae'::uuid,'3'::bigint,gen_random_uuid(),'München'::text,'1.125'::numeric,public.ST_GeomFromEWKT('SRID=4326;POINT (1 2)')) ON CONFLICT(version_id,fid) DO UPDATE SET feature_revision=EXCLUDED.feature_revision,name=EXCLUDED.name,amount=EXCLUDED.amount,geom=EXCLUDED.geom"
	PL/pgSQL function raw_apply_rows(uuid,uuid,uuid,jsonb,boolean) line 89 at EXECUTE
	PL/pgSQL function apply_group(uuid,uuid,jsonb) line 64 at assignment
	PL/pgSQL function apply_rows(uuid,uuid,uuid,jsonb,boolean) line 9 at RETURN
2026-10-03 11:24:47.895 PDT [451705] STATEMENT:  SELECT managed.apply_rows('236f872a-562b-41e9-be7f-9767a5e59312','8336c17c-1fa7-44eb-ad6c-cc2bfce1f308','1a891eb6-06f1-4298-be8c-42ce1b740a83','[{"fid":"33ab174e-9c5f-470c-8ff8-220ec716b1ae","values":{"name":"München","amount":"1.125"},"geometry":"SRID=4326;POINT (1 2)"}]'::jsonb,true)
2026-10-03 11:24:47.896 PDT [451705] ERROR:  new row for relation "d_236f872a562b41e9be7f9767a5e59312" violates check constraint "d_236f872a562b41e9be7f9767a5e59312_geom_check"
2026-10-03 11:24:47.896 PDT [451705] DETAIL:  Failing row contains (236f872a-562b-41e9-be7f-9767a5e59312, 59389d05-f7fc-4a6e-b563-8d5746d0ea72, 8336c17c-1fa7-44eb-ad6c-cc2bfce1f308, a43253ec-41b8-4c62-b1d4-1160eb636610, 4, 7f590f7a-fa36-4337-a6df-45fee4b929d9, München, 1.125, 01010000A0B6080000000000000000F03F000000000000004000000000000008...).
2026-10-03 11:24:47.896 PDT [451705] CONTEXT:  SQL statement "INSERT INTO managed.d_236f872a562b41e9be7f9767a5e59312 (dataset_id,version_group_id,version_id,fid,object_id,feature_revision,name,amount,geom) VALUES ('236f872a-562b-41e9-be7f-9767a5e59312'::uuid,'59389d05-f7fc-4a6e-b563-8d5746d0ea72'::uuid,'8336c17c-1fa7-44eb-ad6c-cc2bfce1f308'::uuid,'a43253ec-41b8-4c62-b1d4-1160eb636610'::uuid,'4'::bigint,gen_random_uuid(),'München'::text,'1.125'::numeric,public.ST_GeomFromEWKT('SRID=2230;POINT Z(1 2 3)')) ON CONFLICT(version_id,fid) DO UPDATE SET feature_revision=EXCLUDED.feature_revision,name=EXCLUDED.name,amount=EXCLUDED.amount,geom=EXCLUDED.geom"
	PL/pgSQL function raw_apply_rows(uuid,uuid,uuid,jsonb,boolean) line 89 at EXECUTE
	PL/pgSQL function apply_group(uuid,uuid,jsonb) line 64 at assignment
	PL/pgSQL function apply_rows(uuid,uuid,uuid,jsonb,boolean) line 9 at RETURN
2026-10-03 11:24:47.896 PDT [451705] STATEMENT:  SELECT managed.apply_rows('236f872a-562b-41e9-be7f-9767a5e59312','8336c17c-1fa7-44eb-ad6c-cc2bfce1f308','1a891eb6-06f1-4298-be8c-42ce1b740a83','[{"fid":"a43253ec-41b8-4c62-b1d4-1160eb636610","values":{"name":"München","amount":"1.125"},"geometry":"SRID=2230;POINT Z(1 2 3)"}]'::jsonb,true)
2026-10-03 11:24:47.897 PDT [451705] ERROR:  new row for relation "d_236f872a562b41e9be7f9767a5e59312" violates check constraint "d_236f872a562b41e9be7f9767a5e59312_geom_check"
2026-10-03 11:24:47.897 PDT [451705] DETAIL:  Failing row contains (236f872a-562b-41e9-be7f-9767a5e59312, 59389d05-f7fc-4a6e-b563-8d5746d0ea72, 8336c17c-1fa7-44eb-ad6c-cc2bfce1f308, 685c4b8b-b8df-4dbc-ac66-482678065a3d, 5, 75a4811a-7d8e-46e2-bc3f-b7bb44e573ed, München, 1.125, 0104000020B6080000010000000101000000000000000000F03F000000000000...).
2026-10-03 11:24:47.897 PDT [451705] CONTEXT:  SQL statement "INSERT INTO managed.d_236f872a562b41e9be7f9767a5e59312 (dataset_id,version_group_id,version_id,fid,object_id,feature_revision,name,amount,geom) VALUES ('236f872a-562b-41e9-be7f-9767a5e59312'::uuid,'59389d05-f7fc-4a6e-b563-8d5746d0ea72'::uuid,'8336c17c-1fa7-44eb-ad6c-cc2bfce1f308'::uuid,'685c4b8b-b8df-4dbc-ac66-482678065a3d'::uuid,'5'::bigint,gen_random_uuid(),'München'::text,'1.125'::numeric,public.ST_GeomFromEWKT('SRID=2230;MULTIPOINT ((1 2))')) ON CONFLICT(version_id,fid) DO UPDATE SET feature_revision=EXCLUDED.feature_revision,name=EXCLUDED.name,amount=EXCLUDED.amount,geom=EXCLUDED.geom"
	PL/pgSQL function raw_apply_rows(uuid,uuid,uuid,jsonb,boolean) line 89 at EXECUTE
	PL/pgSQL function apply_group(uuid,uuid,jsonb) line 64 at assignment
	PL/pgSQL function apply_rows(uuid,uuid,uuid,jsonb,boolean) line 9 at RETURN
2026-10-03 11:24:47.897 PDT [451705] STATEMENT:  SELECT managed.apply_rows('236f872a-562b-41e9-be7f-9767a5e59312','8336c17c-1fa7-44eb-ad6c-cc2bfce1f308','1a891eb6-06f1-4298-be8c-42ce1b740a83','[{"fid":"685c4b8b-b8df-4dbc-ac66-482678065a3d","values":{"name":"München","amount":"1.125"},"geometry":"SRID=2230;MULTIPOINT ((1 2))"}]'::jsonb,true)
2026-10-03 11:24:47.967 PDT [451705] ERROR:  new row for relation "d_44206531fc7c476d943be6d44e1c38df" violates check constraint "d_44206531fc7c476d943be6d44e1c38df_geom_check"
2026-10-03 11:24:47.967 PDT [451705] DETAIL:  Failing row contains (44206531-fc7c-476d-943b-e6d44e1c38df, 74a82724-7601-4e7d-a00c-fb470f354347, 283b0bd5-50ca-43f0-b7a9-6e17b89c4414, c347ab9b-d4e6-44fb-94b9-517b15d0e277, 2, 8279cde9-2d86-4352-8743-1a7cac9c3938, München, 1.125, 0101000080000000000000F03F00000000000000400000000000000840).
2026-10-03 11:24:47.967 PDT [451705] CONTEXT:  SQL statement "INSERT INTO managed.d_44206531fc7c476d943be6d44e1c38df (dataset_id,version_group_id,version_id,fid,object_id,feature_revision,name,amount,geom) VALUES ('44206531-fc7c-476d-943b-e6d44e1c38df'::uuid,'74a82724-7601-4e7d-a00c-fb470f354347'::uuid,'283b0bd5-50ca-43f0-b7a9-6e17b89c4414'::uuid,'c347ab9b-d4e6-44fb-94b9-517b15d0e277'::uuid,'2'::bigint,gen_random_uuid(),'München'::text,'1.125'::numeric,public.ST_GeomFromEWKT('SRID=0;POINT Z(1 2 3)')) ON CONFLICT(version_id,fid) DO UPDATE SET feature_revision=EXCLUDED.feature_revision,name=EXCLUDED.name,amount=EXCLUDED.amount,geom=EXCLUDED.geom"
	PL/pgSQL function raw_apply_rows(uuid,uuid,uuid,jsonb,boolean) line 89 at EXECUTE
	PL/pgSQL function apply_group(uuid,uuid,jsonb) line 64 at assignment
	PL/pgSQL function apply_rows(uuid,uuid,uuid,jsonb,boolean) line 9 at RETURN
2026-10-03 11:24:47.967 PDT [451705] STATEMENT:  SELECT managed.apply_rows('44206531-fc7c-476d-943b-e6d44e1c38df','283b0bd5-50ca-43f0-b7a9-6e17b89c4414','f3e30783-56b9-4287-a4fa-fc97c10d61e3','[{"fid":"c347ab9b-d4e6-44fb-94b9-517b15d0e277","values":{"name":"München","amount":"1.125"},"geometry":"SRID=0;POINT Z(1 2 3)"}]'::jsonb,true)
2026-10-03 11:24:47.968 PDT [451705] ERROR:  new row for relation "d_44206531fc7c476d943be6d44e1c38df" violates check constraint "d_44206531fc7c476d943be6d44e1c38df_geom_check"
2026-10-03 11:24:47.968 PDT [451705] DETAIL:  Failing row contains (44206531-fc7c-476d-943b-e6d44e1c38df, 74a82724-7601-4e7d-a00c-fb470f354347, 283b0bd5-50ca-43f0-b7a9-6e17b89c4414, 113f1314-a674-4253-a13f-9c5255777576, 3, 7d407681-b69d-4896-99d5-569e1ac8cfc5, München, 1.125, 01010000A0E6100000000000000000F03F000000000000004000000000000008...).
2026-10-03 11:24:47.968 PDT [451705] CONTEXT:  SQL statement "INSERT INTO managed.d_44206531fc7c476d943be6d44e1c38df (dataset_id,version_group_id,version_id,fid,object_id,feature_revision,name,amount,geom) VALUES ('44206531-fc7c-476d-943b-e6d44e1c38df'::uuid,'74a82724-7601-4e7d-a00c-fb470f354347'::uuid,'283b0bd5-50ca-43f0-b7a9-6e17b89c4414'::uuid,'113f1314-a674-4253-a13f-9c5255777576'::uuid,'3'::bigint,gen_random_uuid(),'München'::text,'1.125'::numeric,public.ST_GeomFromEWKT('SRID=4326;POINT Z(1 2 3)')) ON CONFLICT(version_id,fid) DO UPDATE SET feature_revision=EXCLUDED.feature_revision,name=EXCLUDED.name,amount=EXCLUDED.amount,geom=EXCLUDED.geom"
	PL/pgSQL function raw_apply_rows(uuid,uuid,uuid,jsonb,boolean) line 89 at EXECUTE
	PL/pgSQL function apply_group(uuid,uuid,jsonb) line 64 at assignment
	PL/pgSQL function apply_rows(uuid,uuid,uuid,jsonb,boolean) line 9 at RETURN
2026-10-03 11:24:47.968 PDT [451705] STATEMENT:  SELECT managed.apply_rows('44206531-fc7c-476d-943b-e6d44e1c38df','283b0bd5-50ca-43f0-b7a9-6e17b89c4414','f3e30783-56b9-4287-a4fa-fc97c10d61e3','[{"fid":"113f1314-a674-4253-a13f-9c5255777576","values":{"name":"München","amount":"1.125"},"geometry":"SRID=4326;POINT Z(1 2 3)"}]'::jsonb,true)
2026-10-03 11:24:47.969 PDT [451705] ERROR:  new row for relation "d_44206531fc7c476d943be6d44e1c38df" violates check constraint "d_44206531fc7c476d943be6d44e1c38df_geom_check"
2026-10-03 11:24:47.969 PDT [451705] DETAIL:  Failing row contains (44206531-fc7c-476d-943b-e6d44e1c38df, 74a82724-7601-4e7d-a00c-fb470f354347, 283b0bd5-50ca-43f0-b7a9-6e17b89c4414, c29cecfd-8671-4d11-bd87-6341fea5ffe2, 4, 5afd7de8-bc2f-4717-8c9e-2cfbac12402c, München, 1.125, 0101000020B6080000000000000000F03F0000000000000040).
2026-10-03 11:24:47.969 PDT [451705] CONTEXT:  SQL statement "INSERT INTO managed.d_44206531fc7c476d943be6d44e1c38df (dataset_id,version_group_id,version_id,fid,object_id,feature_revision,name,amount,geom) VALUES ('44206531-fc7c-476d-943b-e6d44e1c38df'::uuid,'74a82724-7601-4e7d-a00c-fb470f354347'::uuid,'283b0bd5-50ca-43f0-b7a9-6e17b89c4414'::uuid,'c29cecfd-8671-4d11-bd87-6341fea5ffe2'::uuid,'4'::bigint,gen_random_uuid(),'München'::text,'1.125'::numeric,public.ST_GeomFromEWKT('SRID=2230;POINT (1 2)')) ON CONFLICT(version_id,fid) DO UPDATE SET feature_revision=EXCLUDED.feature_revision,name=EXCLUDED.name,amount=EXCLUDED.amount,geom=EXCLUDED.geom"
	PL/pgSQL function raw_apply_rows(uuid,uuid,uuid,jsonb,boolean) line 89 at EXECUTE
	PL/pgSQL function apply_group(uuid,uuid,jsonb) line 64 at assignment
	PL/pgSQL function apply_rows(uuid,uuid,uuid,jsonb,boolean) line 9 at RETURN
2026-10-03 11:24:47.969 PDT [451705] STATEMENT:  SELECT managed.apply_rows('44206531-fc7c-476d-943b-e6d44e1c38df','283b0bd5-50ca-43f0-b7a9-6e17b89c4414','f3e30783-56b9-4287-a4fa-fc97c10d61e3','[{"fid":"c29cecfd-8671-4d11-bd87-6341fea5ffe2","values":{"name":"München","amount":"1.125"},"geometry":"SRID=2230;POINT (1 2)"}]'::jsonb,true)
2026-10-03 11:24:47.970 PDT [451705] ERROR:  new row for relation "d_44206531fc7c476d943be6d44e1c38df" violates check constraint "d_44206531fc7c476d943be6d44e1c38df_geom_check"
2026-10-03 11:24:47.970 PDT [451705] DETAIL:  Failing row contains (44206531-fc7c-476d-943b-e6d44e1c38df, 74a82724-7601-4e7d-a00c-fb470f354347, 283b0bd5-50ca-43f0-b7a9-6e17b89c4414, 6728df8e-72ec-4161-8d24-baa521cf7d78, 5, ba2a1874-ff62-4d0e-8b2a-dbfc6dbf6978, München, 1.125, 01040000A0B6080000010000000101000080000000000000F03F000000000000...).
2026-10-03 11:24:47.970 PDT [451705] CONTEXT:  SQL statement "INSERT INTO managed.d_44206531fc7c476d943be6d44e1c38df (dataset_id,version_group_id,version_id,fid,object_id,feature_revision,name,amount,geom) VALUES ('44206531-fc7c-476d-943b-e6d44e1c38df'::uuid,'74a82724-7601-4e7d-a00c-fb470f354347'::uuid,'283b0bd5-50ca-43f0-b7a9-6e17b89c4414'::uuid,'6728df8e-72ec-4161-8d24-baa521cf7d78'::uuid,'5'::bigint,gen_random_uuid(),'München'::text,'1.125'::numeric,public.ST_GeomFromEWKT('SRID=2230;MULTIPOINT Z((1 2 3))')) ON CONFLICT(version_id,fid) DO UPDATE SET feature_revision=EXCLUDED.feature_revision,name=EXCLUDED.name,amount=EXCLUDED.amount,geom=EXCLUDED.geom"
	PL/pgSQL function raw_apply_rows(uuid,uuid,uuid,jsonb,boolean) line 89 at EXECUTE
	PL/pgSQL function apply_group(uuid,uuid,jsonb) line 64 at assignment
	PL/pgSQL function apply_rows(uuid,uuid,uuid,jsonb,boolean) line 9 at RETURN
2026-10-03 11:24:47.970 PDT [451705] STATEMENT:  SELECT managed.apply_rows('44206531-fc7c-476d-943b-e6d44e1c38df','283b0bd5-50ca-43f0-b7a9-6e17b89c4414','f3e30783-56b9-4287-a4fa-fc97c10d61e3','[{"fid":"6728df8e-72ec-4161-8d24-baa521cf7d78","values":{"name":"München","amount":"1.125"},"geometry":"SRID=2230;MULTIPOINT Z((1 2 3))"}]'::jsonb,true)
2026-10-03 11:24:48.041 PDT [451705] ERROR:  new row for relation "d_0f0af078daed4b1d81c1bc0d105d4ec0" violates check constraint "d_0f0af078daed4b1d81c1bc0d105d4ec0_geom_check"
2026-10-03 11:24:48.041 PDT [451705] DETAIL:  Failing row contains (0f0af078-daed-4b1d-81c1-bc0d105d4ec0, 20a7fb7e-192c-42c3-b45b-8c9b56b7875e, caba3d03-a442-485f-b5cc-87a3696b4307, 6d42c1c6-c982-4e1f-9d32-a8648720c87b, 2, ea359398-3489-4cba-924e-7b55119dfbee, München, 1.125, 0101000040000000000000F03F00000000000000400000000000001040).
2026-10-03 11:24:48.041 PDT [451705] CONTEXT:  SQL statement "INSERT INTO managed.d_0f0af078daed4b1d81c1bc0d105d4ec0 (dataset_id,version_group_id,version_id,fid,object_id,feature_revision,name,amount,geom) VALUES ('0f0af078-daed-4b1d-81c1-bc0d105d4ec0'::uuid,'20a7fb7e-192c-42c3-b45b-8c9b56b7875e'::uuid,'caba3d03-a442-485f-b5cc-87a3696b4307'::uuid,'6d42c1c6-c982-4e1f-9d32-a8648720c87b'::uuid,'2'::bigint,gen_random_uuid(),'München'::text,'1.125'::numeric,public.ST_GeomFromEWKT('SRID=0;POINT M(1 2 4)')) ON CONFLICT(version_id,fid) DO UPDATE SET feature_revision=EXCLUDED.feature_revision,name=EXCLUDED.name,amount=EXCLUDED.amount,geom=EXCLUDED.geom"
	PL/pgSQL function raw_apply_rows(uuid,uuid,uuid,jsonb,boolean) line 89 at EXECUTE
	PL/pgSQL function apply_group(uuid,uuid,jsonb) line 64 at assignment
	PL/pgSQL function apply_rows(uuid,uuid,uuid,jsonb,boolean) line 9 at RETURN
2026-10-03 11:24:48.041 PDT [451705] STATEMENT:  SELECT managed.apply_rows('0f0af078-daed-4b1d-81c1-bc0d105d4ec0','caba3d03-a442-485f-b5cc-87a3696b4307','96791a0c-693f-46f3-8787-586960b85385','[{"fid":"6d42c1c6-c982-4e1f-9d32-a8648720c87b","values":{"name":"München","amount":"1.125"},"geometry":"SRID=0;POINT M(1 2 4)"}]'::jsonb,true)
2026-10-03 11:24:48.043 PDT [451705] ERROR:  new row for relation "d_0f0af078daed4b1d81c1bc0d105d4ec0" violates check constraint "d_0f0af078daed4b1d81c1bc0d105d4ec0_geom_check"
2026-10-03 11:24:48.043 PDT [451705] DETAIL:  Failing row contains (0f0af078-daed-4b1d-81c1-bc0d105d4ec0, 20a7fb7e-192c-42c3-b45b-8c9b56b7875e, caba3d03-a442-485f-b5cc-87a3696b4307, ad5d0ab7-b310-4707-a60e-a63fc0599422, 3, c461f5b2-14c6-49a0-a2a3-8a4dedbdcaf5, München, 1.125, 0101000060E6100000000000000000F03F000000000000004000000000000010...).
2026-10-03 11:24:48.043 PDT [451705] CONTEXT:  SQL statement "INSERT INTO managed.d_0f0af078daed4b1d81c1bc0d105d4ec0 (dataset_id,version_group_id,version_id,fid,object_id,feature_revision,name,amount,geom) VALUES ('0f0af078-daed-4b1d-81c1-bc0d105d4ec0'::uuid,'20a7fb7e-192c-42c3-b45b-8c9b56b7875e'::uuid,'caba3d03-a442-485f-b5cc-87a3696b4307'::uuid,'ad5d0ab7-b310-4707-a60e-a63fc0599422'::uuid,'3'::bigint,gen_random_uuid(),'München'::text,'1.125'::numeric,public.ST_GeomFromEWKT('SRID=4326;POINT M(1 2 4)')) ON CONFLICT(version_id,fid) DO UPDATE SET feature_revision=EXCLUDED.feature_revision,name=EXCLUDED.name,amount=EXCLUDED.amount,geom=EXCLUDED.geom"
	PL/pgSQL function raw_apply_rows(uuid,uuid,uuid,jsonb,boolean) line 89 at EXECUTE
	PL/pgSQL function apply_group(uuid,uuid,jsonb) line 64 at assignment
	PL/pgSQL function apply_rows(uuid,uuid,uuid,jsonb,boolean) line 9 at RETURN
2026-10-03 11:24:48.043 PDT [451705] STATEMENT:  SELECT managed.apply_rows('0f0af078-daed-4b1d-81c1-bc0d105d4ec0','caba3d03-a442-485f-b5cc-87a3696b4307','96791a0c-693f-46f3-8787-586960b85385','[{"fid":"ad5d0ab7-b310-4707-a60e-a63fc0599422","values":{"name":"München","amount":"1.125"},"geometry":"SRID=4326;POINT M(1 2 4)"}]'::jsonb,true)
2026-10-03 11:24:48.044 PDT [451705] ERROR:  new row for relation "d_0f0af078daed4b1d81c1bc0d105d4ec0" violates check constraint "d_0f0af078daed4b1d81c1bc0d105d4ec0_geom_check"
2026-10-03 11:24:48.044 PDT [451705] DETAIL:  Failing row contains (0f0af078-daed-4b1d-81c1-bc0d105d4ec0, 20a7fb7e-192c-42c3-b45b-8c9b56b7875e, caba3d03-a442-485f-b5cc-87a3696b4307, e79d6c32-82c4-4f92-a995-e231755e3fd1, 4, d1803d43-1611-47b7-a8d4-4ff3c01592bc, München, 1.125, 0101000020B6080000000000000000F03F0000000000000040).
2026-10-03 11:24:48.044 PDT [451705] CONTEXT:  SQL statement "INSERT INTO managed.d_0f0af078daed4b1d81c1bc0d105d4ec0 (dataset_id,version_group_id,version_id,fid,object_id,feature_revision,name,amount,geom) VALUES ('0f0af078-daed-4b1d-81c1-bc0d105d4ec0'::uuid,'20a7fb7e-192c-42c3-b45b-8c9b56b7875e'::uuid,'caba3d03-a442-485f-b5cc-87a3696b4307'::uuid,'e79d6c32-82c4-4f92-a995-e231755e3fd1'::uuid,'4'::bigint,gen_random_uuid(),'München'::text,'1.125'::numeric,public.ST_GeomFromEWKT('SRID=2230;POINT (1 2)')) ON CONFLICT(version_id,fid) DO UPDATE SET feature_revision=EXCLUDED.feature_revision,name=EXCLUDED.name,amount=EXCLUDED.amount,geom=EXCLUDED.geom"
	PL/pgSQL function raw_apply_rows(uuid,uuid,uuid,jsonb,boolean) line 89 at EXECUTE
	PL/pgSQL function apply_group(uuid,uuid,jsonb) line 64 at assignment
	PL/pgSQL function apply_rows(uuid,uuid,uuid,jsonb,boolean) line 9 at RETURN
2026-10-03 11:24:48.044 PDT [451705] STATEMENT:  SELECT managed.apply_rows('0f0af078-daed-4b1d-81c1-bc0d105d4ec0','caba3d03-a442-485f-b5cc-87a3696b4307','96791a0c-693f-46f3-8787-586960b85385','[{"fid":"e79d6c32-82c4-4f92-a995-e231755e3fd1","values":{"name":"München","amount":"1.125"},"geometry":"SRID=2230;POINT (1 2)"}]'::jsonb,true)
2026-10-03 11:24:48.045 PDT [451705] ERROR:  new row for relation "d_0f0af078daed4b1d81c1bc0d105d4ec0" violates check constraint "d_0f0af078daed4b1d81c1bc0d105d4ec0_geom_check"
2026-10-03 11:24:48.045 PDT [451705] DETAIL:  Failing row contains (0f0af078-daed-4b1d-81c1-bc0d105d4ec0, 20a7fb7e-192c-42c3-b45b-8c9b56b7875e, caba3d03-a442-485f-b5cc-87a3696b4307, 4df71a2e-2c66-477b-bd9c-454c72498399, 5, 57bc2c35-c230-4e7b-addc-d3f7f0ab7d66, München, 1.125, 0104000060B6080000010000000101000040000000000000F03F000000000000...).
2026-10-03 11:24:48.045 PDT [451705] CONTEXT:  SQL statement "INSERT INTO managed.d_0f0af078daed4b1d81c1bc0d105d4ec0 (dataset_id,version_group_id,version_id,fid,object_id,feature_revision,name,amount,geom) VALUES ('0f0af078-daed-4b1d-81c1-bc0d105d4ec0'::uuid,'20a7fb7e-192c-42c3-b45b-8c9b56b7875e'::uuid,'caba3d03-a442-485f-b5cc-87a3696b4307'::uuid,'4df71a2e-2c66-477b-bd9c-454c72498399'::uuid,'5'::bigint,gen_random_uuid(),'München'::text,'1.125'::numeric,public.ST_GeomFromEWKT('SRID=2230;MULTIPOINT M((1 2 4))')) ON CONFLICT(version_id,fid) DO UPDATE SET feature_revision=EXCLUDED.feature_revision,name=EXCLUDED.name,amount=EXCLUDED.amount,geom=EXCLUDED.geom"
	PL/pgSQL function raw_apply_rows(uuid,uuid,uuid,jsonb,boolean) line 89 at EXECUTE
	PL/pgSQL function apply_group(uuid,uuid,jsonb) line 64 at assignment
	PL/pgSQL function apply_rows(uuid,uuid,uuid,jsonb,boolean) line 9 at RETURN
2026-10-03 11:24:48.045 PDT [451705] STATEMENT:  SELECT managed.apply_rows('0f0af078-daed-4b1d-81c1-bc0d105d4ec0','caba3d03-a442-485f-b5cc-87a3696b4307','96791a0c-693f-46f3-8787-586960b85385','[{"fid":"4df71a2e-2c66-477b-bd9c-454c72498399","values":{"name":"München","amount":"1.125"},"geometry":"SRID=2230;MULTIPOINT M((1 2 4))"}]'::jsonb,true)
2026-10-03 11:24:48.120 PDT [451705] ERROR:  new row for relation "d_664e094b56744798adaae04322c39652" violates check constraint "d_664e094b56744798adaae04322c39652_geom_check"
2026-10-03 11:24:48.120 PDT [451705] DETAIL:  Failing row contains (664e094b-5674-4798-adaa-e04322c39652, 1526f032-f29f-49e6-ad16-3893d1ed3ee1, 9d20e9fb-45da-4c1d-945b-6177231c836f, 8bc20c20-3932-4b7e-933b-9a4cacaba7c9, 2, f96e8109-cf5d-4bbb-979c-28bd21dab067, München, 1.125, 01010000C0000000000000F03F00000000000000400000000000000840000000...).
2026-10-03 11:24:48.120 PDT [451705] CONTEXT:  SQL statement "INSERT INTO managed.d_664e094b56744798adaae04322c39652 (dataset_id,version_group_id,version_id,fid,object_id,feature_revision,name,amount,geom) VALUES ('664e094b-5674-4798-adaa-e04322c39652'::uuid,'1526f032-f29f-49e6-ad16-3893d1ed3ee1'::uuid,'9d20e9fb-45da-4c1d-945b-6177231c836f'::uuid,'8bc20c20-3932-4b7e-933b-9a4cacaba7c9'::uuid,'2'::bigint,gen_random_uuid(),'München'::text,'1.125'::numeric,public.ST_GeomFromEWKT('SRID=0;POINT ZM(1 2 3 4)')) ON CONFLICT(version_id,fid) DO UPDATE SET feature_revision=EXCLUDED.feature_revision,name=EXCLUDED.name,amount=EXCLUDED.amount,geom=EXCLUDED.geom"
	PL/pgSQL function raw_apply_rows(uuid,uuid,uuid,jsonb,boolean) line 89 at EXECUTE
	PL/pgSQL function apply_group(uuid,uuid,jsonb) line 64 at assignment
	PL/pgSQL function apply_rows(uuid,uuid,uuid,jsonb,boolean) line 9 at RETURN
2026-10-03 11:24:48.120 PDT [451705] STATEMENT:  SELECT managed.apply_rows('664e094b-5674-4798-adaa-e04322c39652','9d20e9fb-45da-4c1d-945b-6177231c836f','80cfcd2c-2b8b-456e-9546-62dfab416818','[{"fid":"8bc20c20-3932-4b7e-933b-9a4cacaba7c9","values":{"name":"München","amount":"1.125"},"geometry":"SRID=0;POINT ZM(1 2 3 4)"}]'::jsonb,true)
2026-10-03 11:24:48.121 PDT [451705] ERROR:  new row for relation "d_664e094b56744798adaae04322c39652" violates check constraint "d_664e094b56744798adaae04322c39652_geom_check"
2026-10-03 11:24:48.121 PDT [451705] DETAIL:  Failing row contains (664e094b-5674-4798-adaa-e04322c39652, 1526f032-f29f-49e6-ad16-3893d1ed3ee1, 9d20e9fb-45da-4c1d-945b-6177231c836f, 1408199e-e21f-4b64-a2f3-bc54c0b90a78, 3, aafb0f64-6974-4243-9b98-1f4eeef8a331, München, 1.125, 01010000E0E6100000000000000000F03F000000000000004000000000000008...).
2026-10-03 11:24:48.121 PDT [451705] CONTEXT:  SQL statement "INSERT INTO managed.d_664e094b56744798adaae04322c39652 (dataset_id,version_group_id,version_id,fid,object_id,feature_revision,name,amount,geom) VALUES ('664e094b-5674-4798-adaa-e04322c39652'::uuid,'1526f032-f29f-49e6-ad16-3893d1ed3ee1'::uuid,'9d20e9fb-45da-4c1d-945b-6177231c836f'::uuid,'1408199e-e21f-4b64-a2f3-bc54c0b90a78'::uuid,'3'::bigint,gen_random_uuid(),'München'::text,'1.125'::numeric,public.ST_GeomFromEWKT('SRID=4326;POINT ZM(1 2 3 4)')) ON CONFLICT(version_id,fid) DO UPDATE SET feature_revision=EXCLUDED.feature_revision,name=EXCLUDED.name,amount=EXCLUDED.amount,geom=EXCLUDED.geom"
	PL/pgSQL function raw_apply_rows(uuid,uuid,uuid,jsonb,boolean) line 89 at EXECUTE
	PL/pgSQL function apply_group(uuid,uuid,jsonb) line 64 at assignment
	PL/pgSQL function apply_rows(uuid,uuid,uuid,jsonb,boolean) line 9 at RETURN
2026-10-03 11:24:48.121 PDT [451705] STATEMENT:  SELECT managed.apply_rows('664e094b-5674-4798-adaa-e04322c39652','9d20e9fb-45da-4c1d-945b-6177231c836f','80cfcd2c-2b8b-456e-9546-62dfab416818','[{"fid":"1408199e-e21f-4b64-a2f3-bc54c0b90a78","values":{"name":"München","amount":"1.125"},"geometry":"SRID=4326;POINT ZM(1 2 3 4)"}]'::jsonb,true)
2026-10-03 11:24:48.122 PDT [451705] ERROR:  new row for relation "d_664e094b56744798adaae04322c39652" violates check constraint "d_664e094b56744798adaae04322c39652_geom_check"
2026-10-03 11:24:48.122 PDT [451705] DETAIL:  Failing row contains (664e094b-5674-4798-adaa-e04322c39652, 1526f032-f29f-49e6-ad16-3893d1ed3ee1, 9d20e9fb-45da-4c1d-945b-6177231c836f, c051183f-9649-4d12-806f-18fb882a1f8c, 4, 7751c0e9-6d9c-486d-9a42-54c082802f9a, München, 1.125, 0101000020B6080000000000000000F03F0000000000000040).
2026-10-03 11:24:48.122 PDT [451705] CONTEXT:  SQL statement "INSERT INTO managed.d_664e094b56744798adaae04322c39652 (dataset_id,version_group_id,version_id,fid,object_id,feature_revision,name,amount,geom) VALUES ('664e094b-5674-4798-adaa-e04322c39652'::uuid,'1526f032-f29f-49e6-ad16-3893d1ed3ee1'::uuid,'9d20e9fb-45da-4c1d-945b-6177231c836f'::uuid,'c051183f-9649-4d12-806f-18fb882a1f8c'::uuid,'4'::bigint,gen_random_uuid(),'München'::text,'1.125'::numeric,public.ST_GeomFromEWKT('SRID=2230;POINT (1 2)')) ON CONFLICT(version_id,fid) DO UPDATE SET feature_revision=EXCLUDED.feature_revision,name=EXCLUDED.name,amount=EXCLUDED.amount,geom=EXCLUDED.geom"
	PL/pgSQL function raw_apply_rows(uuid,uuid,uuid,jsonb,boolean) line 89 at EXECUTE
	PL/pgSQL function apply_group(uuid,uuid,jsonb) line 64 at assignment
	PL/pgSQL function apply_rows(uuid,uuid,uuid,jsonb,boolean) line 9 at RETURN
2026-10-03 11:24:48.122 PDT [451705] STATEMENT:  SELECT managed.apply_rows('664e094b-5674-4798-adaa-e04322c39652','9d20e9fb-45da-4c1d-945b-6177231c836f','80cfcd2c-2b8b-456e-9546-62dfab416818','[{"fid":"c051183f-9649-4d12-806f-18fb882a1f8c","values":{"name":"München","amount":"1.125"},"geometry":"SRID=2230;POINT (1 2)"}]'::jsonb,true)
2026-10-03 11:24:48.123 PDT [451705] ERROR:  new row for relation "d_664e094b56744798adaae04322c39652" violates check constraint "d_664e094b56744798adaae04322c39652_geom_check"
2026-10-03 11:24:48.123 PDT [451705] DETAIL:  Failing row contains (664e094b-5674-4798-adaa-e04322c39652, 1526f032-f29f-49e6-ad16-3893d1ed3ee1, 9d20e9fb-45da-4c1d-945b-6177231c836f, 9e45f9ef-869b-4e31-bd18-245bb3ca69f4, 5, b95aa7e7-4668-43fd-8a4f-31e3a1d5d421, München, 1.125, 01040000E0B60800000100000001010000C0000000000000F03F000000000000...).
2026-10-03 11:24:48.123 PDT [451705] CONTEXT:  SQL statement "INSERT INTO managed.d_664e094b56744798adaae04322c39652 (dataset_id,version_group_id,version_id,fid,object_id,feature_revision,name,amount,geom) VALUES ('664e094b-5674-4798-adaa-e04322c39652'::uuid,'1526f032-f29f-49e6-ad16-3893d1ed3ee1'::uuid,'9d20e9fb-45da-4c1d-945b-6177231c836f'::uuid,'9e45f9ef-869b-4e31-bd18-245bb3ca69f4'::uuid,'5'::bigint,gen_random_uuid(),'München'::text,'1.125'::numeric,public.ST_GeomFromEWKT('SRID=2230;MULTIPOINT ZM((1 2 3 4))')) ON CONFLICT(version_id,fid) DO UPDATE SET feature_revision=EXCLUDED.feature_revision,name=EXCLUDED.name,amount=EXCLUDED.amount,geom=EXCLUDED.geom"
	PL/pgSQL function raw_apply_rows(uuid,uuid,uuid,jsonb,boolean) line 89 at EXECUTE
	PL/pgSQL function apply_group(uuid,uuid,jsonb) line 64 at assignment
	PL/pgSQL function apply_rows(uuid,uuid,uuid,jsonb,boolean) line 9 at RETURN
2026-10-03 11:24:48.123 PDT [451705] STATEMENT:  SELECT managed.apply_rows('664e094b-5674-4798-adaa-e04322c39652','9d20e9fb-45da-4c1d-945b-6177231c836f','80cfcd2c-2b8b-456e-9546-62dfab416818','[{"fid":"9e45f9ef-869b-4e31-bd18-245bb3ca69f4","values":{"name":"München","amount":"1.125"},"geometry":"SRID=2230;MULTIPOINT ZM((1 2 3 4))"}]'::jsonb,true)
2026-10-03 11:24:48.271 PDT [451741] ERROR:  INVALID_FEATURE_ROW
2026-10-03 11:24:48.271 PDT [451741] CONTEXT:  PL/pgSQL function apply_group(uuid,uuid,jsonb) line 35 at RAISE
	PL/pgSQL function apply_rows(uuid,uuid,uuid,jsonb,boolean) line 9 at RETURN
2026-10-03 11:24:48.271 PDT [451741] STATEMENT:  SELECT managed.apply_rows('2270695e-9d44-4bf4-9479-da145d93d38f','9149d14d-7b4d-4311-9ae4-4702fc19601b','e7d5a4d5-b791-424a-ae26-5db7f61a4026','[{"values":{"name":"München","amount":"1.125"},"geometry":"SRID=4326;POINT(1 2)"}]'::jsonb,true)
2026-10-03 11:24:48.272 PDT [451741] ERROR:  DUPLICATE_FEATURE_UUID
2026-10-03 11:24:48.272 PDT [451741] CONTEXT:  PL/pgSQL function raw_apply_rows(uuid,uuid,uuid,jsonb,boolean) line 35 at RAISE
	PL/pgSQL function apply_group(uuid,uuid,jsonb) line 64 at assignment
	PL/pgSQL function apply_rows(uuid,uuid,uuid,jsonb,boolean) line 9 at RETURN
2026-10-03 11:24:48.272 PDT [451741] STATEMENT:  SELECT managed.apply_rows('2270695e-9d44-4bf4-9479-da145d93d38f','9149d14d-7b4d-4311-9ae4-4702fc19601b','e7d5a4d5-b791-424a-ae26-5db7f61a4026','[{"fid":"f468963c-410e-44d7-bd61-1943a2c2fe45","values":{"name":"München","amount":"1.125"},"geometry":"SRID=4326;POINT(1 2)"},{"fid":"f468963c-410e-44d7-bd61-1943a2c2fe45","values":{"name":"München","amount":"1.125"},"geometry":"SRID=4326;POINT(1 2)"}]'::jsonb,true)
2026-10-03 11:24:48.351 PDT [451746] ERROR:  new row for relation "d_ebe4d4f7d3c94b569656115f7b5a8500" violates check constraint "d_ebe4d4f7d3c94b569656115f7b5a8500_name_check"
2026-10-03 11:24:48.351 PDT [451746] DETAIL:  Failing row contains (ebe4d4f7-d3c9-4b56-9656-115f7b5a8500, 146beb8c-fce0-4fbe-9097-cd8290537548, 5eb22020-e976-4569-a86f-319df59fa359, d4d0dc64-72f8-4e98-880c-a3c9c5dd8665, 3, f1b94a56-7356-4597-804a-384bc8c3e4e8, 123456789, 1.125, 0101000020E6100000000000000000F03F0000000000000040).
2026-10-03 11:24:48.351 PDT [451746] CONTEXT:  SQL statement "INSERT INTO managed.d_ebe4d4f7d3c94b569656115f7b5a8500 (dataset_id,version_group_id,version_id,fid,object_id,feature_revision,name,amount,geom) VALUES ('ebe4d4f7-d3c9-4b56-9656-115f7b5a8500'::uuid,'146beb8c-fce0-4fbe-9097-cd8290537548'::uuid,'5eb22020-e976-4569-a86f-319df59fa359'::uuid,'d4d0dc64-72f8-4e98-880c-a3c9c5dd8665'::uuid,'3'::bigint,gen_random_uuid(),'123456789'::text,'1.125'::numeric,public.ST_GeomFromEWKT('SRID=4326;POINT(1 2)')) ON CONFLICT(version_id,fid) DO UPDATE SET feature_revision=EXCLUDED.feature_revision,name=EXCLUDED.name,amount=EXCLUDED.amount,geom=EXCLUDED.geom"
	PL/pgSQL function raw_apply_rows(uuid,uuid,uuid,jsonb,boolean) line 89 at EXECUTE
	PL/pgSQL function apply_group(uuid,uuid,jsonb) line 64 at assignment
	PL/pgSQL function apply_rows(uuid,uuid,uuid,jsonb,boolean) line 9 at RETURN
2026-10-03 11:24:48.351 PDT [451746] STATEMENT:  SELECT managed.apply_rows('ebe4d4f7-d3c9-4b56-9656-115f7b5a8500','5eb22020-e976-4569-a86f-319df59fa359','dc3b8aec-7d2f-4cea-8ee9-705e9974a659','[{"fid":"4a4caefa-b806-4e33-b0f7-33d2ec5b7137","values":{"name":"München","amount":"1.125"},"geometry":"SRID=4326;POINT(1 2)"},{"fid":"d4d0dc64-72f8-4e98-880c-a3c9c5dd8665","values":{"name":"123456789","amount":"1.125"},"geometry":"SRID=4326;POINT(1 2)"}]'::jsonb,true)
2026-10-03 11:24:48.353 PDT [451746] ERROR:  new row for relation "d_ebe4d4f7d3c94b569656115f7b5a8500" violates check constraint "d_ebe4d4f7d3c94b569656115f7b5a8500_amount_check"
2026-10-03 11:24:48.353 PDT [451746] DETAIL:  Failing row contains (ebe4d4f7-d3c9-4b56-9656-115f7b5a8500, 146beb8c-fce0-4fbe-9097-cd8290537548, 5eb22020-e976-4569-a86f-319df59fa359, 6a01fcc2-112c-4778-8faa-2ab4db404f90, 4, 9ae5de6e-bbec-40e1-8ce0-0982fed45982, abc, 1.1254, 0101000020E6100000000000000000F03F0000000000000040).
2026-10-03 11:24:48.353 PDT [451746] CONTEXT:  SQL statement "INSERT INTO managed.d_ebe4d4f7d3c94b569656115f7b5a8500 (dataset_id,version_group_id,version_id,fid,object_id,feature_revision,name,amount,geom) VALUES ('ebe4d4f7-d3c9-4b56-9656-115f7b5a8500'::uuid,'146beb8c-fce0-4fbe-9097-cd8290537548'::uuid,'5eb22020-e976-4569-a86f-319df59fa359'::uuid,'6a01fcc2-112c-4778-8faa-2ab4db404f90'::uuid,'4'::bigint,gen_random_uuid(),'abc'::text,'1.1254'::numeric,public.ST_GeomFromEWKT('SRID=4326;POINT(1 2)')) ON CONFLICT(version_id,fid) DO UPDATE SET feature_revision=EXCLUDED.feature_revision,name=EXCLUDED.name,amount=EXCLUDED.amount,geom=EXCLUDED.geom"
	PL/pgSQL function raw_apply_rows(uuid,uuid,uuid,jsonb,boolean) line 89 at EXECUTE
	PL/pgSQL function apply_group(uuid,uuid,jsonb) line 64 at assignment
	PL/pgSQL function apply_rows(uuid,uuid,uuid,jsonb,boolean) line 9 at RETURN
2026-10-03 11:24:48.353 PDT [451746] STATEMENT:  SELECT managed.apply_rows('ebe4d4f7-d3c9-4b56-9656-115f7b5a8500','5eb22020-e976-4569-a86f-319df59fa359','dc3b8aec-7d2f-4cea-8ee9-705e9974a659','[{"fid":"6a01fcc2-112c-4778-8faa-2ab4db404f90","values":{"name":"abc","amount":"1.1254"},"geometry":"SRID=4326;POINT(1 2)"}]'::jsonb,true)
2026-10-03 11:24:48.354 PDT [451746] ERROR:  new row for relation "d_ebe4d4f7d3c94b569656115f7b5a8500" violates check constraint "d_ebe4d4f7d3c94b569656115f7b5a8500_amount_check"
2026-10-03 11:24:48.354 PDT [451746] DETAIL:  Failing row contains (ebe4d4f7-d3c9-4b56-9656-115f7b5a8500, 146beb8c-fce0-4fbe-9097-cd8290537548, 5eb22020-e976-4569-a86f-319df59fa359, 63250f96-a721-4489-8100-f301d8d83464, 5, 44e808d1-bb9b-4cab-bd3f-d11f03b70bcc, abc, 1000000000, 0101000020E6100000000000000000F03F0000000000000040).
2026-10-03 11:24:48.354 PDT [451746] CONTEXT:  SQL statement "INSERT INTO managed.d_ebe4d4f7d3c94b569656115f7b5a8500 (dataset_id,version_group_id,version_id,fid,object_id,feature_revision,name,amount,geom) VALUES ('ebe4d4f7-d3c9-4b56-9656-115f7b5a8500'::uuid,'146beb8c-fce0-4fbe-9097-cd8290537548'::uuid,'5eb22020-e976-4569-a86f-319df59fa359'::uuid,'63250f96-a721-4489-8100-f301d8d83464'::uuid,'5'::bigint,gen_random_uuid(),'abc'::text,'1000000000'::numeric,public.ST_GeomFromEWKT('SRID=4326;POINT(1 2)')) ON CONFLICT(version_id,fid) DO UPDATE SET feature_revision=EXCLUDED.feature_revision,name=EXCLUDED.name,amount=EXCLUDED.amount,geom=EXCLUDED.geom"
	PL/pgSQL function raw_apply_rows(uuid,uuid,uuid,jsonb,boolean) line 89 at EXECUTE
	PL/pgSQL function apply_group(uuid,uuid,jsonb) line 64 at assignment
	PL/pgSQL function apply_rows(uuid,uuid,uuid,jsonb,boolean) line 9 at RETURN
2026-10-03 11:24:48.354 PDT [451746] STATEMENT:  SELECT managed.apply_rows('ebe4d4f7-d3c9-4b56-9656-115f7b5a8500','5eb22020-e976-4569-a86f-319df59fa359','dc3b8aec-7d2f-4cea-8ee9-705e9974a659','[{"fid":"63250f96-a721-4489-8100-f301d8d83464","values":{"name":"abc","amount":"1000000000"},"geometry":"SRID=4326;POINT(1 2)"}]'::jsonb,true)
2026-10-03 11:24:48.423 PDT [451750] ERROR:  division by zero
2026-10-03 11:24:48.423 PDT [451750] STATEMENT:  CREATE TABLE managed.partial_migration(x int); SELECT 1/0;
2026-10-03 11:24:48.545 PDT [451753] ERROR:  permission denied for schema managed at character 8
2026-10-03 11:24:48.545 PDT [451753] STATEMENT:  SELECT managed.apply_rows('c1dc6e9a-8546-4bc0-8811-bc2d6e7a8f72','ce3c4d85-3013-4bb8-8ef9-dfe3e355ba9a','f8c3e5a3-abf7-4f94-bbd7-53167e804f60','[{"fid":"ff76734d-89d4-4fc2-8de5-daed055aa085","values":{"name":"München","amount":"1.125"},"geometry":"SRID=4326;POINT(1 2)"}]'::jsonb,false)
2026-10-03 11:24:48.545 PDT [451753] ERROR:  permission denied for schema managed at character 13
2026-10-03 11:24:48.545 PDT [451753] STATEMENT:  DELETE FROM managed."d_c1dc6e9a85464bc08811bc2d6e7a8f72"
2026-10-03 11:24:48.545 PDT [451753] ERROR:  permission denied for schema managed
2026-10-03 11:24:48.545 PDT [451753] STATEMENT:  TRUNCATE managed."d_c1dc6e9a85464bc08811bc2d6e7a8f72"
2026-10-03 11:24:48.546 PDT [451753] ERROR:  permission denied for schema managed at character 8
2026-10-03 11:24:48.546 PDT [451753] STATEMENT:  UPDATE managed.feature_identity SET object_id=42
2026-10-03 11:24:48.546 PDT [451753] ERROR:  permission denied for schema managed at character 13
2026-10-03 11:24:48.546 PDT [451753] STATEMENT:  DELETE FROM managed.dataset
2026-10-03 11:24:48.546 PDT [451753] ERROR:  permission denied for schema managed at character 14
2026-10-03 11:24:48.546 PDT [451753] STATEMENT:  CREATE TABLE managed.bypass(x int)
2026-10-03 11:24:48.546 PDT [451753] ERROR:  permission denied for schema managed at character 15
2026-10-03 11:24:48.546 PDT [451753] STATEMENT:  SELECT setval('managed.oid_c1dc6e9a85464bc08811bc2d6e7a8f72',1)
2026-10-03 11:24:48.548 PDT [451754] ERROR:  permission denied for function apply_rows
2026-10-03 11:24:48.548 PDT [451754] STATEMENT:  SELECT managed.apply_rows('c1dc6e9a-8546-4bc0-8811-bc2d6e7a8f72','ce3c4d85-3013-4bb8-8ef9-dfe3e355ba9a','f8c3e5a3-abf7-4f94-bbd7-53167e804f60','[{"fid":"1a6ab0de-8cee-4df3-87e7-5fabffac7f4a","values":{"name":"München","amount":"1.125"},"geometry":"SRID=4326;POINT(1 2)"}]'::jsonb,false)
2026-10-03 11:24:48.549 PDT [451754] ERROR:  permission denied for table d_c1dc6e9a85464bc08811bc2d6e7a8f72
2026-10-03 11:24:48.549 PDT [451754] STATEMENT:  DELETE FROM managed."d_c1dc6e9a85464bc08811bc2d6e7a8f72"
2026-10-03 11:24:48.549 PDT [451754] ERROR:  permission denied for table d_c1dc6e9a85464bc08811bc2d6e7a8f72
2026-10-03 11:24:48.549 PDT [451754] STATEMENT:  TRUNCATE managed."d_c1dc6e9a85464bc08811bc2d6e7a8f72"
2026-10-03 11:24:48.549 PDT [451754] ERROR:  permission denied for table feature_identity
2026-10-03 11:24:48.549 PDT [451754] STATEMENT:  UPDATE managed.feature_identity SET object_id=42
2026-10-03 11:24:48.549 PDT [451754] ERROR:  permission denied for table dataset
2026-10-03 11:24:48.549 PDT [451754] STATEMENT:  DELETE FROM managed.dataset
2026-10-03 11:24:48.549 PDT [451754] ERROR:  permission denied for schema managed at character 14
2026-10-03 11:24:48.549 PDT [451754] STATEMENT:  CREATE TABLE managed.bypass(x int)
2026-10-03 11:24:48.549 PDT [451754] ERROR:  permission denied for sequence oid_c1dc6e9a85464bc08811bc2d6e7a8f72
2026-10-03 11:24:48.549 PDT [451754] STATEMENT:  SELECT setval('managed.oid_c1dc6e9a85464bc08811bc2d6e7a8f72',1)
2026-10-03 11:24:48.579 PDT [451755] ERROR:  permission denied for table d_c1dc6e9a85464bc08811bc2d6e7a8f72
2026-10-03 11:24:48.579 PDT [451755] STATEMENT:  DELETE FROM managed."d_c1dc6e9a85464bc08811bc2d6e7a8f72"
2026-10-03 11:24:48.580 PDT [451755] ERROR:  permission denied for table d_c1dc6e9a85464bc08811bc2d6e7a8f72
2026-10-03 11:24:48.580 PDT [451755] STATEMENT:  TRUNCATE managed."d_c1dc6e9a85464bc08811bc2d6e7a8f72"
2026-10-03 11:24:48.580 PDT [451755] ERROR:  permission denied for table feature_identity
2026-10-03 11:24:48.580 PDT [451755] STATEMENT:  UPDATE managed.feature_identity SET object_id=42
2026-10-03 11:24:48.580 PDT [451755] ERROR:  permission denied for table dataset
2026-10-03 11:24:48.580 PDT [451755] STATEMENT:  DELETE FROM managed.dataset
2026-10-03 11:24:48.580 PDT [451755] ERROR:  permission denied for schema managed at character 14
2026-10-03 11:24:48.580 PDT [451755] STATEMENT:  CREATE TABLE managed.bypass(x int)
2026-10-03 11:24:48.580 PDT [451755] ERROR:  permission denied for sequence oid_c1dc6e9a85464bc08811bc2d6e7a8f72
2026-10-03 11:24:48.580 PDT [451755] STATEMENT:  SELECT setval('managed.oid_c1dc6e9a85464bc08811bc2d6e7a8f72',1)
2026-10-03 11:24:49.403 PDT [451808] ERROR:  INVALID_MANAGED_REQUEST
2026-10-03 11:24:49.403 PDT [451808] CONTEXT:  PL/pgSQL function apply_rows(uuid,uuid,uuid,jsonb,boolean) line 4 at RAISE
2026-10-03 11:24:49.403 PDT [451808] STATEMENT:  SELECT managed.apply_rows('01ea6e2c-a4a2-4b6e-9ad2-dfe92cd9d240','7992a35d-e068-47b8-9b0f-9843b7ebce1c','04ba6c09-8d80-403f-beff-dd5142a1f4bf','null'::jsonb,true)
2026-10-03 11:24:49.404 PDT [451808] ERROR:  INVALID_MANAGED_REQUEST
2026-10-03 11:24:49.404 PDT [451808] CONTEXT:  PL/pgSQL function apply_rows(uuid,uuid,uuid,jsonb,boolean) line 4 at RAISE
2026-10-03 11:24:49.404 PDT [451808] STATEMENT:  SELECT managed.apply_rows('01ea6e2c-a4a2-4b6e-9ad2-dfe92cd9d240','7992a35d-e068-47b8-9b0f-9843b7ebce1c','04ba6c09-8d80-403f-beff-dd5142a1f4bf','{}'::jsonb,true)
2026-10-03 11:24:49.406 PDT [451808] ERROR:  INVALID_FEATURE_ROW
2026-10-03 11:24:49.406 PDT [451808] CONTEXT:  PL/pgSQL function apply_group(uuid,uuid,jsonb) line 35 at RAISE
	PL/pgSQL function apply_rows(uuid,uuid,uuid,jsonb,boolean) line 9 at RETURN
2026-10-03 11:24:49.406 PDT [451808] STATEMENT:  SELECT managed.apply_rows('01ea6e2c-a4a2-4b6e-9ad2-dfe92cd9d240','7992a35d-e068-47b8-9b0f-9843b7ebce1c','04ba6c09-8d80-403f-beff-dd5142a1f4bf','[null]'::jsonb,true)
2026-10-03 11:24:49.406 PDT [451808] ERROR:  INVALID_FEATURE_ROW
2026-10-03 11:24:49.406 PDT [451808] CONTEXT:  PL/pgSQL function apply_group(uuid,uuid,jsonb) line 35 at RAISE
	PL/pgSQL function apply_rows(uuid,uuid,uuid,jsonb,boolean) line 9 at RETURN
2026-10-03 11:24:49.406 PDT [451808] STATEMENT:  SELECT managed.apply_rows('01ea6e2c-a4a2-4b6e-9ad2-dfe92cd9d240','7992a35d-e068-47b8-9b0f-9843b7ebce1c','04ba6c09-8d80-403f-beff-dd5142a1f4bf','[{}]'::jsonb,true)
2026-10-03 11:24:49.408 PDT [451808] ERROR:  FIELD_SET_MISMATCH
2026-10-03 11:24:49.408 PDT [451808] CONTEXT:  PL/pgSQL function raw_apply_rows(uuid,uuid,uuid,jsonb,boolean) line 39 at RAISE
	PL/pgSQL function apply_group(uuid,uuid,jsonb) line 64 at assignment
	PL/pgSQL function apply_rows(uuid,uuid,uuid,jsonb,boolean) line 9 at RETURN
2026-10-03 11:24:49.408 PDT [451808] STATEMENT:  SELECT managed.apply_rows('01ea6e2c-a4a2-4b6e-9ad2-dfe92cd9d240','7992a35d-e068-47b8-9b0f-9843b7ebce1c','04ba6c09-8d80-403f-beff-dd5142a1f4bf','[{"fid":"a878cd1a-39cb-45e3-9de4-9908e548394f","values":{"name":"a"},"geometry":"SRID=4326;POINT(1 2)"}]'::jsonb,true)
2026-10-03 11:24:49.409 PDT [451808] ERROR:  FIELD_SET_MISMATCH
2026-10-03 11:24:49.409 PDT [451808] CONTEXT:  PL/pgSQL function raw_apply_rows(uuid,uuid,uuid,jsonb,boolean) line 39 at RAISE
	PL/pgSQL function apply_group(uuid,uuid,jsonb) line 64 at assignment
	PL/pgSQL function apply_rows(uuid,uuid,uuid,jsonb,boolean) line 9 at RETURN
2026-10-03 11:24:49.409 PDT [451808] STATEMENT:  SELECT managed.apply_rows('01ea6e2c-a4a2-4b6e-9ad2-dfe92cd9d240','7992a35d-e068-47b8-9b0f-9843b7ebce1c','04ba6c09-8d80-403f-beff-dd5142a1f4bf','[{"fid":"e8935b71-bdc4-4316-ad67-0a438843b786","values":{"name":"a","amount":"1","extra":1},"geometry":"SRID=4326;POINT(1 2)"}]'::jsonb,true)
2026-10-03 11:24:49.410 PDT [451808] ERROR:  NULL_NOT_ALLOWED
2026-10-03 11:24:49.410 PDT [451808] CONTEXT:  PL/pgSQL function raw_apply_rows(uuid,uuid,uuid,jsonb,boolean) line 56 at RAISE
	PL/pgSQL function apply_group(uuid,uuid,jsonb) line 64 at assignment
	PL/pgSQL function apply_rows(uuid,uuid,uuid,jsonb,boolean) line 9 at RETURN
2026-10-03 11:24:49.410 PDT [451808] STATEMENT:  SELECT managed.apply_rows('01ea6e2c-a4a2-4b6e-9ad2-dfe92cd9d240','7992a35d-e068-47b8-9b0f-9843b7ebce1c','04ba6c09-8d80-403f-beff-dd5142a1f4bf','[{"fid":"98ee9db8-764c-46e6-99de-2d2643c774ad","values":{"name":"a","amount":null},"geometry":"SRID=4326;POINT(1 2)"}]'::jsonb,true)
2026-10-03 11:24:49.411 PDT [451808] ERROR:  INVALID_MANAGED_REQUEST
2026-10-03 11:24:49.411 PDT [451808] CONTEXT:  PL/pgSQL function apply_rows(uuid,uuid,uuid,jsonb,boolean) line 4 at RAISE
2026-10-03 11:24:49.411 PDT [451808] STATEMENT:  SELECT managed.apply_rows('01ea6e2c-a4a2-4b6e-9ad2-dfe92cd9d240',NULL,'04ba6c09-8d80-403f-beff-dd5142a1f4bf','[{"fid":"0e814298-745f-4327-90c7-95df866c180f","values":{"name":"München","amount":"1.125"},"geometry":"SRID=4326;POINT(1 2)"}]'::jsonb,false)
2026-10-03 11:24:49.411 PDT [451808] ERROR:  INVALID_MANAGED_REQUEST
2026-10-03 11:24:49.411 PDT [451808] CONTEXT:  PL/pgSQL function apply_rows(uuid,uuid,uuid,jsonb,boolean) line 4 at RAISE
2026-10-03 11:24:49.411 PDT [451808] STATEMENT:  SELECT managed.apply_rows('01ea6e2c-a4a2-4b6e-9ad2-dfe92cd9d240','7992a35d-e068-47b8-9b0f-9843b7ebce1c',NULL,'[{"fid":"01779cd7-6d49-4e8f-ad0b-eaf4174f737c","values":{"name":"München","amount":"1.125"},"geometry":"SRID=4326;POINT(1 2)"}]'::jsonb,false)
2026-10-03 11:24:49.411 PDT [451808] ERROR:  INVALID_MANAGED_REQUEST
2026-10-03 11:24:49.411 PDT [451808] CONTEXT:  PL/pgSQL function apply_rows(uuid,uuid,uuid,jsonb,boolean) line 4 at RAISE
2026-10-03 11:24:49.411 PDT [451808] STATEMENT:  SELECT managed.apply_rows('01ea6e2c-a4a2-4b6e-9ad2-dfe92cd9d240','7992a35d-e068-47b8-9b0f-9843b7ebce1c','04ba6c09-8d80-403f-beff-dd5142a1f4bf','[{"fid":"5df70752-cc50-4ea5-90ba-ee2a1e98fc1d","values":{"name":"München","amount":"1.125"},"geometry":"SRID=4326;POINT(1 2)"}]'::jsonb,NULL)
2026-10-03 11:24:49.471 PDT [451809] ERROR:  IMMUTABLE_MANAGED_IDENTITY
2026-10-03 11:24:49.471 PDT [451809] CONTEXT:  PL/pgSQL function managed.immutable() line 2 at RAISE
2026-10-03 11:24:49.471 PDT [451809] STATEMENT:  UPDATE managed.schema_revision SET canonical_text=canonical_text
2026-10-03 11:24:49.471 PDT [451809] ERROR:  IMMUTABLE_MANAGED_IDENTITY
2026-10-03 11:24:49.471 PDT [451809] CONTEXT:  PL/pgSQL function managed.immutable() line 2 at RAISE
2026-10-03 11:24:49.471 PDT [451809] STATEMENT:  DELETE FROM managed.schema_revision
2026-10-03 11:24:49.471 PDT [451809] ERROR:  IMMUTABLE_MANAGED_IDENTITY
2026-10-03 11:24:49.471 PDT [451809] CONTEXT:  PL/pgSQL function managed.immutable() line 2 at RAISE
2026-10-03 11:24:49.471 PDT [451809] STATEMENT:  UPDATE managed.dataset SET dataset_id=dataset_id
2026-10-03 11:24:49.489 PDT [451809] ERROR:  IMMUTABLE_MANAGED_IDENTITY
2026-10-03 11:24:49.489 PDT [451809] CONTEXT:  PL/pgSQL function managed.immutable() line 2 at RAISE
2026-10-03 11:24:49.489 PDT [451809] STATEMENT:  DELETE FROM managed.feature_identity WHERE dataset_id='401a6789-109a-4f7a-a0e2-fb8b2f9bc6b8'
2026-10-03 11:24:49.783 PDT [451863] ERROR:  STALE_HEAD
2026-10-03 11:24:49.783 PDT [451863] CONTEXT:  PL/pgSQL function apply_group(uuid,uuid,jsonb) line 15 at RAISE
	PL/pgSQL function apply_rows(uuid,uuid,uuid,jsonb,boolean) line 9 at RETURN
2026-10-03 11:24:49.783 PDT [451863] STATEMENT:  SELECT managed.apply_rows('d286e343-fc0b-4dbf-ae6b-7cb1fde38372','9e8701b4-6bd0-402c-8469-548dadd6fd5e','d00d9d03-3616-4b69-9d49-8a7281d7199d','[{"fid":"176657ae-8d15-4bd6-b805-a7ad1173ef74","values":{"name":"München","amount":"1.125"},"geometry":"SRID=4326;POINT(1 2)"}]'::jsonb,false)
2026-10-03 11:24:50.254 PDT [451596] LOG:  received fast shutdown request
2026-10-03 11:24:50.261 PDT [451596] LOG:  aborting any active transactions
2026-10-03 11:24:50.261 PDT [451596] LOG:  background worker "logical replication launcher" (PID 451602) exited with exit code 1
2026-10-03 11:24:50.262 PDT [451597] LOG:  shutting down
2026-10-03 11:24:50.271 PDT [451597] LOG:  checkpoint starting: shutdown immediate
2026-10-03 11:25:04.633 PDT [451597] LOG:  checkpoint complete: wrote 12655 buffers (77.2%); 0 WAL file(s) added, 0 removed, 5 recycled; write=0.173 s, sync=14.087 s, total=14.372 s; sync files=2424, longest=0.019 s, average=0.006 s; distance=87599 kB, estimate=87599 kB
2026-10-03 11:25:04.646 PDT [451596] LOG:  database system is shut down
