2026-10-03 11:32:05.396 PDT [455421] LOG:  starting PostgreSQL 15.19 on x86_64-pc-linux-gnu, compiled by gcc (GCC) 15.2.0, 64-bit
2026-10-03 11:32:05.396 PDT [455421] LOG:  listening on Unix socket "/tmp/ambisgis-fnd04-socket-at1zyiz3/.s.PGSQL.55484"
2026-10-03 11:32:05.411 PDT [455424] LOG:  database system was shut down at 2026-10-03 11:32:05 PDT
2026-10-03 11:32:05.427 PDT [455421] LOG:  database system is ready to accept connections
2026-10-03 11:32:05.876 PDT [455436] ERROR:  value "2147483648" is out of range for type integer at character 383
2026-10-03 11:32:05.876 PDT [455436] QUERY:  INSERT INTO managed.d_b82edf1113db4b44bc009aaf4a4aa4c3 (dataset_id,version_group_id,version_id,fid,object_id,feature_revision,small,large,flag,related,day,instant) VALUES ('b82edf11-13db-4b44-bc00-9aaf4a4aa4c3'::uuid,'504cebf9-a260-4b5c-8936-c3eb9a79ae4f'::uuid,'d8124cb2-8c1b-458e-8313-97edbf444034'::uuid,'08f0b225-2113-4e55-b651-95b49d58fb9b'::uuid,'1'::bigint,gen_random_uuid(),'2147483648'::integer,'9223372036854775807'::bigint,'true'::boolean,NULL::uuid,'2024-02-29'::date,'2024-01-01T01:30:00.123456+01:30'::timestamptz) ON CONFLICT(version_id,fid) DO UPDATE SET feature_revision=EXCLUDED.feature_revision,small=EXCLUDED.small,large=EXCLUDED.large,flag=EXCLUDED.flag,related=EXCLUDED.related,day=EXCLUDED.day,instant=EXCLUDED.instant
2026-10-03 11:32:05.876 PDT [455436] CONTEXT:  PL/pgSQL function raw_apply_rows(uuid,uuid,uuid,jsonb,boolean) line 89 at EXECUTE
	PL/pgSQL function apply_group(uuid,uuid,jsonb) line 68 at assignment
	PL/pgSQL function apply_rows(uuid,uuid,uuid,jsonb,boolean) line 9 at RETURN
2026-10-03 11:32:05.876 PDT [455436] STATEMENT:  SELECT managed.apply_rows('b82edf11-13db-4b44-bc00-9aaf4a4aa4c3','d8124cb2-8c1b-458e-8313-97edbf444034','0772ba43-c1fc-4cb8-b67e-d7943c69199c','[{"fid":"08f0b225-2113-4e55-b651-95b49d58fb9b","values":{"small":2147483648,"large":"9223372036854775807","flag":true,"related":null,"day":"2024-02-29","instant":"2024-01-01T01:30:00.123456+01:30"}}]'::jsonb,true)
2026-10-03 11:32:05.877 PDT [455436] ERROR:  INVALID_TYPED_VALUE
2026-10-03 11:32:05.877 PDT [455436] CONTEXT:  PL/pgSQL function raw_apply_rows(uuid,uuid,uuid,jsonb,boolean) line 68 at RAISE
	PL/pgSQL function apply_group(uuid,uuid,jsonb) line 68 at assignment
	PL/pgSQL function apply_rows(uuid,uuid,uuid,jsonb,boolean) line 9 at RETURN
2026-10-03 11:32:05.877 PDT [455436] STATEMENT:  SELECT managed.apply_rows('b82edf11-13db-4b44-bc00-9aaf4a4aa4c3','d8124cb2-8c1b-458e-8313-97edbf444034','0772ba43-c1fc-4cb8-b67e-d7943c69199c','[{"fid":"08f0b225-2113-4e55-b651-95b49d58fb9b","values":{"small":true,"large":"9223372036854775807","flag":true,"related":null,"day":"2024-02-29","instant":"2024-01-01T01:30:00.123456+01:30"}}]'::jsonb,true)
2026-10-03 11:32:05.879 PDT [455436] ERROR:  INVALID_TYPED_VALUE
2026-10-03 11:32:05.879 PDT [455436] CONTEXT:  PL/pgSQL function raw_apply_rows(uuid,uuid,uuid,jsonb,boolean) line 68 at RAISE
	PL/pgSQL function apply_group(uuid,uuid,jsonb) line 68 at assignment
	PL/pgSQL function apply_rows(uuid,uuid,uuid,jsonb,boolean) line 9 at RETURN
2026-10-03 11:32:05.879 PDT [455436] STATEMENT:  SELECT managed.apply_rows('b82edf11-13db-4b44-bc00-9aaf4a4aa4c3','d8124cb2-8c1b-458e-8313-97edbf444034','0772ba43-c1fc-4cb8-b67e-d7943c69199c','[{"fid":"08f0b225-2113-4e55-b651-95b49d58fb9b","values":{"small":2147483647,"large":9223372036854775807,"flag":true,"related":null,"day":"2024-02-29","instant":"2024-01-01T01:30:00.123456+01:30"}}]'::jsonb,true)
2026-10-03 11:32:05.880 PDT [455436] ERROR:  value "9223372036854775808" is out of range for type bigint at character 405
2026-10-03 11:32:05.880 PDT [455436] QUERY:  INSERT INTO managed.d_b82edf1113db4b44bc009aaf4a4aa4c3 (dataset_id,version_group_id,version_id,fid,object_id,feature_revision,small,large,flag,related,day,instant) VALUES ('b82edf11-13db-4b44-bc00-9aaf4a4aa4c3'::uuid,'504cebf9-a260-4b5c-8936-c3eb9a79ae4f'::uuid,'d8124cb2-8c1b-458e-8313-97edbf444034'::uuid,'08f0b225-2113-4e55-b651-95b49d58fb9b'::uuid,'1'::bigint,gen_random_uuid(),'2147483647'::integer,'9223372036854775808'::bigint,'true'::boolean,NULL::uuid,'2024-02-29'::date,'2024-01-01T01:30:00.123456+01:30'::timestamptz) ON CONFLICT(version_id,fid) DO UPDATE SET feature_revision=EXCLUDED.feature_revision,small=EXCLUDED.small,large=EXCLUDED.large,flag=EXCLUDED.flag,related=EXCLUDED.related,day=EXCLUDED.day,instant=EXCLUDED.instant
2026-10-03 11:32:05.880 PDT [455436] CONTEXT:  PL/pgSQL function raw_apply_rows(uuid,uuid,uuid,jsonb,boolean) line 89 at EXECUTE
	PL/pgSQL function apply_group(uuid,uuid,jsonb) line 68 at assignment
	PL/pgSQL function apply_rows(uuid,uuid,uuid,jsonb,boolean) line 9 at RETURN
2026-10-03 11:32:05.880 PDT [455436] STATEMENT:  SELECT managed.apply_rows('b82edf11-13db-4b44-bc00-9aaf4a4aa4c3','d8124cb2-8c1b-458e-8313-97edbf444034','0772ba43-c1fc-4cb8-b67e-d7943c69199c','[{"fid":"08f0b225-2113-4e55-b651-95b49d58fb9b","values":{"small":2147483647,"large":"9223372036854775808","flag":true,"related":null,"day":"2024-02-29","instant":"2024-01-01T01:30:00.123456+01:30"}}]'::jsonb,true)
2026-10-03 11:32:05.881 PDT [455436] ERROR:  INVALID_TYPED_VALUE
2026-10-03 11:32:05.881 PDT [455436] CONTEXT:  PL/pgSQL function raw_apply_rows(uuid,uuid,uuid,jsonb,boolean) line 68 at RAISE
	PL/pgSQL function apply_group(uuid,uuid,jsonb) line 68 at assignment
	PL/pgSQL function apply_rows(uuid,uuid,uuid,jsonb,boolean) line 9 at RETURN
2026-10-03 11:32:05.881 PDT [455436] STATEMENT:  SELECT managed.apply_rows('b82edf11-13db-4b44-bc00-9aaf4a4aa4c3','d8124cb2-8c1b-458e-8313-97edbf444034','0772ba43-c1fc-4cb8-b67e-d7943c69199c','[{"fid":"08f0b225-2113-4e55-b651-95b49d58fb9b","values":{"small":2147483647,"large":"9223372036854775807","flag":"true","related":null,"day":"2024-02-29","instant":"2024-01-01T01:30:00.123456+01:30"}}]'::jsonb,true)
2026-10-03 11:32:05.882 PDT [455436] ERROR:  date/time field value out of range: "2023-02-29" at character 462
2026-10-03 11:32:05.882 PDT [455436] QUERY:  INSERT INTO managed.d_b82edf1113db4b44bc009aaf4a4aa4c3 (dataset_id,version_group_id,version_id,fid,object_id,feature_revision,small,large,flag,related,day,instant) VALUES ('b82edf11-13db-4b44-bc00-9aaf4a4aa4c3'::uuid,'504cebf9-a260-4b5c-8936-c3eb9a79ae4f'::uuid,'d8124cb2-8c1b-458e-8313-97edbf444034'::uuid,'08f0b225-2113-4e55-b651-95b49d58fb9b'::uuid,'1'::bigint,gen_random_uuid(),'2147483647'::integer,'9223372036854775807'::bigint,'true'::boolean,NULL::uuid,'2023-02-29'::date,'2024-01-01T01:30:00.123456+01:30'::timestamptz) ON CONFLICT(version_id,fid) DO UPDATE SET feature_revision=EXCLUDED.feature_revision,small=EXCLUDED.small,large=EXCLUDED.large,flag=EXCLUDED.flag,related=EXCLUDED.related,day=EXCLUDED.day,instant=EXCLUDED.instant
2026-10-03 11:32:05.882 PDT [455436] CONTEXT:  PL/pgSQL function raw_apply_rows(uuid,uuid,uuid,jsonb,boolean) line 89 at EXECUTE
	PL/pgSQL function apply_group(uuid,uuid,jsonb) line 68 at assignment
	PL/pgSQL function apply_rows(uuid,uuid,uuid,jsonb,boolean) line 9 at RETURN
2026-10-03 11:32:05.882 PDT [455436] STATEMENT:  SELECT managed.apply_rows('b82edf11-13db-4b44-bc00-9aaf4a4aa4c3','d8124cb2-8c1b-458e-8313-97edbf444034','0772ba43-c1fc-4cb8-b67e-d7943c69199c','[{"fid":"08f0b225-2113-4e55-b651-95b49d58fb9b","values":{"small":2147483647,"large":"9223372036854775807","flag":true,"related":null,"day":"2023-02-29","instant":"2024-01-01T01:30:00.123456+01:30"}}]'::jsonb,true)
2026-10-03 11:32:05.883 PDT [455436] ERROR:  INVALID_TYPED_VALUE
2026-10-03 11:32:05.883 PDT [455436] CONTEXT:  PL/pgSQL function raw_apply_rows(uuid,uuid,uuid,jsonb,boolean) line 68 at RAISE
	PL/pgSQL function apply_group(uuid,uuid,jsonb) line 68 at assignment
	PL/pgSQL function apply_rows(uuid,uuid,uuid,jsonb,boolean) line 9 at RETURN
2026-10-03 11:32:05.883 PDT [455436] STATEMENT:  SELECT managed.apply_rows('b82edf11-13db-4b44-bc00-9aaf4a4aa4c3','d8124cb2-8c1b-458e-8313-97edbf444034','0772ba43-c1fc-4cb8-b67e-d7943c69199c','[{"fid":"08f0b225-2113-4e55-b651-95b49d58fb9b","values":{"small":2147483647,"large":"9223372036854775807","flag":true,"related":null,"day":"2024-02-29","instant":"2024-01-01T24:00:00Z"}}]'::jsonb,true)
2026-10-03 11:32:05.884 PDT [455436] ERROR:  INVALID_TYPED_VALUE
2026-10-03 11:32:05.884 PDT [455436] CONTEXT:  PL/pgSQL function raw_apply_rows(uuid,uuid,uuid,jsonb,boolean) line 68 at RAISE
	PL/pgSQL function apply_group(uuid,uuid,jsonb) line 68 at assignment
	PL/pgSQL function apply_rows(uuid,uuid,uuid,jsonb,boolean) line 9 at RETURN
2026-10-03 11:32:05.884 PDT [455436] STATEMENT:  SELECT managed.apply_rows('b82edf11-13db-4b44-bc00-9aaf4a4aa4c3','d8124cb2-8c1b-458e-8313-97edbf444034','0772ba43-c1fc-4cb8-b67e-d7943c69199c','[{"fid":"08f0b225-2113-4e55-b651-95b49d58fb9b","values":{"small":2147483647,"large":"9223372036854775807","flag":true,"related":null,"day":"2024-02-29","instant":"2024-01-01T00:00:00.1234567Z"}}]'::jsonb,true)
2026-10-03 11:32:05.885 PDT [455436] ERROR:  INVALID_TYPED_VALUE
2026-10-03 11:32:05.885 PDT [455436] CONTEXT:  PL/pgSQL function raw_apply_rows(uuid,uuid,uuid,jsonb,boolean) line 68 at RAISE
	PL/pgSQL function apply_group(uuid,uuid,jsonb) line 68 at assignment
	PL/pgSQL function apply_rows(uuid,uuid,uuid,jsonb,boolean) line 9 at RETURN
2026-10-03 11:32:05.885 PDT [455436] STATEMENT:  SELECT managed.apply_rows('b82edf11-13db-4b44-bc00-9aaf4a4aa4c3','d8124cb2-8c1b-458e-8313-97edbf444034','0772ba43-c1fc-4cb8-b67e-d7943c69199c','[{"fid":"08f0b225-2113-4e55-b651-95b49d58fb9b","values":{"small":2147483647,"large":"9223372036854775807","flag":true,"related":null,"day":"2024-02-29","instant":"2024-01-01T00:00:00"}}]'::jsonb,true)
2026-10-03 11:32:05.886 PDT [455436] ERROR:  INVALID_TYPED_VALUE
2026-10-03 11:32:05.886 PDT [455436] CONTEXT:  PL/pgSQL function raw_apply_rows(uuid,uuid,uuid,jsonb,boolean) line 68 at RAISE
	PL/pgSQL function apply_group(uuid,uuid,jsonb) line 68 at assignment
	PL/pgSQL function apply_rows(uuid,uuid,uuid,jsonb,boolean) line 9 at RETURN
2026-10-03 11:32:05.886 PDT [455436] STATEMENT:  SELECT managed.apply_rows('b82edf11-13db-4b44-bc00-9aaf4a4aa4c3','d8124cb2-8c1b-458e-8313-97edbf444034','0772ba43-c1fc-4cb8-b67e-d7943c69199c','[{"fid":"08f0b225-2113-4e55-b651-95b49d58fb9b","values":{"small":2147483647,"large":"9223372036854775807","flag":true,"related":"bad","day":"2024-02-29","instant":"2024-01-01T01:30:00.123456+01:30"}}]'::jsonb,true)
2026-10-03 11:32:05.903 PDT [455436] ERROR:  nextval: reached maximum value of sequence "oid_b82edf1113db4b44bc009aaf4a4aa4c3" (9223372036854775807)
2026-10-03 11:32:05.903 PDT [455436] CONTEXT:  PL/pgSQL function raw_apply_rows(uuid,uuid,uuid,jsonb,boolean) line 46 at assignment
	PL/pgSQL function apply_group(uuid,uuid,jsonb) line 68 at assignment
	PL/pgSQL function apply_rows(uuid,uuid,uuid,jsonb,boolean) line 9 at RETURN
2026-10-03 11:32:05.903 PDT [455436] STATEMENT:  SELECT managed.apply_rows('b82edf11-13db-4b44-bc00-9aaf4a4aa4c3','d8124cb2-8c1b-458e-8313-97edbf444034','3f595e96-3369-4d97-b5b6-d72948b0c8e4','[{"fid":"891b8697-f558-49a7-b809-339a2cf174e6","values":{"small":2147483647,"large":"9223372036854775807","flag":true,"related":null,"day":"2024-02-29","instant":"2024-01-01T01:30:00.123456+01:30"}}]'::jsonb,true)
2026-10-03 11:32:06.308 PDT [455452] ERROR:  STALE_HEAD
2026-10-03 11:32:06.308 PDT [455452] CONTEXT:  PL/pgSQL function apply_group(uuid,uuid,jsonb) line 15 at RAISE
	PL/pgSQL function apply_rows(uuid,uuid,uuid,jsonb,boolean) line 9 at RETURN
2026-10-03 11:32:06.308 PDT [455452] STATEMENT:  SELECT managed.apply_rows('3594fd3f-cee7-49af-a68a-70077ee4e087','189cbcd5-b8d6-431f-8231-c15d6b45ff10','ab42978f-6191-4008-a6fc-f6479527675e','[{"fid":"d3709d20-c16d-4133-bd50-56f5c1ac010e","values":{"name":"München","amount":"1.125"},"geometry":"SRID=4326;POINT(1 2)"}]'::jsonb,false)
2026-10-03 11:32:06.317 PDT [455452] ERROR:  insert or update on table "d_3594fd3fcee749afa68a70077ee4e087" violates foreign key constraint "d_3594fd3fcee749afa68a70077ee4_version_group_id_version_id_fkey"
2026-10-03 11:32:06.317 PDT [455452] DETAIL:  Key (version_group_id, version_id)=(24bdf0de-04b9-44cc-a34d-56ac9f48cf93, 1557c954-7348-495e-a92d-7d3c493eceac) is not present in table "version".
2026-10-03 11:32:06.317 PDT [455452] STATEMENT:  UPDATE managed."d_3594fd3fcee749afa68a70077ee4e087" SET version_id='1557c954-7348-495e-a92d-7d3c493eceac'
2026-10-03 11:32:06.318 PDT [455452] ERROR:  new row for relation "d_3594fd3fcee749afa68a70077ee4e087" violates check constraint "d_3594fd3fcee749afa68a70077ee4e087_dataset_id_check"
2026-10-03 11:32:06.318 PDT [455452] DETAIL:  Failing row contains (28d1cf67-03b4-48fc-9d59-ab9ebd14fb92, 24bdf0de-04b9-44cc-a34d-56ac9f48cf93, 189cbcd5-b8d6-431f-8231-c15d6b45ff10, 3bd8f6a6-f957-4151-9173-b86dcce6e5bc, 1, c1c537b0-a598-47e1-b833-16361ea10fd2, München, 1.125, 0101000020E6100000000000000000F03F0000000000000040).
2026-10-03 11:32:06.318 PDT [455452] STATEMENT:  UPDATE managed."d_3594fd3fcee749afa68a70077ee4e087" SET dataset_id='28d1cf67-03b4-48fc-9d59-ab9ebd14fb92'
2026-10-03 11:32:06.318 PDT [455452] ERROR:  insert or update on table "d_3594fd3fcee749afa68a70077ee4e087" violates foreign key constraint "d_3594fd3fcee749afa68a70077ee4e08_dataset_id_fid_object_id_fkey"
2026-10-03 11:32:06.318 PDT [455452] DETAIL:  Key (dataset_id, fid, object_id)=(3594fd3f-cee7-49af-a68a-70077ee4e087, 3bd8f6a6-f957-4151-9173-b86dcce6e5bc, 999) is not present in table "feature_identity".
2026-10-03 11:32:06.318 PDT [455452] STATEMENT:  UPDATE managed."d_3594fd3fcee749afa68a70077ee4e087" SET object_id=999
2026-10-03 11:32:06.318 PDT [455452] ERROR:  new row for relation "version" violates check constraint "version_name_check"
2026-10-03 11:32:06.318 PDT [455452] DETAIL:  Failing row contains (7f9412f1-247b-4183-a225-757db923d512, 24bdf0de-04b9-44cc-a34d-56ac9f48cf93, named, 451c91ed-6631-41d4-8e80-b76689240205).
2026-10-03 11:32:06.318 PDT [455452] STATEMENT:  INSERT INTO managed.version VALUES('7f9412f1-247b-4183-a225-757db923d512','24bdf0de-04b9-44cc-a34d-56ac9f48cf93','named','451c91ed-6631-41d4-8e80-b76689240205')
2026-10-03 11:32:06.319 PDT [455452] ERROR:  DATASET_VERSION_MISMATCH
2026-10-03 11:32:06.319 PDT [455452] CONTEXT:  PL/pgSQL function apply_rows(uuid,uuid,uuid,jsonb,boolean) line 7 at RAISE
2026-10-03 11:32:06.319 PDT [455452] STATEMENT:  SELECT managed.apply_rows('3594fd3f-cee7-49af-a68a-70077ee4e087','1557c954-7348-495e-a92d-7d3c493eceac','1d73dd54-0dd4-4eb8-96a9-784ffdd0546c','[{"fid":"3bd8f6a6-f957-4151-9173-b86dcce6e5bc","values":{"name":"München","amount":"1.125"},"geometry":"SRID=4326;POINT(1 2)"}]'::jsonb,false)
2026-10-03 11:32:06.363 PDT [455462] ERROR:  new row for relation "d_214ffa3808cc45598c904a82972d9598" violates check constraint "d_214ffa3808cc45598c904a82972d9598_amount_check"
2026-10-03 11:32:06.363 PDT [455462] DETAIL:  Failing row contains (214ffa38-08cc-4559-8c90-4a82972d9598, 929d2608-d087-4aa2-a841-d54ae6059364, 081e9e3f-d2c0-45ac-9050-37d8bb4138cf, 2a271260-c17b-43ab-95c1-11e8b021c98f, 1, 52e8a491-f6a4-4b9d-ade3-c4c952735e2f, 東京😀abcdΩ, 1.0001, 0101000020E6100000000000000000F03F0000000000000040).
2026-10-03 11:32:06.363 PDT [455462] STATEMENT:  UPDATE managed."d_214ffa3808cc45598c904a82972d9598" SET amount=1.0001
2026-10-03 11:32:06.363 PDT [455462] ERROR:  new row for relation "d_214ffa3808cc45598c904a82972d9598" violates check constraint "d_214ffa3808cc45598c904a82972d9598_amount_check"
2026-10-03 11:32:06.363 PDT [455462] DETAIL:  Failing row contains (214ffa38-08cc-4559-8c90-4a82972d9598, 929d2608-d087-4aa2-a841-d54ae6059364, 081e9e3f-d2c0-45ac-9050-37d8bb4138cf, 2a271260-c17b-43ab-95c1-11e8b021c98f, 1, 52e8a491-f6a4-4b9d-ade3-c4c952735e2f, 東京😀abcdΩ, NaN, 0101000020E6100000000000000000F03F0000000000000040).
2026-10-03 11:32:06.363 PDT [455462] STATEMENT:  UPDATE managed."d_214ffa3808cc45598c904a82972d9598" SET amount='NaN'::numeric
2026-10-03 11:32:06.363 PDT [455462] ERROR:  new row for relation "d_214ffa3808cc45598c904a82972d9598" violates check constraint "d_214ffa3808cc45598c904a82972d9598_amount_check"
2026-10-03 11:32:06.363 PDT [455462] DETAIL:  Failing row contains (214ffa38-08cc-4559-8c90-4a82972d9598, 929d2608-d087-4aa2-a841-d54ae6059364, 081e9e3f-d2c0-45ac-9050-37d8bb4138cf, 2a271260-c17b-43ab-95c1-11e8b021c98f, 1, 52e8a491-f6a4-4b9d-ade3-c4c952735e2f, 東京😀abcdΩ, Infinity, 0101000020E6100000000000000000F03F0000000000000040).
2026-10-03 11:32:06.363 PDT [455462] STATEMENT:  UPDATE managed."d_214ffa3808cc45598c904a82972d9598" SET amount='Infinity'::numeric
2026-10-03 11:32:06.364 PDT [455462] ERROR:  new row for relation "d_214ffa3808cc45598c904a82972d9598" violates check constraint "d_214ffa3808cc45598c904a82972d9598_name_check"
2026-10-03 11:32:06.364 PDT [455462] DETAIL:  Failing row contains (214ffa38-08cc-4559-8c90-4a82972d9598, 929d2608-d087-4aa2-a841-d54ae6059364, 081e9e3f-d2c0-45ac-9050-37d8bb4138cf, 2a271260-c17b-43ab-95c1-11e8b021c98f, 1, 52e8a491-f6a4-4b9d-ade3-c4c952735e2f, 123456789, -999999999.999, 0101000020E6100000000000000000F03F0000000000000040).
2026-10-03 11:32:06.364 PDT [455462] STATEMENT:  UPDATE managed."d_214ffa3808cc45598c904a82972d9598" SET name='123456789'
2026-10-03 11:32:06.364 PDT [455462] ERROR:  new row for relation "d_214ffa3808cc45598c904a82972d9598" violates check constraint "d_214ffa3808cc45598c904a82972d9598_name_check"
2026-10-03 11:32:06.364 PDT [455462] DETAIL:  Failing row contains (214ffa38-08cc-4559-8c90-4a82972d9598, 929d2608-d087-4aa2-a841-d54ae6059364, 081e9e3f-d2c0-45ac-9050-37d8bb4138cf, 2a271260-c17b-43ab-95c1-11e8b021c98f, 1, 52e8a491-f6a4-4b9d-ade3-c4c952735e2f, 12345678 , -999999999.999, 0101000020E6100000000000000000F03F0000000000000040).
2026-10-03 11:32:06.364 PDT [455462] STATEMENT:  UPDATE managed."d_214ffa3808cc45598c904a82972d9598" SET name='12345678 '
2026-10-03 11:32:06.365 PDT [455462] ERROR:  INVALID_TYPED_VALUE
2026-10-03 11:32:06.365 PDT [455462] CONTEXT:  PL/pgSQL function raw_apply_rows(uuid,uuid,uuid,jsonb,boolean) line 68 at RAISE
	PL/pgSQL function apply_group(uuid,uuid,jsonb) line 68 at assignment
	PL/pgSQL function apply_rows(uuid,uuid,uuid,jsonb,boolean) line 9 at RETURN
2026-10-03 11:32:06.365 PDT [455462] STATEMENT:  SELECT managed.apply_rows('214ffa38-08cc-4559-8c90-4a82972d9598','081e9e3f-d2c0-45ac-9050-37d8bb4138cf','11f3d211-387e-45c5-8157-95012f7a215e','[{"fid":"67e8a52e-01ac-4d52-bc35-2959d5557b0f","values":{"name":"","amount":1.125},"geometry":"SRID=4326;POINT(1 2)"}]'::jsonb,true)
2026-10-03 11:32:06.628 PDT [455469] ERROR:  division by zero
2026-10-03 11:32:06.628 PDT [455469] STATEMENT:  CREATE TABLE managed.partial(x int); SELECT 1/0;
2026-10-03 11:32:06.683 PDT [455470] ERROR:  null value in column "geom" of relation "d_2e4b5afd170d46a383e82c5042fd0cb2" violates not-null constraint
2026-10-03 11:32:06.683 PDT [455470] DETAIL:  Failing row contains (2e4b5afd-170d-46a3-83e8-2c5042fd0cb2, 519eb728-afaf-4be7-8cb3-2ce44806bfe6, a41210c0-08e9-4195-a015-e8996b4d7f50, e25eaaf4-f93b-4946-a937-86aa09a2dc86, 1, 56ee4ea1-4a6e-4fa8-b0b7-63806f460d1c, München, 1.125, null).
2026-10-03 11:32:06.683 PDT [455470] CONTEXT:  SQL statement "INSERT INTO managed.d_2e4b5afd170d46a383e82c5042fd0cb2 (dataset_id,version_group_id,version_id,fid,object_id,feature_revision,name,amount,geom) VALUES ('2e4b5afd-170d-46a3-83e8-2c5042fd0cb2'::uuid,'519eb728-afaf-4be7-8cb3-2ce44806bfe6'::uuid,'a41210c0-08e9-4195-a015-e8996b4d7f50'::uuid,'e25eaaf4-f93b-4946-a937-86aa09a2dc86'::uuid,'1'::bigint,gen_random_uuid(),'München'::text,'1.125'::numeric,NULL) ON CONFLICT(version_id,fid) DO UPDATE SET feature_revision=EXCLUDED.feature_revision,name=EXCLUDED.name,amount=EXCLUDED.amount,geom=EXCLUDED.geom"
	PL/pgSQL function raw_apply_rows(uuid,uuid,uuid,jsonb,boolean) line 89 at EXECUTE
	PL/pgSQL function apply_group(uuid,uuid,jsonb) line 68 at assignment
	PL/pgSQL function apply_rows(uuid,uuid,uuid,jsonb,boolean) line 9 at RETURN
2026-10-03 11:32:06.683 PDT [455470] STATEMENT:  SELECT managed.apply_rows('2e4b5afd-170d-46a3-83e8-2c5042fd0cb2','a41210c0-08e9-4195-a015-e8996b4d7f50','87e26d92-c746-4be8-9f8e-032d66f434d1','[{"fid":"e25eaaf4-f93b-4946-a937-86aa09a2dc86","values":{"name":"München","amount":"1.125"},"geometry":null}]'::jsonb,true)
2026-10-03 11:32:06.684 PDT [455470] ERROR:  new row for relation "d_2e4b5afd170d46a383e82c5042fd0cb2" violates check constraint "d_2e4b5afd170d46a383e82c5042fd0cb2_geom_check"
2026-10-03 11:32:06.684 PDT [455470] DETAIL:  Failing row contains (2e4b5afd-170d-46a3-83e8-2c5042fd0cb2, 519eb728-afaf-4be7-8cb3-2ce44806bfe6, a41210c0-08e9-4195-a015-e8996b4d7f50, 069d340e-dfdc-4780-a194-b101b5e81030, 2, ebb8a433-24c1-47bd-96e1-aead540d5145, München, 1.125, 0101000020E6100000000000000000F87F000000000000F87F).
2026-10-03 11:32:06.684 PDT [455470] CONTEXT:  SQL statement "INSERT INTO managed.d_2e4b5afd170d46a383e82c5042fd0cb2 (dataset_id,version_group_id,version_id,fid,object_id,feature_revision,name,amount,geom) VALUES ('2e4b5afd-170d-46a3-83e8-2c5042fd0cb2'::uuid,'519eb728-afaf-4be7-8cb3-2ce44806bfe6'::uuid,'a41210c0-08e9-4195-a015-e8996b4d7f50'::uuid,'069d340e-dfdc-4780-a194-b101b5e81030'::uuid,'2'::bigint,gen_random_uuid(),'München'::text,'1.125'::numeric,public.ST_GeomFromEWKT('SRID=4326;POINT EMPTY')) ON CONFLICT(version_id,fid) DO UPDATE SET feature_revision=EXCLUDED.feature_revision,name=EXCLUDED.name,amount=EXCLUDED.amount,geom=EXCLUDED.geom"
	PL/pgSQL function raw_apply_rows(uuid,uuid,uuid,jsonb,boolean) line 89 at EXECUTE
	PL/pgSQL function apply_group(uuid,uuid,jsonb) line 68 at assignment
	PL/pgSQL function apply_rows(uuid,uuid,uuid,jsonb,boolean) line 9 at RETURN
2026-10-03 11:32:06.684 PDT [455470] STATEMENT:  SELECT managed.apply_rows('2e4b5afd-170d-46a3-83e8-2c5042fd0cb2','a41210c0-08e9-4195-a015-e8996b4d7f50','87e26d92-c746-4be8-9f8e-032d66f434d1','[{"fid":"069d340e-dfdc-4780-a194-b101b5e81030","values":{"name":"München","amount":"1.125"},"geometry":"SRID=4326;POINT EMPTY"}]'::jsonb,true)
2026-10-03 11:32:06.686 PDT [455470] ERROR:  new row for relation "d_2e4b5afd170d46a383e82c5042fd0cb2" violates check constraint "d_2e4b5afd170d46a383e82c5042fd0cb2_geom_check"
2026-10-03 11:32:06.686 PDT [455470] DETAIL:  Failing row contains (2e4b5afd-170d-46a3-83e8-2c5042fd0cb2, 519eb728-afaf-4be7-8cb3-2ce44806bfe6, a41210c0-08e9-4195-a015-e8996b4d7f50, 0a5db361-c63a-45c4-911d-54aa0aae2ec1, 3, e02b9a7e-e67d-48d3-9225-1896ce951628, München, 1.125, 0101000020E6100000000000000000F87F0000000000000040).
2026-10-03 11:32:06.686 PDT [455470] CONTEXT:  SQL statement "INSERT INTO managed.d_2e4b5afd170d46a383e82c5042fd0cb2 (dataset_id,version_group_id,version_id,fid,object_id,feature_revision,name,amount,geom) VALUES ('2e4b5afd-170d-46a3-83e8-2c5042fd0cb2'::uuid,'519eb728-afaf-4be7-8cb3-2ce44806bfe6'::uuid,'a41210c0-08e9-4195-a015-e8996b4d7f50'::uuid,'0a5db361-c63a-45c4-911d-54aa0aae2ec1'::uuid,'3'::bigint,gen_random_uuid(),'München'::text,'1.125'::numeric,public.ST_GeomFromEWKT('SRID=4326;POINT(NaN 2)')) ON CONFLICT(version_id,fid) DO UPDATE SET feature_revision=EXCLUDED.feature_revision,name=EXCLUDED.name,amount=EXCLUDED.amount,geom=EXCLUDED.geom"
	PL/pgSQL function raw_apply_rows(uuid,uuid,uuid,jsonb,boolean) line 89 at EXECUTE
	PL/pgSQL function apply_group(uuid,uuid,jsonb) line 68 at assignment
	PL/pgSQL function apply_rows(uuid,uuid,uuid,jsonb,boolean) line 9 at RETURN
2026-10-03 11:32:06.686 PDT [455470] STATEMENT:  SELECT managed.apply_rows('2e4b5afd-170d-46a3-83e8-2c5042fd0cb2','a41210c0-08e9-4195-a015-e8996b4d7f50','87e26d92-c746-4be8-9f8e-032d66f434d1','[{"fid":"0a5db361-c63a-45c4-911d-54aa0aae2ec1","values":{"name":"München","amount":"1.125"},"geometry":"SRID=4326;POINT(NaN 2)"}]'::jsonb,true)
2026-10-03 11:32:06.687 PDT [455470] ERROR:  parse error - invalid geometry
2026-10-03 11:32:06.687 PDT [455470] HINT:  "SRID=4326;POINT(In" <-- parse error at position 18 within geometry
2026-10-03 11:32:06.687 PDT [455470] CONTEXT:  SQL statement "INSERT INTO managed.d_2e4b5afd170d46a383e82c5042fd0cb2 (dataset_id,version_group_id,version_id,fid,object_id,feature_revision,name,amount,geom) VALUES ('2e4b5afd-170d-46a3-83e8-2c5042fd0cb2'::uuid,'519eb728-afaf-4be7-8cb3-2ce44806bfe6'::uuid,'a41210c0-08e9-4195-a015-e8996b4d7f50'::uuid,'f228fa4e-97bf-4e5f-995c-62483e45632e'::uuid,'4'::bigint,gen_random_uuid(),'München'::text,'1.125'::numeric,public.ST_GeomFromEWKT('SRID=4326;POINT(Infinity 2)')) ON CONFLICT(version_id,fid) DO UPDATE SET feature_revision=EXCLUDED.feature_revision,name=EXCLUDED.name,amount=EXCLUDED.amount,geom=EXCLUDED.geom"
	PL/pgSQL function raw_apply_rows(uuid,uuid,uuid,jsonb,boolean) line 89 at EXECUTE
	PL/pgSQL function apply_group(uuid,uuid,jsonb) line 68 at assignment
	PL/pgSQL function apply_rows(uuid,uuid,uuid,jsonb,boolean) line 9 at RETURN
2026-10-03 11:32:06.687 PDT [455470] STATEMENT:  SELECT managed.apply_rows('2e4b5afd-170d-46a3-83e8-2c5042fd0cb2','a41210c0-08e9-4195-a015-e8996b4d7f50','87e26d92-c746-4be8-9f8e-032d66f434d1','[{"fid":"f228fa4e-97bf-4e5f-995c-62483e45632e","values":{"name":"München","amount":"1.125"},"geometry":"SRID=4326;POINT(Infinity 2)"}]'::jsonb,true)
2026-10-03 11:32:06.688 PDT [455470] ERROR:  INVALID_GEOMETRY_INPUT
2026-10-03 11:32:06.688 PDT [455470] CONTEXT:  PL/pgSQL function raw_apply_rows(uuid,uuid,uuid,jsonb,boolean) line 84 at RAISE
	PL/pgSQL function apply_group(uuid,uuid,jsonb) line 68 at assignment
	PL/pgSQL function apply_rows(uuid,uuid,uuid,jsonb,boolean) line 9 at RETURN
2026-10-03 11:32:06.688 PDT [455470] STATEMENT:  SELECT managed.apply_rows('2e4b5afd-170d-46a3-83e8-2c5042fd0cb2','a41210c0-08e9-4195-a015-e8996b4d7f50','87e26d92-c746-4be8-9f8e-032d66f434d1','[{"fid":"4869937e-b246-4406-a69c-f233b586c38c","values":{"name":"München","amount":"1.125"},"geometry":"POINT(1 2)"}]'::jsonb,true)
2026-10-03 11:32:06.796 PDT [455470] ERROR:  new row for relation "d_ce7467115e9e40f8be9dc8bd4f6d49a1" violates check constraint "d_ce7467115e9e40f8be9dc8bd4f6d49a1_geom_check"
2026-10-03 11:32:06.796 PDT [455470] DETAIL:  Failing row contains (ce746711-5e9e-40f8-be9d-c8bd4f6d49a1, 892d730a-3f47-4a48-9a2c-523dce21ca22, 9d59c665-ba12-4f91-a32a-fa664ff1988d, af36342a-444d-45f9-bbc4-bfc9748a1f31, 1, 3331a8c1-bf05-4081-a047-cdc65f63ea73, München, 1.125, 01010000A0E6100000000000000000F03F0000000000000040000000000000F8...).
2026-10-03 11:32:06.796 PDT [455470] CONTEXT:  SQL statement "INSERT INTO managed.d_ce7467115e9e40f8be9dc8bd4f6d49a1 (dataset_id,version_group_id,version_id,fid,object_id,feature_revision,name,amount,geom) VALUES ('ce746711-5e9e-40f8-be9d-c8bd4f6d49a1'::uuid,'892d730a-3f47-4a48-9a2c-523dce21ca22'::uuid,'9d59c665-ba12-4f91-a32a-fa664ff1988d'::uuid,'af36342a-444d-45f9-bbc4-bfc9748a1f31'::uuid,'1'::bigint,gen_random_uuid(),'München'::text,'1.125'::numeric,public.ST_GeomFromEWKT('SRID=4326;POINT Z(1 2 NaN)')) ON CONFLICT(version_id,fid) DO UPDATE SET feature_revision=EXCLUDED.feature_revision,name=EXCLUDED.name,amount=EXCLUDED.amount,geom=EXCLUDED.geom"
	PL/pgSQL function raw_apply_rows(uuid,uuid,uuid,jsonb,boolean) line 89 at EXECUTE
	PL/pgSQL function apply_group(uuid,uuid,jsonb) line 68 at assignment
	PL/pgSQL function apply_rows(uuid,uuid,uuid,jsonb,boolean) line 9 at RETURN
2026-10-03 11:32:06.796 PDT [455470] STATEMENT:  SELECT managed.apply_rows('ce746711-5e9e-40f8-be9d-c8bd4f6d49a1','9d59c665-ba12-4f91-a32a-fa664ff1988d','7e84af21-ec7f-4379-9909-14e2ff7bcea9','[{"fid":"af36342a-444d-45f9-bbc4-bfc9748a1f31","values":{"name":"München","amount":"1.125"},"geometry":"SRID=4326;POINT Z(1 2 NaN)"}]'::jsonb,true)
2026-10-03 11:32:06.842 PDT [455470] ERROR:  parse error - invalid geometry
2026-10-03 11:32:06.842 PDT [455470] HINT:  "SRID=4326;POINT M(1 2 In" <-- parse error at position 24 within geometry
2026-10-03 11:32:06.842 PDT [455470] CONTEXT:  SQL statement "INSERT INTO managed.d_a5d63a021f724ac3aa673bc5e8c3497d (dataset_id,version_group_id,version_id,fid,object_id,feature_revision,name,amount,geom) VALUES ('a5d63a02-1f72-4ac3-aa67-3bc5e8c3497d'::uuid,'48ee066a-5604-47a6-bcba-4961ae400948'::uuid,'8728c097-4c67-44ca-bbfb-0d00a140d40e'::uuid,'eeac63aa-e730-495c-b760-74ec1d795ac6'::uuid,'1'::bigint,gen_random_uuid(),'München'::text,'1.125'::numeric,public.ST_GeomFromEWKT('SRID=4326;POINT M(1 2 Infinity)')) ON CONFLICT(version_id,fid) DO UPDATE SET feature_revision=EXCLUDED.feature_revision,name=EXCLUDED.name,amount=EXCLUDED.amount,geom=EXCLUDED.geom"
	PL/pgSQL function raw_apply_rows(uuid,uuid,uuid,jsonb,boolean) line 89 at EXECUTE
	PL/pgSQL function apply_group(uuid,uuid,jsonb) line 68 at assignment
	PL/pgSQL function apply_rows(uuid,uuid,uuid,jsonb,boolean) line 9 at RETURN
2026-10-03 11:32:06.842 PDT [455470] STATEMENT:  SELECT managed.apply_rows('a5d63a02-1f72-4ac3-aa67-3bc5e8c3497d','8728c097-4c67-44ca-bbfb-0d00a140d40e','873199f2-6ebd-4962-9131-529cb5d7f1c7','[{"fid":"eeac63aa-e730-495c-b760-74ec1d795ac6","values":{"name":"München","amount":"1.125"},"geometry":"SRID=4326;POINT M(1 2 Infinity)"}]'::jsonb,true)
2026-10-03 11:32:06.890 PDT [455470] ERROR:  new row for relation "d_f38afefc38e447d78d6dcf685a611f2c" violates check constraint "d_f38afefc38e447d78d6dcf685a611f2c_geom_check"
2026-10-03 11:32:06.890 PDT [455470] DETAIL:  Failing row contains (f38afefc-38e4-47d7-8d6d-cf685a611f2c, ca227a91-c423-4cf2-82e1-a1c9f08d1719, 6f961864-d4e9-47b9-857b-2863d731e632, e0c79d95-38b2-4b69-802e-71417882511a, 1, f62ff65e-984a-4270-bf8c-fb0dc8c3c5e7, München, 1.125, 01010000E0E6100000000000000000F03F000000000000004000000000000008...).
2026-10-03 11:32:06.890 PDT [455470] CONTEXT:  SQL statement "INSERT INTO managed.d_f38afefc38e447d78d6dcf685a611f2c (dataset_id,version_group_id,version_id,fid,object_id,feature_revision,name,amount,geom) VALUES ('f38afefc-38e4-47d7-8d6d-cf685a611f2c'::uuid,'ca227a91-c423-4cf2-82e1-a1c9f08d1719'::uuid,'6f961864-d4e9-47b9-857b-2863d731e632'::uuid,'e0c79d95-38b2-4b69-802e-71417882511a'::uuid,'1'::bigint,gen_random_uuid(),'München'::text,'1.125'::numeric,public.ST_GeomFromEWKT('SRID=4326;POINT ZM(1 2 3 NaN)')) ON CONFLICT(version_id,fid) DO UPDATE SET feature_revision=EXCLUDED.feature_revision,name=EXCLUDED.name,amount=EXCLUDED.amount,geom=EXCLUDED.geom"
	PL/pgSQL function raw_apply_rows(uuid,uuid,uuid,jsonb,boolean) line 89 at EXECUTE
	PL/pgSQL function apply_group(uuid,uuid,jsonb) line 68 at assignment
	PL/pgSQL function apply_rows(uuid,uuid,uuid,jsonb,boolean) line 9 at RETURN
2026-10-03 11:32:06.890 PDT [455470] STATEMENT:  SELECT managed.apply_rows('f38afefc-38e4-47d7-8d6d-cf685a611f2c','6f961864-d4e9-47b9-857b-2863d731e632','2a57c486-9e0b-420a-ad7b-7172c274c7f8','[{"fid":"e0c79d95-38b2-4b69-802e-71417882511a","values":{"name":"München","amount":"1.125"},"geometry":"SRID=4326;POINT ZM(1 2 3 NaN)"}]'::jsonb,true)
2026-10-03 11:32:06.937 PDT [455470] ERROR:  new row for relation "d_dbbcc9836f3c41769055740d42aac0c3" violates check constraint "d_dbbcc9836f3c41769055740d42aac0c3_geom_check"
2026-10-03 11:32:06.937 PDT [455470] DETAIL:  Failing row contains (dbbcc983-6f3c-4176-9055-740d42aac0c3, 2f31113c-98ff-4663-b405-7801508949ca, 53b6937c-1419-468a-8508-986e2c4862ed, 6218de53-ec2f-4ca9-93dc-584eb3112fdd, 1, c2536efb-88cf-4a14-a26a-804a1861cf63, München, 1.125, 0103000020E61000000100000005000000000000000000000000000000000000...).
2026-10-03 11:32:06.937 PDT [455470] CONTEXT:  SQL statement "INSERT INTO managed.d_dbbcc9836f3c41769055740d42aac0c3 (dataset_id,version_group_id,version_id,fid,object_id,feature_revision,name,amount,geom) VALUES ('dbbcc983-6f3c-4176-9055-740d42aac0c3'::uuid,'2f31113c-98ff-4663-b405-7801508949ca'::uuid,'53b6937c-1419-468a-8508-986e2c4862ed'::uuid,'6218de53-ec2f-4ca9-93dc-584eb3112fdd'::uuid,'1'::bigint,gen_random_uuid(),'München'::text,'1.125'::numeric,public.ST_GeomFromEWKT('SRID=4326;POLYGON((0 0,2 2,0 2,2 0,0 0))')) ON CONFLICT(version_id,fid) DO UPDATE SET feature_revision=EXCLUDED.feature_revision,name=EXCLUDED.name,amount=EXCLUDED.amount,geom=EXCLUDED.geom"
	PL/pgSQL function raw_apply_rows(uuid,uuid,uuid,jsonb,boolean) line 89 at EXECUTE
	PL/pgSQL function apply_group(uuid,uuid,jsonb) line 68 at assignment
	PL/pgSQL function apply_rows(uuid,uuid,uuid,jsonb,boolean) line 9 at RETURN
2026-10-03 11:32:06.937 PDT [455470] STATEMENT:  SELECT managed.apply_rows('dbbcc983-6f3c-4176-9055-740d42aac0c3','53b6937c-1419-468a-8508-986e2c4862ed','e0fe021b-ad53-435a-98cd-407b5075f677','[{"fid":"6218de53-ec2f-4ca9-93dc-584eb3112fdd","values":{"name":"München","amount":"1.125"},"geometry":"SRID=4326;POLYGON((0 0,2 2,0 2,2 0,0 0))"}]'::jsonb,true)
2026-10-03 11:32:07.008 PDT [455471] ERROR:  new row for relation "d_f37ab07f67324d359d835cde8cc12544" violates check constraint "d_f37ab07f67324d359d835cde8cc12544_geom_check"
2026-10-03 11:32:07.008 PDT [455471] DETAIL:  Failing row contains (f37ab07f-6732-4d35-9d83-5cde8cc12544, ee3867cd-cf1d-44bb-9ca4-c764634f0a77, 2af3b5fc-77c9-461c-9ae8-45ac5e2cb2ca, e9dfa1e3-26f0-4c42-bd99-d7583e4801b7, 2, 55b4a191-a9c2-49bd-89d9-fbbf9be71aeb, München, 1.125, 0101000000000000000000F03F0000000000000040).
2026-10-03 11:32:07.008 PDT [455471] CONTEXT:  SQL statement "INSERT INTO managed.d_f37ab07f67324d359d835cde8cc12544 (dataset_id,version_group_id,version_id,fid,object_id,feature_revision,name,amount,geom) VALUES ('f37ab07f-6732-4d35-9d83-5cde8cc12544'::uuid,'ee3867cd-cf1d-44bb-9ca4-c764634f0a77'::uuid,'2af3b5fc-77c9-461c-9ae8-45ac5e2cb2ca'::uuid,'e9dfa1e3-26f0-4c42-bd99-d7583e4801b7'::uuid,'2'::bigint,gen_random_uuid(),'München'::text,'1.125'::numeric,public.ST_GeomFromEWKT('SRID=0;POINT (1 2)')) ON CONFLICT(version_id,fid) DO UPDATE SET feature_revision=EXCLUDED.feature_revision,name=EXCLUDED.name,amount=EXCLUDED.amount,geom=EXCLUDED.geom"
	PL/pgSQL function raw_apply_rows(uuid,uuid,uuid,jsonb,boolean) line 89 at EXECUTE
	PL/pgSQL function apply_group(uuid,uuid,jsonb) line 68 at assignment
	PL/pgSQL function apply_rows(uuid,uuid,uuid,jsonb,boolean) line 9 at RETURN
2026-10-03 11:32:07.008 PDT [455471] STATEMENT:  SELECT managed.apply_rows('f37ab07f-6732-4d35-9d83-5cde8cc12544','2af3b5fc-77c9-461c-9ae8-45ac5e2cb2ca','316948c9-e39e-41a4-8f84-6de10ad5473e','[{"fid":"e9dfa1e3-26f0-4c42-bd99-d7583e4801b7","values":{"name":"München","amount":"1.125"},"geometry":"SRID=0;POINT (1 2)"}]'::jsonb,true)
2026-10-03 11:32:07.009 PDT [455471] ERROR:  new row for relation "d_f37ab07f67324d359d835cde8cc12544" violates check constraint "d_f37ab07f67324d359d835cde8cc12544_geom_check"
2026-10-03 11:32:07.009 PDT [455471] DETAIL:  Failing row contains (f37ab07f-6732-4d35-9d83-5cde8cc12544, ee3867cd-cf1d-44bb-9ca4-c764634f0a77, 2af3b5fc-77c9-461c-9ae8-45ac5e2cb2ca, 5ae21f29-3890-4846-a737-f68f804023e0, 3, 4c910db4-032b-416d-99a9-fc6f9d4a863e, München, 1.125, 0101000020B6080000000000000000F03F0000000000000040).
2026-10-03 11:32:07.009 PDT [455471] CONTEXT:  SQL statement "INSERT INTO managed.d_f37ab07f67324d359d835cde8cc12544 (dataset_id,version_group_id,version_id,fid,object_id,feature_revision,name,amount,geom) VALUES ('f37ab07f-6732-4d35-9d83-5cde8cc12544'::uuid,'ee3867cd-cf1d-44bb-9ca4-c764634f0a77'::uuid,'2af3b5fc-77c9-461c-9ae8-45ac5e2cb2ca'::uuid,'5ae21f29-3890-4846-a737-f68f804023e0'::uuid,'3'::bigint,gen_random_uuid(),'München'::text,'1.125'::numeric,public.ST_GeomFromEWKT('SRID=2230;POINT (1 2)')) ON CONFLICT(version_id,fid) DO UPDATE SET feature_revision=EXCLUDED.feature_revision,name=EXCLUDED.name,amount=EXCLUDED.amount,geom=EXCLUDED.geom"
	PL/pgSQL function raw_apply_rows(uuid,uuid,uuid,jsonb,boolean) line 89 at EXECUTE
	PL/pgSQL function apply_group(uuid,uuid,jsonb) line 68 at assignment
	PL/pgSQL function apply_rows(uuid,uuid,uuid,jsonb,boolean) line 9 at RETURN
2026-10-03 11:32:07.009 PDT [455471] STATEMENT:  SELECT managed.apply_rows('f37ab07f-6732-4d35-9d83-5cde8cc12544','2af3b5fc-77c9-461c-9ae8-45ac5e2cb2ca','316948c9-e39e-41a4-8f84-6de10ad5473e','[{"fid":"5ae21f29-3890-4846-a737-f68f804023e0","values":{"name":"München","amount":"1.125"},"geometry":"SRID=2230;POINT (1 2)"}]'::jsonb,true)
2026-10-03 11:32:07.011 PDT [455471] ERROR:  new row for relation "d_f37ab07f67324d359d835cde8cc12544" violates check constraint "d_f37ab07f67324d359d835cde8cc12544_geom_check"
2026-10-03 11:32:07.011 PDT [455471] DETAIL:  Failing row contains (f37ab07f-6732-4d35-9d83-5cde8cc12544, ee3867cd-cf1d-44bb-9ca4-c764634f0a77, 2af3b5fc-77c9-461c-9ae8-45ac5e2cb2ca, 4977b2a4-7778-43c6-a977-6d6639990dfb, 4, f35dc12a-517b-4b9d-8874-09a3231ccd43, München, 1.125, 01010000A0E6100000000000000000F03F000000000000004000000000000008...).
2026-10-03 11:32:07.011 PDT [455471] CONTEXT:  SQL statement "INSERT INTO managed.d_f37ab07f67324d359d835cde8cc12544 (dataset_id,version_group_id,version_id,fid,object_id,feature_revision,name,amount,geom) VALUES ('f37ab07f-6732-4d35-9d83-5cde8cc12544'::uuid,'ee3867cd-cf1d-44bb-9ca4-c764634f0a77'::uuid,'2af3b5fc-77c9-461c-9ae8-45ac5e2cb2ca'::uuid,'4977b2a4-7778-43c6-a977-6d6639990dfb'::uuid,'4'::bigint,gen_random_uuid(),'München'::text,'1.125'::numeric,public.ST_GeomFromEWKT('SRID=4326;POINT Z(1 2 3)')) ON CONFLICT(version_id,fid) DO UPDATE SET feature_revision=EXCLUDED.feature_revision,name=EXCLUDED.name,amount=EXCLUDED.amount,geom=EXCLUDED.geom"
	PL/pgSQL function raw_apply_rows(uuid,uuid,uuid,jsonb,boolean) line 89 at EXECUTE
	PL/pgSQL function apply_group(uuid,uuid,jsonb) line 68 at assignment
	PL/pgSQL function apply_rows(uuid,uuid,uuid,jsonb,boolean) line 9 at RETURN
2026-10-03 11:32:07.011 PDT [455471] STATEMENT:  SELECT managed.apply_rows('f37ab07f-6732-4d35-9d83-5cde8cc12544','2af3b5fc-77c9-461c-9ae8-45ac5e2cb2ca','316948c9-e39e-41a4-8f84-6de10ad5473e','[{"fid":"4977b2a4-7778-43c6-a977-6d6639990dfb","values":{"name":"München","amount":"1.125"},"geometry":"SRID=4326;POINT Z(1 2 3)"}]'::jsonb,true)
2026-10-03 11:32:07.012 PDT [455471] ERROR:  new row for relation "d_f37ab07f67324d359d835cde8cc12544" violates check constraint "d_f37ab07f67324d359d835cde8cc12544_geom_check"
2026-10-03 11:32:07.012 PDT [455471] DETAIL:  Failing row contains (f37ab07f-6732-4d35-9d83-5cde8cc12544, ee3867cd-cf1d-44bb-9ca4-c764634f0a77, 2af3b5fc-77c9-461c-9ae8-45ac5e2cb2ca, 2306a99a-8bb6-49a4-bec8-8bc9e704983a, 5, ec90d981-43b2-4c44-aab0-f8bf9f9302b5, München, 1.125, 0104000020E6100000010000000101000000000000000000F03F000000000000...).
2026-10-03 11:32:07.012 PDT [455471] CONTEXT:  SQL statement "INSERT INTO managed.d_f37ab07f67324d359d835cde8cc12544 (dataset_id,version_group_id,version_id,fid,object_id,feature_revision,name,amount,geom) VALUES ('f37ab07f-6732-4d35-9d83-5cde8cc12544'::uuid,'ee3867cd-cf1d-44bb-9ca4-c764634f0a77'::uuid,'2af3b5fc-77c9-461c-9ae8-45ac5e2cb2ca'::uuid,'2306a99a-8bb6-49a4-bec8-8bc9e704983a'::uuid,'5'::bigint,gen_random_uuid(),'München'::text,'1.125'::numeric,public.ST_GeomFromEWKT('SRID=4326;MULTIPOINT ((1 2))')) ON CONFLICT(version_id,fid) DO UPDATE SET feature_revision=EXCLUDED.feature_revision,name=EXCLUDED.name,amount=EXCLUDED.amount,geom=EXCLUDED.geom"
	PL/pgSQL function raw_apply_rows(uuid,uuid,uuid,jsonb,boolean) line 89 at EXECUTE
	PL/pgSQL function apply_group(uuid,uuid,jsonb) line 68 at assignment
	PL/pgSQL function apply_rows(uuid,uuid,uuid,jsonb,boolean) line 9 at RETURN
2026-10-03 11:32:07.012 PDT [455471] STATEMENT:  SELECT managed.apply_rows('f37ab07f-6732-4d35-9d83-5cde8cc12544','2af3b5fc-77c9-461c-9ae8-45ac5e2cb2ca','316948c9-e39e-41a4-8f84-6de10ad5473e','[{"fid":"2306a99a-8bb6-49a4-bec8-8bc9e704983a","values":{"name":"München","amount":"1.125"},"geometry":"SRID=4326;MULTIPOINT ((1 2))"}]'::jsonb,true)
2026-10-03 11:32:07.068 PDT [455471] ERROR:  new row for relation "d_01331353b75a46369fb32d6f44808629" violates check constraint "d_01331353b75a46369fb32d6f44808629_geom_check"
2026-10-03 11:32:07.068 PDT [455471] DETAIL:  Failing row contains (01331353-b75a-4636-9fb3-2d6f44808629, 226f47cc-385a-4845-8d99-c98679c350ce, 78702751-fe00-4ef9-9e18-9437f64f922c, bd18e9fb-d9e5-44c7-ad6f-ea45225a7fe4, 2, a1844085-4e8c-4e0f-b00e-765b8cf5ca90, München, 1.125, 0101000080000000000000F03F00000000000000400000000000000840).
2026-10-03 11:32:07.068 PDT [455471] CONTEXT:  SQL statement "INSERT INTO managed.d_01331353b75a46369fb32d6f44808629 (dataset_id,version_group_id,version_id,fid,object_id,feature_revision,name,amount,geom) VALUES ('01331353-b75a-4636-9fb3-2d6f44808629'::uuid,'226f47cc-385a-4845-8d99-c98679c350ce'::uuid,'78702751-fe00-4ef9-9e18-9437f64f922c'::uuid,'bd18e9fb-d9e5-44c7-ad6f-ea45225a7fe4'::uuid,'2'::bigint,gen_random_uuid(),'München'::text,'1.125'::numeric,public.ST_GeomFromEWKT('SRID=0;POINT Z(1 2 3)')) ON CONFLICT(version_id,fid) DO UPDATE SET feature_revision=EXCLUDED.feature_revision,name=EXCLUDED.name,amount=EXCLUDED.amount,geom=EXCLUDED.geom"
	PL/pgSQL function raw_apply_rows(uuid,uuid,uuid,jsonb,boolean) line 89 at EXECUTE
	PL/pgSQL function apply_group(uuid,uuid,jsonb) line 68 at assignment
	PL/pgSQL function apply_rows(uuid,uuid,uuid,jsonb,boolean) line 9 at RETURN
2026-10-03 11:32:07.068 PDT [455471] STATEMENT:  SELECT managed.apply_rows('01331353-b75a-4636-9fb3-2d6f44808629','78702751-fe00-4ef9-9e18-9437f64f922c','1837abeb-1bfe-42a4-8d18-754777432cb0','[{"fid":"bd18e9fb-d9e5-44c7-ad6f-ea45225a7fe4","values":{"name":"München","amount":"1.125"},"geometry":"SRID=0;POINT Z(1 2 3)"}]'::jsonb,true)
2026-10-03 11:32:07.069 PDT [455471] ERROR:  new row for relation "d_01331353b75a46369fb32d6f44808629" violates check constraint "d_01331353b75a46369fb32d6f44808629_geom_check"
2026-10-03 11:32:07.069 PDT [455471] DETAIL:  Failing row contains (01331353-b75a-4636-9fb3-2d6f44808629, 226f47cc-385a-4845-8d99-c98679c350ce, 78702751-fe00-4ef9-9e18-9437f64f922c, 21918d6a-6ec4-490a-9cbf-8e44dad0d0c5, 3, fe2d46af-e4ce-415d-8879-1ea544f20ecd, München, 1.125, 01010000A0B6080000000000000000F03F000000000000004000000000000008...).
2026-10-03 11:32:07.069 PDT [455471] CONTEXT:  SQL statement "INSERT INTO managed.d_01331353b75a46369fb32d6f44808629 (dataset_id,version_group_id,version_id,fid,object_id,feature_revision,name,amount,geom) VALUES ('01331353-b75a-4636-9fb3-2d6f44808629'::uuid,'226f47cc-385a-4845-8d99-c98679c350ce'::uuid,'78702751-fe00-4ef9-9e18-9437f64f922c'::uuid,'21918d6a-6ec4-490a-9cbf-8e44dad0d0c5'::uuid,'3'::bigint,gen_random_uuid(),'München'::text,'1.125'::numeric,public.ST_GeomFromEWKT('SRID=2230;POINT Z(1 2 3)')) ON CONFLICT(version_id,fid) DO UPDATE SET feature_revision=EXCLUDED.feature_revision,name=EXCLUDED.name,amount=EXCLUDED.amount,geom=EXCLUDED.geom"
	PL/pgSQL function raw_apply_rows(uuid,uuid,uuid,jsonb,boolean) line 89 at EXECUTE
	PL/pgSQL function apply_group(uuid,uuid,jsonb) line 68 at assignment
	PL/pgSQL function apply_rows(uuid,uuid,uuid,jsonb,boolean) line 9 at RETURN
2026-10-03 11:32:07.069 PDT [455471] STATEMENT:  SELECT managed.apply_rows('01331353-b75a-4636-9fb3-2d6f44808629','78702751-fe00-4ef9-9e18-9437f64f922c','1837abeb-1bfe-42a4-8d18-754777432cb0','[{"fid":"21918d6a-6ec4-490a-9cbf-8e44dad0d0c5","values":{"name":"München","amount":"1.125"},"geometry":"SRID=2230;POINT Z(1 2 3)"}]'::jsonb,true)
2026-10-03 11:32:07.071 PDT [455471] ERROR:  new row for relation "d_01331353b75a46369fb32d6f44808629" violates check constraint "d_01331353b75a46369fb32d6f44808629_geom_check"
2026-10-03 11:32:07.071 PDT [455471] DETAIL:  Failing row contains (01331353-b75a-4636-9fb3-2d6f44808629, 226f47cc-385a-4845-8d99-c98679c350ce, 78702751-fe00-4ef9-9e18-9437f64f922c, 11c4dce1-68a7-42ee-96fb-e975204e91ac, 4, 2d398f87-774f-4720-a15b-6316026956dd, München, 1.125, 0101000020E6100000000000000000F03F0000000000000040).
2026-10-03 11:32:07.071 PDT [455471] CONTEXT:  SQL statement "INSERT INTO managed.d_01331353b75a46369fb32d6f44808629 (dataset_id,version_group_id,version_id,fid,object_id,feature_revision,name,amount,geom) VALUES ('01331353-b75a-4636-9fb3-2d6f44808629'::uuid,'226f47cc-385a-4845-8d99-c98679c350ce'::uuid,'78702751-fe00-4ef9-9e18-9437f64f922c'::uuid,'11c4dce1-68a7-42ee-96fb-e975204e91ac'::uuid,'4'::bigint,gen_random_uuid(),'München'::text,'1.125'::numeric,public.ST_GeomFromEWKT('SRID=4326;POINT (1 2)')) ON CONFLICT(version_id,fid) DO UPDATE SET feature_revision=EXCLUDED.feature_revision,name=EXCLUDED.name,amount=EXCLUDED.amount,geom=EXCLUDED.geom"
	PL/pgSQL function raw_apply_rows(uuid,uuid,uuid,jsonb,boolean) line 89 at EXECUTE
	PL/pgSQL function apply_group(uuid,uuid,jsonb) line 68 at assignment
	PL/pgSQL function apply_rows(uuid,uuid,uuid,jsonb,boolean) line 9 at RETURN
2026-10-03 11:32:07.071 PDT [455471] STATEMENT:  SELECT managed.apply_rows('01331353-b75a-4636-9fb3-2d6f44808629','78702751-fe00-4ef9-9e18-9437f64f922c','1837abeb-1bfe-42a4-8d18-754777432cb0','[{"fid":"11c4dce1-68a7-42ee-96fb-e975204e91ac","values":{"name":"München","amount":"1.125"},"geometry":"SRID=4326;POINT (1 2)"}]'::jsonb,true)
2026-10-03 11:32:07.072 PDT [455471] ERROR:  new row for relation "d_01331353b75a46369fb32d6f44808629" violates check constraint "d_01331353b75a46369fb32d6f44808629_geom_check"
2026-10-03 11:32:07.072 PDT [455471] DETAIL:  Failing row contains (01331353-b75a-4636-9fb3-2d6f44808629, 226f47cc-385a-4845-8d99-c98679c350ce, 78702751-fe00-4ef9-9e18-9437f64f922c, 128dcc90-f6ee-4d8e-a5bc-ff6ebc911da4, 5, bae2b3f0-20e8-46b3-b520-d201f436666c, München, 1.125, 01040000A0E6100000010000000101000080000000000000F03F000000000000...).
2026-10-03 11:32:07.072 PDT [455471] CONTEXT:  SQL statement "INSERT INTO managed.d_01331353b75a46369fb32d6f44808629 (dataset_id,version_group_id,version_id,fid,object_id,feature_revision,name,amount,geom) VALUES ('01331353-b75a-4636-9fb3-2d6f44808629'::uuid,'226f47cc-385a-4845-8d99-c98679c350ce'::uuid,'78702751-fe00-4ef9-9e18-9437f64f922c'::uuid,'128dcc90-f6ee-4d8e-a5bc-ff6ebc911da4'::uuid,'5'::bigint,gen_random_uuid(),'München'::text,'1.125'::numeric,public.ST_GeomFromEWKT('SRID=4326;MULTIPOINT Z((1 2 3))')) ON CONFLICT(version_id,fid) DO UPDATE SET feature_revision=EXCLUDED.feature_revision,name=EXCLUDED.name,amount=EXCLUDED.amount,geom=EXCLUDED.geom"
	PL/pgSQL function raw_apply_rows(uuid,uuid,uuid,jsonb,boolean) line 89 at EXECUTE
	PL/pgSQL function apply_group(uuid,uuid,jsonb) line 68 at assignment
	PL/pgSQL function apply_rows(uuid,uuid,uuid,jsonb,boolean) line 9 at RETURN
2026-10-03 11:32:07.072 PDT [455471] STATEMENT:  SELECT managed.apply_rows('01331353-b75a-4636-9fb3-2d6f44808629','78702751-fe00-4ef9-9e18-9437f64f922c','1837abeb-1bfe-42a4-8d18-754777432cb0','[{"fid":"128dcc90-f6ee-4d8e-a5bc-ff6ebc911da4","values":{"name":"München","amount":"1.125"},"geometry":"SRID=4326;MULTIPOINT Z((1 2 3))"}]'::jsonb,true)
2026-10-03 11:32:07.129 PDT [455471] ERROR:  new row for relation "d_72b39c2d42b2419ba3a9514287dfe250" violates check constraint "d_72b39c2d42b2419ba3a9514287dfe250_geom_check"
2026-10-03 11:32:07.129 PDT [455471] DETAIL:  Failing row contains (72b39c2d-42b2-419b-a3a9-514287dfe250, 12e0a619-abba-4a31-b5ee-b5037868068b, 6f4ba5b3-8835-4c6b-9b6d-f1eb826f418e, 0581e451-6b1c-4e2f-a807-e09d87b3dcdc, 2, dbaefc10-6568-487b-bcfd-66112dd0c6d5, München, 1.125, 0101000040000000000000F03F00000000000000400000000000001040).
2026-10-03 11:32:07.129 PDT [455471] CONTEXT:  SQL statement "INSERT INTO managed.d_72b39c2d42b2419ba3a9514287dfe250 (dataset_id,version_group_id,version_id,fid,object_id,feature_revision,name,amount,geom) VALUES ('72b39c2d-42b2-419b-a3a9-514287dfe250'::uuid,'12e0a619-abba-4a31-b5ee-b5037868068b'::uuid,'6f4ba5b3-8835-4c6b-9b6d-f1eb826f418e'::uuid,'0581e451-6b1c-4e2f-a807-e09d87b3dcdc'::uuid,'2'::bigint,gen_random_uuid(),'München'::text,'1.125'::numeric,public.ST_GeomFromEWKT('SRID=0;POINT M(1 2 4)')) ON CONFLICT(version_id,fid) DO UPDATE SET feature_revision=EXCLUDED.feature_revision,name=EXCLUDED.name,amount=EXCLUDED.amount,geom=EXCLUDED.geom"
	PL/pgSQL function raw_apply_rows(uuid,uuid,uuid,jsonb,boolean) line 89 at EXECUTE
	PL/pgSQL function apply_group(uuid,uuid,jsonb) line 68 at assignment
	PL/pgSQL function apply_rows(uuid,uuid,uuid,jsonb,boolean) line 9 at RETURN
2026-10-03 11:32:07.129 PDT [455471] STATEMENT:  SELECT managed.apply_rows('72b39c2d-42b2-419b-a3a9-514287dfe250','6f4ba5b3-8835-4c6b-9b6d-f1eb826f418e','55a8283a-b3a5-4e25-acfd-6f0ec370e228','[{"fid":"0581e451-6b1c-4e2f-a807-e09d87b3dcdc","values":{"name":"München","amount":"1.125"},"geometry":"SRID=0;POINT M(1 2 4)"}]'::jsonb,true)
2026-10-03 11:32:07.130 PDT [455471] ERROR:  new row for relation "d_72b39c2d42b2419ba3a9514287dfe250" violates check constraint "d_72b39c2d42b2419ba3a9514287dfe250_geom_check"
2026-10-03 11:32:07.130 PDT [455471] DETAIL:  Failing row contains (72b39c2d-42b2-419b-a3a9-514287dfe250, 12e0a619-abba-4a31-b5ee-b5037868068b, 6f4ba5b3-8835-4c6b-9b6d-f1eb826f418e, 0aebef32-6b2c-4665-a960-4cbc690297ae, 3, cae4d1a7-f0e1-4350-a2f6-c22b5ec9afd2, München, 1.125, 0101000060B6080000000000000000F03F000000000000004000000000000010...).
2026-10-03 11:32:07.130 PDT [455471] CONTEXT:  SQL statement "INSERT INTO managed.d_72b39c2d42b2419ba3a9514287dfe250 (dataset_id,version_group_id,version_id,fid,object_id,feature_revision,name,amount,geom) VALUES ('72b39c2d-42b2-419b-a3a9-514287dfe250'::uuid,'12e0a619-abba-4a31-b5ee-b5037868068b'::uuid,'6f4ba5b3-8835-4c6b-9b6d-f1eb826f418e'::uuid,'0aebef32-6b2c-4665-a960-4cbc690297ae'::uuid,'3'::bigint,gen_random_uuid(),'München'::text,'1.125'::numeric,public.ST_GeomFromEWKT('SRID=2230;POINT M(1 2 4)')) ON CONFLICT(version_id,fid) DO UPDATE SET feature_revision=EXCLUDED.feature_revision,name=EXCLUDED.name,amount=EXCLUDED.amount,geom=EXCLUDED.geom"
	PL/pgSQL function raw_apply_rows(uuid,uuid,uuid,jsonb,boolean) line 89 at EXECUTE
	PL/pgSQL function apply_group(uuid,uuid,jsonb) line 68 at assignment
	PL/pgSQL function apply_rows(uuid,uuid,uuid,jsonb,boolean) line 9 at RETURN
2026-10-03 11:32:07.130 PDT [455471] STATEMENT:  SELECT managed.apply_rows('72b39c2d-42b2-419b-a3a9-514287dfe250','6f4ba5b3-8835-4c6b-9b6d-f1eb826f418e','55a8283a-b3a5-4e25-acfd-6f0ec370e228','[{"fid":"0aebef32-6b2c-4665-a960-4cbc690297ae","values":{"name":"München","amount":"1.125"},"geometry":"SRID=2230;POINT M(1 2 4)"}]'::jsonb,true)
2026-10-03 11:32:07.132 PDT [455471] ERROR:  new row for relation "d_72b39c2d42b2419ba3a9514287dfe250" violates check constraint "d_72b39c2d42b2419ba3a9514287dfe250_geom_check"
2026-10-03 11:32:07.132 PDT [455471] DETAIL:  Failing row contains (72b39c2d-42b2-419b-a3a9-514287dfe250, 12e0a619-abba-4a31-b5ee-b5037868068b, 6f4ba5b3-8835-4c6b-9b6d-f1eb826f418e, 73f0dc9b-89b4-4371-a5e8-8c904ec2f344, 4, ea381343-eef8-484d-a01b-6ccdcbe7c6d0, München, 1.125, 0101000020E6100000000000000000F03F0000000000000040).
2026-10-03 11:32:07.132 PDT [455471] CONTEXT:  SQL statement "INSERT INTO managed.d_72b39c2d42b2419ba3a9514287dfe250 (dataset_id,version_group_id,version_id,fid,object_id,feature_revision,name,amount,geom) VALUES ('72b39c2d-42b2-419b-a3a9-514287dfe250'::uuid,'12e0a619-abba-4a31-b5ee-b5037868068b'::uuid,'6f4ba5b3-8835-4c6b-9b6d-f1eb826f418e'::uuid,'73f0dc9b-89b4-4371-a5e8-8c904ec2f344'::uuid,'4'::bigint,gen_random_uuid(),'München'::text,'1.125'::numeric,public.ST_GeomFromEWKT('SRID=4326;POINT (1 2)')) ON CONFLICT(version_id,fid) DO UPDATE SET feature_revision=EXCLUDED.feature_revision,name=EXCLUDED.name,amount=EXCLUDED.amount,geom=EXCLUDED.geom"
	PL/pgSQL function raw_apply_rows(uuid,uuid,uuid,jsonb,boolean) line 89 at EXECUTE
	PL/pgSQL function apply_group(uuid,uuid,jsonb) line 68 at assignment
	PL/pgSQL function apply_rows(uuid,uuid,uuid,jsonb,boolean) line 9 at RETURN
2026-10-03 11:32:07.132 PDT [455471] STATEMENT:  SELECT managed.apply_rows('72b39c2d-42b2-419b-a3a9-514287dfe250','6f4ba5b3-8835-4c6b-9b6d-f1eb826f418e','55a8283a-b3a5-4e25-acfd-6f0ec370e228','[{"fid":"73f0dc9b-89b4-4371-a5e8-8c904ec2f344","values":{"name":"München","amount":"1.125"},"geometry":"SRID=4326;POINT (1 2)"}]'::jsonb,true)
2026-10-03 11:32:07.133 PDT [455471] ERROR:  new row for relation "d_72b39c2d42b2419ba3a9514287dfe250" violates check constraint "d_72b39c2d42b2419ba3a9514287dfe250_geom_check"
2026-10-03 11:32:07.133 PDT [455471] DETAIL:  Failing row contains (72b39c2d-42b2-419b-a3a9-514287dfe250, 12e0a619-abba-4a31-b5ee-b5037868068b, 6f4ba5b3-8835-4c6b-9b6d-f1eb826f418e, 058a6a6d-6c8d-4ec3-bf11-dd198df1c1f6, 5, 9d554060-4f59-44cd-99cf-e452bf5f66cb, München, 1.125, 0104000060E6100000010000000101000040000000000000F03F000000000000...).
2026-10-03 11:32:07.133 PDT [455471] CONTEXT:  SQL statement "INSERT INTO managed.d_72b39c2d42b2419ba3a9514287dfe250 (dataset_id,version_group_id,version_id,fid,object_id,feature_revision,name,amount,geom) VALUES ('72b39c2d-42b2-419b-a3a9-514287dfe250'::uuid,'12e0a619-abba-4a31-b5ee-b5037868068b'::uuid,'6f4ba5b3-8835-4c6b-9b6d-f1eb826f418e'::uuid,'058a6a6d-6c8d-4ec3-bf11-dd198df1c1f6'::uuid,'5'::bigint,gen_random_uuid(),'München'::text,'1.125'::numeric,public.ST_GeomFromEWKT('SRID=4326;MULTIPOINT M((1 2 4))')) ON CONFLICT(version_id,fid) DO UPDATE SET feature_revision=EXCLUDED.feature_revision,name=EXCLUDED.name,amount=EXCLUDED.amount,geom=EXCLUDED.geom"
	PL/pgSQL function raw_apply_rows(uuid,uuid,uuid,jsonb,boolean) line 89 at EXECUTE
	PL/pgSQL function apply_group(uuid,uuid,jsonb) line 68 at assignment
	PL/pgSQL function apply_rows(uuid,uuid,uuid,jsonb,boolean) line 9 at RETURN
2026-10-03 11:32:07.133 PDT [455471] STATEMENT:  SELECT managed.apply_rows('72b39c2d-42b2-419b-a3a9-514287dfe250','6f4ba5b3-8835-4c6b-9b6d-f1eb826f418e','55a8283a-b3a5-4e25-acfd-6f0ec370e228','[{"fid":"058a6a6d-6c8d-4ec3-bf11-dd198df1c1f6","values":{"name":"München","amount":"1.125"},"geometry":"SRID=4326;MULTIPOINT M((1 2 4))"}]'::jsonb,true)
2026-10-03 11:32:07.190 PDT [455471] ERROR:  new row for relation "d_50ff882641d74e3d9d97e7aaba3306fe" violates check constraint "d_50ff882641d74e3d9d97e7aaba3306fe_geom_check"
2026-10-03 11:32:07.190 PDT [455471] DETAIL:  Failing row contains (50ff8826-41d7-4e3d-9d97-e7aaba3306fe, e7497386-613f-456c-9e98-24b9a12b2a9d, 939dbc94-c4f1-47c1-abbc-e63f43af813c, 73a99314-2a11-4a91-9a42-2bfe94472059, 2, bdf2123c-1862-415c-b74b-58739e6b9df9, München, 1.125, 01010000C0000000000000F03F00000000000000400000000000000840000000...).
2026-10-03 11:32:07.190 PDT [455471] CONTEXT:  SQL statement "INSERT INTO managed.d_50ff882641d74e3d9d97e7aaba3306fe (dataset_id,version_group_id,version_id,fid,object_id,feature_revision,name,amount,geom) VALUES ('50ff8826-41d7-4e3d-9d97-e7aaba3306fe'::uuid,'e7497386-613f-456c-9e98-24b9a12b2a9d'::uuid,'939dbc94-c4f1-47c1-abbc-e63f43af813c'::uuid,'73a99314-2a11-4a91-9a42-2bfe94472059'::uuid,'2'::bigint,gen_random_uuid(),'München'::text,'1.125'::numeric,public.ST_GeomFromEWKT('SRID=0;POINT ZM(1 2 3 4)')) ON CONFLICT(version_id,fid) DO UPDATE SET feature_revision=EXCLUDED.feature_revision,name=EXCLUDED.name,amount=EXCLUDED.amount,geom=EXCLUDED.geom"
	PL/pgSQL function raw_apply_rows(uuid,uuid,uuid,jsonb,boolean) line 89 at EXECUTE
	PL/pgSQL function apply_group(uuid,uuid,jsonb) line 68 at assignment
	PL/pgSQL function apply_rows(uuid,uuid,uuid,jsonb,boolean) line 9 at RETURN
2026-10-03 11:32:07.190 PDT [455471] STATEMENT:  SELECT managed.apply_rows('50ff8826-41d7-4e3d-9d97-e7aaba3306fe','939dbc94-c4f1-47c1-abbc-e63f43af813c','e0568ddf-27d8-43ac-9b3d-f8b6972b53ea','[{"fid":"73a99314-2a11-4a91-9a42-2bfe94472059","values":{"name":"München","amount":"1.125"},"geometry":"SRID=0;POINT ZM(1 2 3 4)"}]'::jsonb,true)
2026-10-03 11:32:07.192 PDT [455471] ERROR:  new row for relation "d_50ff882641d74e3d9d97e7aaba3306fe" violates check constraint "d_50ff882641d74e3d9d97e7aaba3306fe_geom_check"
2026-10-03 11:32:07.192 PDT [455471] DETAIL:  Failing row contains (50ff8826-41d7-4e3d-9d97-e7aaba3306fe, e7497386-613f-456c-9e98-24b9a12b2a9d, 939dbc94-c4f1-47c1-abbc-e63f43af813c, 426668ff-9924-4f48-87ce-389596ad3db4, 3, ff5058de-f7c9-476c-9793-f4574e491b5f, München, 1.125, 01010000E0B6080000000000000000F03F000000000000004000000000000008...).
2026-10-03 11:32:07.192 PDT [455471] CONTEXT:  SQL statement "INSERT INTO managed.d_50ff882641d74e3d9d97e7aaba3306fe (dataset_id,version_group_id,version_id,fid,object_id,feature_revision,name,amount,geom) VALUES ('50ff8826-41d7-4e3d-9d97-e7aaba3306fe'::uuid,'e7497386-613f-456c-9e98-24b9a12b2a9d'::uuid,'939dbc94-c4f1-47c1-abbc-e63f43af813c'::uuid,'426668ff-9924-4f48-87ce-389596ad3db4'::uuid,'3'::bigint,gen_random_uuid(),'München'::text,'1.125'::numeric,public.ST_GeomFromEWKT('SRID=2230;POINT ZM(1 2 3 4)')) ON CONFLICT(version_id,fid) DO UPDATE SET feature_revision=EXCLUDED.feature_revision,name=EXCLUDED.name,amount=EXCLUDED.amount,geom=EXCLUDED.geom"
	PL/pgSQL function raw_apply_rows(uuid,uuid,uuid,jsonb,boolean) line 89 at EXECUTE
	PL/pgSQL function apply_group(uuid,uuid,jsonb) line 68 at assignment
	PL/pgSQL function apply_rows(uuid,uuid,uuid,jsonb,boolean) line 9 at RETURN
2026-10-03 11:32:07.192 PDT [455471] STATEMENT:  SELECT managed.apply_rows('50ff8826-41d7-4e3d-9d97-e7aaba3306fe','939dbc94-c4f1-47c1-abbc-e63f43af813c','e0568ddf-27d8-43ac-9b3d-f8b6972b53ea','[{"fid":"426668ff-9924-4f48-87ce-389596ad3db4","values":{"name":"München","amount":"1.125"},"geometry":"SRID=2230;POINT ZM(1 2 3 4)"}]'::jsonb,true)
2026-10-03 11:32:07.193 PDT [455471] ERROR:  new row for relation "d_50ff882641d74e3d9d97e7aaba3306fe" violates check constraint "d_50ff882641d74e3d9d97e7aaba3306fe_geom_check"
2026-10-03 11:32:07.193 PDT [455471] DETAIL:  Failing row contains (50ff8826-41d7-4e3d-9d97-e7aaba3306fe, e7497386-613f-456c-9e98-24b9a12b2a9d, 939dbc94-c4f1-47c1-abbc-e63f43af813c, 333d054c-9690-457e-a1ce-9cc1017747bc, 4, 56507970-f0ad-429a-b458-fa75d9247366, München, 1.125, 0101000020E6100000000000000000F03F0000000000000040).
2026-10-03 11:32:07.193 PDT [455471] CONTEXT:  SQL statement "INSERT INTO managed.d_50ff882641d74e3d9d97e7aaba3306fe (dataset_id,version_group_id,version_id,fid,object_id,feature_revision,name,amount,geom) VALUES ('50ff8826-41d7-4e3d-9d97-e7aaba3306fe'::uuid,'e7497386-613f-456c-9e98-24b9a12b2a9d'::uuid,'939dbc94-c4f1-47c1-abbc-e63f43af813c'::uuid,'333d054c-9690-457e-a1ce-9cc1017747bc'::uuid,'4'::bigint,gen_random_uuid(),'München'::text,'1.125'::numeric,public.ST_GeomFromEWKT('SRID=4326;POINT (1 2)')) ON CONFLICT(version_id,fid) DO UPDATE SET feature_revision=EXCLUDED.feature_revision,name=EXCLUDED.name,amount=EXCLUDED.amount,geom=EXCLUDED.geom"
	PL/pgSQL function raw_apply_rows(uuid,uuid,uuid,jsonb,boolean) line 89 at EXECUTE
	PL/pgSQL function apply_group(uuid,uuid,jsonb) line 68 at assignment
	PL/pgSQL function apply_rows(uuid,uuid,uuid,jsonb,boolean) line 9 at RETURN
2026-10-03 11:32:07.193 PDT [455471] STATEMENT:  SELECT managed.apply_rows('50ff8826-41d7-4e3d-9d97-e7aaba3306fe','939dbc94-c4f1-47c1-abbc-e63f43af813c','e0568ddf-27d8-43ac-9b3d-f8b6972b53ea','[{"fid":"333d054c-9690-457e-a1ce-9cc1017747bc","values":{"name":"München","amount":"1.125"},"geometry":"SRID=4326;POINT (1 2)"}]'::jsonb,true)
2026-10-03 11:32:07.194 PDT [455471] ERROR:  new row for relation "d_50ff882641d74e3d9d97e7aaba3306fe" violates check constraint "d_50ff882641d74e3d9d97e7aaba3306fe_geom_check"
2026-10-03 11:32:07.194 PDT [455471] DETAIL:  Failing row contains (50ff8826-41d7-4e3d-9d97-e7aaba3306fe, e7497386-613f-456c-9e98-24b9a12b2a9d, 939dbc94-c4f1-47c1-abbc-e63f43af813c, 0252b64f-c002-479a-a4f2-366e65b8b8ec, 5, 163fb8d0-d705-4918-8996-b78531b2bcd2, München, 1.125, 01040000E0E61000000100000001010000C0000000000000F03F000000000000...).
2026-10-03 11:32:07.194 PDT [455471] CONTEXT:  SQL statement "INSERT INTO managed.d_50ff882641d74e3d9d97e7aaba3306fe (dataset_id,version_group_id,version_id,fid,object_id,feature_revision,name,amount,geom) VALUES ('50ff8826-41d7-4e3d-9d97-e7aaba3306fe'::uuid,'e7497386-613f-456c-9e98-24b9a12b2a9d'::uuid,'939dbc94-c4f1-47c1-abbc-e63f43af813c'::uuid,'0252b64f-c002-479a-a4f2-366e65b8b8ec'::uuid,'5'::bigint,gen_random_uuid(),'München'::text,'1.125'::numeric,public.ST_GeomFromEWKT('SRID=4326;MULTIPOINT ZM((1 2 3 4))')) ON CONFLICT(version_id,fid) DO UPDATE SET feature_revision=EXCLUDED.feature_revision,name=EXCLUDED.name,amount=EXCLUDED.amount,geom=EXCLUDED.geom"
	PL/pgSQL function raw_apply_rows(uuid,uuid,uuid,jsonb,boolean) line 89 at EXECUTE
	PL/pgSQL function apply_group(uuid,uuid,jsonb) line 68 at assignment
	PL/pgSQL function apply_rows(uuid,uuid,uuid,jsonb,boolean) line 9 at RETURN
2026-10-03 11:32:07.194 PDT [455471] STATEMENT:  SELECT managed.apply_rows('50ff8826-41d7-4e3d-9d97-e7aaba3306fe','939dbc94-c4f1-47c1-abbc-e63f43af813c','e0568ddf-27d8-43ac-9b3d-f8b6972b53ea','[{"fid":"0252b64f-c002-479a-a4f2-366e65b8b8ec","values":{"name":"München","amount":"1.125"},"geometry":"SRID=4326;MULTIPOINT ZM((1 2 3 4))"}]'::jsonb,true)
2026-10-03 11:32:07.252 PDT [455471] ERROR:  new row for relation "d_f474c85d17a64fa1b6af160f26a67f82" violates check constraint "d_f474c85d17a64fa1b6af160f26a67f82_geom_check"
2026-10-03 11:32:07.252 PDT [455471] DETAIL:  Failing row contains (f474c85d-17a6-4fa1-b6af-160f26a67f82, b4faca67-1696-4757-b53f-66d472e1981c, 27119c71-0887-4089-9519-e45bc2e49eb7, 7bcf57b1-71e1-4be0-98c5-f1da99572347, 2, f29d537b-5f2f-43ab-b55d-4a34f5faa7ea, München, 1.125, 0101000000000000000000F03F0000000000000040).
2026-10-03 11:32:07.252 PDT [455471] CONTEXT:  SQL statement "INSERT INTO managed.d_f474c85d17a64fa1b6af160f26a67f82 (dataset_id,version_group_id,version_id,fid,object_id,feature_revision,name,amount,geom) VALUES ('f474c85d-17a6-4fa1-b6af-160f26a67f82'::uuid,'b4faca67-1696-4757-b53f-66d472e1981c'::uuid,'27119c71-0887-4089-9519-e45bc2e49eb7'::uuid,'7bcf57b1-71e1-4be0-98c5-f1da99572347'::uuid,'2'::bigint,gen_random_uuid(),'München'::text,'1.125'::numeric,public.ST_GeomFromEWKT('SRID=0;POINT (1 2)')) ON CONFLICT(version_id,fid) DO UPDATE SET feature_revision=EXCLUDED.feature_revision,name=EXCLUDED.name,amount=EXCLUDED.amount,geom=EXCLUDED.geom"
	PL/pgSQL function raw_apply_rows(uuid,uuid,uuid,jsonb,boolean) line 89 at EXECUTE
	PL/pgSQL function apply_group(uuid,uuid,jsonb) line 68 at assignment
	PL/pgSQL function apply_rows(uuid,uuid,uuid,jsonb,boolean) line 9 at RETURN
2026-10-03 11:32:07.252 PDT [455471] STATEMENT:  SELECT managed.apply_rows('f474c85d-17a6-4fa1-b6af-160f26a67f82','27119c71-0887-4089-9519-e45bc2e49eb7','0d9186eb-59e3-46a2-9b0e-158c3775999e','[{"fid":"7bcf57b1-71e1-4be0-98c5-f1da99572347","values":{"name":"München","amount":"1.125"},"geometry":"SRID=0;POINT (1 2)"}]'::jsonb,true)
2026-10-03 11:32:07.253 PDT [455471] ERROR:  new row for relation "d_f474c85d17a64fa1b6af160f26a67f82" violates check constraint "d_f474c85d17a64fa1b6af160f26a67f82_geom_check"
2026-10-03 11:32:07.253 PDT [455471] DETAIL:  Failing row contains (f474c85d-17a6-4fa1-b6af-160f26a67f82, b4faca67-1696-4757-b53f-66d472e1981c, 27119c71-0887-4089-9519-e45bc2e49eb7, 3fd1e0e7-9efa-41b7-88ac-89cf1d0d13c6, 3, 1ce6edcc-128c-48a0-8336-593072c8a239, München, 1.125, 0101000020E6100000000000000000F03F0000000000000040).
2026-10-03 11:32:07.253 PDT [455471] CONTEXT:  SQL statement "INSERT INTO managed.d_f474c85d17a64fa1b6af160f26a67f82 (dataset_id,version_group_id,version_id,fid,object_id,feature_revision,name,amount,geom) VALUES ('f474c85d-17a6-4fa1-b6af-160f26a67f82'::uuid,'b4faca67-1696-4757-b53f-66d472e1981c'::uuid,'27119c71-0887-4089-9519-e45bc2e49eb7'::uuid,'3fd1e0e7-9efa-41b7-88ac-89cf1d0d13c6'::uuid,'3'::bigint,gen_random_uuid(),'München'::text,'1.125'::numeric,public.ST_GeomFromEWKT('SRID=4326;POINT (1 2)')) ON CONFLICT(version_id,fid) DO UPDATE SET feature_revision=EXCLUDED.feature_revision,name=EXCLUDED.name,amount=EXCLUDED.amount,geom=EXCLUDED.geom"
	PL/pgSQL function raw_apply_rows(uuid,uuid,uuid,jsonb,boolean) line 89 at EXECUTE
	PL/pgSQL function apply_group(uuid,uuid,jsonb) line 68 at assignment
	PL/pgSQL function apply_rows(uuid,uuid,uuid,jsonb,boolean) line 9 at RETURN
2026-10-03 11:32:07.253 PDT [455471] STATEMENT:  SELECT managed.apply_rows('f474c85d-17a6-4fa1-b6af-160f26a67f82','27119c71-0887-4089-9519-e45bc2e49eb7','0d9186eb-59e3-46a2-9b0e-158c3775999e','[{"fid":"3fd1e0e7-9efa-41b7-88ac-89cf1d0d13c6","values":{"name":"München","amount":"1.125"},"geometry":"SRID=4326;POINT (1 2)"}]'::jsonb,true)
2026-10-03 11:32:07.255 PDT [455471] ERROR:  new row for relation "d_f474c85d17a64fa1b6af160f26a67f82" violates check constraint "d_f474c85d17a64fa1b6af160f26a67f82_geom_check"
2026-10-03 11:32:07.255 PDT [455471] DETAIL:  Failing row contains (f474c85d-17a6-4fa1-b6af-160f26a67f82, b4faca67-1696-4757-b53f-66d472e1981c, 27119c71-0887-4089-9519-e45bc2e49eb7, 65d09026-ab43-4884-9793-40f1d042aedb, 4, a5e93610-d068-4c16-aa86-daaccc9c1852, München, 1.125, 01010000A0B6080000000000000000F03F000000000000004000000000000008...).
2026-10-03 11:32:07.255 PDT [455471] CONTEXT:  SQL statement "INSERT INTO managed.d_f474c85d17a64fa1b6af160f26a67f82 (dataset_id,version_group_id,version_id,fid,object_id,feature_revision,name,amount,geom) VALUES ('f474c85d-17a6-4fa1-b6af-160f26a67f82'::uuid,'b4faca67-1696-4757-b53f-66d472e1981c'::uuid,'27119c71-0887-4089-9519-e45bc2e49eb7'::uuid,'65d09026-ab43-4884-9793-40f1d042aedb'::uuid,'4'::bigint,gen_random_uuid(),'München'::text,'1.125'::numeric,public.ST_GeomFromEWKT('SRID=2230;POINT Z(1 2 3)')) ON CONFLICT(version_id,fid) DO UPDATE SET feature_revision=EXCLUDED.feature_revision,name=EXCLUDED.name,amount=EXCLUDED.amount,geom=EXCLUDED.geom"
	PL/pgSQL function raw_apply_rows(uuid,uuid,uuid,jsonb,boolean) line 89 at EXECUTE
	PL/pgSQL function apply_group(uuid,uuid,jsonb) line 68 at assignment
	PL/pgSQL function apply_rows(uuid,uuid,uuid,jsonb,boolean) line 9 at RETURN
2026-10-03 11:32:07.255 PDT [455471] STATEMENT:  SELECT managed.apply_rows('f474c85d-17a6-4fa1-b6af-160f26a67f82','27119c71-0887-4089-9519-e45bc2e49eb7','0d9186eb-59e3-46a2-9b0e-158c3775999e','[{"fid":"65d09026-ab43-4884-9793-40f1d042aedb","values":{"name":"München","amount":"1.125"},"geometry":"SRID=2230;POINT Z(1 2 3)"}]'::jsonb,true)
2026-10-03 11:32:07.256 PDT [455471] ERROR:  new row for relation "d_f474c85d17a64fa1b6af160f26a67f82" violates check constraint "d_f474c85d17a64fa1b6af160f26a67f82_geom_check"
2026-10-03 11:32:07.256 PDT [455471] DETAIL:  Failing row contains (f474c85d-17a6-4fa1-b6af-160f26a67f82, b4faca67-1696-4757-b53f-66d472e1981c, 27119c71-0887-4089-9519-e45bc2e49eb7, f877d35c-aea9-4575-8ce4-5f0502a81e6a, 5, 7275841f-5256-4326-ad20-d71c19cedd99, München, 1.125, 0104000020B6080000010000000101000000000000000000F03F000000000000...).
2026-10-03 11:32:07.256 PDT [455471] CONTEXT:  SQL statement "INSERT INTO managed.d_f474c85d17a64fa1b6af160f26a67f82 (dataset_id,version_group_id,version_id,fid,object_id,feature_revision,name,amount,geom) VALUES ('f474c85d-17a6-4fa1-b6af-160f26a67f82'::uuid,'b4faca67-1696-4757-b53f-66d472e1981c'::uuid,'27119c71-0887-4089-9519-e45bc2e49eb7'::uuid,'f877d35c-aea9-4575-8ce4-5f0502a81e6a'::uuid,'5'::bigint,gen_random_uuid(),'München'::text,'1.125'::numeric,public.ST_GeomFromEWKT('SRID=2230;MULTIPOINT ((1 2))')) ON CONFLICT(version_id,fid) DO UPDATE SET feature_revision=EXCLUDED.feature_revision,name=EXCLUDED.name,amount=EXCLUDED.amount,geom=EXCLUDED.geom"
	PL/pgSQL function raw_apply_rows(uuid,uuid,uuid,jsonb,boolean) line 89 at EXECUTE
	PL/pgSQL function apply_group(uuid,uuid,jsonb) line 68 at assignment
	PL/pgSQL function apply_rows(uuid,uuid,uuid,jsonb,boolean) line 9 at RETURN
2026-10-03 11:32:07.256 PDT [455471] STATEMENT:  SELECT managed.apply_rows('f474c85d-17a6-4fa1-b6af-160f26a67f82','27119c71-0887-4089-9519-e45bc2e49eb7','0d9186eb-59e3-46a2-9b0e-158c3775999e','[{"fid":"f877d35c-aea9-4575-8ce4-5f0502a81e6a","values":{"name":"München","amount":"1.125"},"geometry":"SRID=2230;MULTIPOINT ((1 2))"}]'::jsonb,true)
2026-10-03 11:32:07.313 PDT [455471] ERROR:  new row for relation "d_df3501a1bb48444a8119af469e26afcc" violates check constraint "d_df3501a1bb48444a8119af469e26afcc_geom_check"
2026-10-03 11:32:07.313 PDT [455471] DETAIL:  Failing row contains (df3501a1-bb48-444a-8119-af469e26afcc, 1d5e106e-1630-4c21-b2d7-79ca31f70a42, bb18d847-10f6-4c0d-b84f-0c676f935b05, 8eb155ac-1224-4655-98f0-f72c7654bde8, 2, b59eb460-2456-4935-b6aa-b6217be33a08, München, 1.125, 0101000080000000000000F03F00000000000000400000000000000840).
2026-10-03 11:32:07.313 PDT [455471] CONTEXT:  SQL statement "INSERT INTO managed.d_df3501a1bb48444a8119af469e26afcc (dataset_id,version_group_id,version_id,fid,object_id,feature_revision,name,amount,geom) VALUES ('df3501a1-bb48-444a-8119-af469e26afcc'::uuid,'1d5e106e-1630-4c21-b2d7-79ca31f70a42'::uuid,'bb18d847-10f6-4c0d-b84f-0c676f935b05'::uuid,'8eb155ac-1224-4655-98f0-f72c7654bde8'::uuid,'2'::bigint,gen_random_uuid(),'München'::text,'1.125'::numeric,public.ST_GeomFromEWKT('SRID=0;POINT Z(1 2 3)')) ON CONFLICT(version_id,fid) DO UPDATE SET feature_revision=EXCLUDED.feature_revision,name=EXCLUDED.name,amount=EXCLUDED.amount,geom=EXCLUDED.geom"
	PL/pgSQL function raw_apply_rows(uuid,uuid,uuid,jsonb,boolean) line 89 at EXECUTE
	PL/pgSQL function apply_group(uuid,uuid,jsonb) line 68 at assignment
	PL/pgSQL function apply_rows(uuid,uuid,uuid,jsonb,boolean) line 9 at RETURN
2026-10-03 11:32:07.313 PDT [455471] STATEMENT:  SELECT managed.apply_rows('df3501a1-bb48-444a-8119-af469e26afcc','bb18d847-10f6-4c0d-b84f-0c676f935b05','e9f6b6c5-8211-4248-b155-7a2a56e1d890','[{"fid":"8eb155ac-1224-4655-98f0-f72c7654bde8","values":{"name":"München","amount":"1.125"},"geometry":"SRID=0;POINT Z(1 2 3)"}]'::jsonb,true)
2026-10-03 11:32:07.314 PDT [455471] ERROR:  new row for relation "d_df3501a1bb48444a8119af469e26afcc" violates check constraint "d_df3501a1bb48444a8119af469e26afcc_geom_check"
2026-10-03 11:32:07.314 PDT [455471] DETAIL:  Failing row contains (df3501a1-bb48-444a-8119-af469e26afcc, 1d5e106e-1630-4c21-b2d7-79ca31f70a42, bb18d847-10f6-4c0d-b84f-0c676f935b05, ff7b4311-e505-45f4-a99b-f43452ff9744, 3, 4116f4b3-7b1d-4b57-bef7-ff9ebe84e5f0, München, 1.125, 01010000A0E6100000000000000000F03F000000000000004000000000000008...).
2026-10-03 11:32:07.314 PDT [455471] CONTEXT:  SQL statement "INSERT INTO managed.d_df3501a1bb48444a8119af469e26afcc (dataset_id,version_group_id,version_id,fid,object_id,feature_revision,name,amount,geom) VALUES ('df3501a1-bb48-444a-8119-af469e26afcc'::uuid,'1d5e106e-1630-4c21-b2d7-79ca31f70a42'::uuid,'bb18d847-10f6-4c0d-b84f-0c676f935b05'::uuid,'ff7b4311-e505-45f4-a99b-f43452ff9744'::uuid,'3'::bigint,gen_random_uuid(),'München'::text,'1.125'::numeric,public.ST_GeomFromEWKT('SRID=4326;POINT Z(1 2 3)')) ON CONFLICT(version_id,fid) DO UPDATE SET feature_revision=EXCLUDED.feature_revision,name=EXCLUDED.name,amount=EXCLUDED.amount,geom=EXCLUDED.geom"
	PL/pgSQL function raw_apply_rows(uuid,uuid,uuid,jsonb,boolean) line 89 at EXECUTE
	PL/pgSQL function apply_group(uuid,uuid,jsonb) line 68 at assignment
	PL/pgSQL function apply_rows(uuid,uuid,uuid,jsonb,boolean) line 9 at RETURN
2026-10-03 11:32:07.314 PDT [455471] STATEMENT:  SELECT managed.apply_rows('df3501a1-bb48-444a-8119-af469e26afcc','bb18d847-10f6-4c0d-b84f-0c676f935b05','e9f6b6c5-8211-4248-b155-7a2a56e1d890','[{"fid":"ff7b4311-e505-45f4-a99b-f43452ff9744","values":{"name":"München","amount":"1.125"},"geometry":"SRID=4326;POINT Z(1 2 3)"}]'::jsonb,true)
2026-10-03 11:32:07.315 PDT [455471] ERROR:  new row for relation "d_df3501a1bb48444a8119af469e26afcc" violates check constraint "d_df3501a1bb48444a8119af469e26afcc_geom_check"
2026-10-03 11:32:07.315 PDT [455471] DETAIL:  Failing row contains (df3501a1-bb48-444a-8119-af469e26afcc, 1d5e106e-1630-4c21-b2d7-79ca31f70a42, bb18d847-10f6-4c0d-b84f-0c676f935b05, 19dd75c0-6083-4135-9b6f-1244480758a1, 4, 44b55ba3-5622-4273-80f9-696697e1a21d, München, 1.125, 0101000020B6080000000000000000F03F0000000000000040).
2026-10-03 11:32:07.315 PDT [455471] CONTEXT:  SQL statement "INSERT INTO managed.d_df3501a1bb48444a8119af469e26afcc (dataset_id,version_group_id,version_id,fid,object_id,feature_revision,name,amount,geom) VALUES ('df3501a1-bb48-444a-8119-af469e26afcc'::uuid,'1d5e106e-1630-4c21-b2d7-79ca31f70a42'::uuid,'bb18d847-10f6-4c0d-b84f-0c676f935b05'::uuid,'19dd75c0-6083-4135-9b6f-1244480758a1'::uuid,'4'::bigint,gen_random_uuid(),'München'::text,'1.125'::numeric,public.ST_GeomFromEWKT('SRID=2230;POINT (1 2)')) ON CONFLICT(version_id,fid) DO UPDATE SET feature_revision=EXCLUDED.feature_revision,name=EXCLUDED.name,amount=EXCLUDED.amount,geom=EXCLUDED.geom"
	PL/pgSQL function raw_apply_rows(uuid,uuid,uuid,jsonb,boolean) line 89 at EXECUTE
	PL/pgSQL function apply_group(uuid,uuid,jsonb) line 68 at assignment
	PL/pgSQL function apply_rows(uuid,uuid,uuid,jsonb,boolean) line 9 at RETURN
2026-10-03 11:32:07.315 PDT [455471] STATEMENT:  SELECT managed.apply_rows('df3501a1-bb48-444a-8119-af469e26afcc','bb18d847-10f6-4c0d-b84f-0c676f935b05','e9f6b6c5-8211-4248-b155-7a2a56e1d890','[{"fid":"19dd75c0-6083-4135-9b6f-1244480758a1","values":{"name":"München","amount":"1.125"},"geometry":"SRID=2230;POINT (1 2)"}]'::jsonb,true)
2026-10-03 11:32:07.316 PDT [455471] ERROR:  new row for relation "d_df3501a1bb48444a8119af469e26afcc" violates check constraint "d_df3501a1bb48444a8119af469e26afcc_geom_check"
2026-10-03 11:32:07.316 PDT [455471] DETAIL:  Failing row contains (df3501a1-bb48-444a-8119-af469e26afcc, 1d5e106e-1630-4c21-b2d7-79ca31f70a42, bb18d847-10f6-4c0d-b84f-0c676f935b05, 7f6e0c97-bd14-4ec9-8b55-2c7170cfa52d, 5, 59a07d8e-6d2c-4c05-a975-af57a0777b4b, München, 1.125, 01040000A0B6080000010000000101000080000000000000F03F000000000000...).
2026-10-03 11:32:07.316 PDT [455471] CONTEXT:  SQL statement "INSERT INTO managed.d_df3501a1bb48444a8119af469e26afcc (dataset_id,version_group_id,version_id,fid,object_id,feature_revision,name,amount,geom) VALUES ('df3501a1-bb48-444a-8119-af469e26afcc'::uuid,'1d5e106e-1630-4c21-b2d7-79ca31f70a42'::uuid,'bb18d847-10f6-4c0d-b84f-0c676f935b05'::uuid,'7f6e0c97-bd14-4ec9-8b55-2c7170cfa52d'::uuid,'5'::bigint,gen_random_uuid(),'München'::text,'1.125'::numeric,public.ST_GeomFromEWKT('SRID=2230;MULTIPOINT Z((1 2 3))')) ON CONFLICT(version_id,fid) DO UPDATE SET feature_revision=EXCLUDED.feature_revision,name=EXCLUDED.name,amount=EXCLUDED.amount,geom=EXCLUDED.geom"
	PL/pgSQL function raw_apply_rows(uuid,uuid,uuid,jsonb,boolean) line 89 at EXECUTE
	PL/pgSQL function apply_group(uuid,uuid,jsonb) line 68 at assignment
	PL/pgSQL function apply_rows(uuid,uuid,uuid,jsonb,boolean) line 9 at RETURN
2026-10-03 11:32:07.316 PDT [455471] STATEMENT:  SELECT managed.apply_rows('df3501a1-bb48-444a-8119-af469e26afcc','bb18d847-10f6-4c0d-b84f-0c676f935b05','e9f6b6c5-8211-4248-b155-7a2a56e1d890','[{"fid":"7f6e0c97-bd14-4ec9-8b55-2c7170cfa52d","values":{"name":"München","amount":"1.125"},"geometry":"SRID=2230;MULTIPOINT Z((1 2 3))"}]'::jsonb,true)
2026-10-03 11:32:07.374 PDT [455471] ERROR:  new row for relation "d_c947c299550f4ed9a366499a4c7e7809" violates check constraint "d_c947c299550f4ed9a366499a4c7e7809_geom_check"
2026-10-03 11:32:07.374 PDT [455471] DETAIL:  Failing row contains (c947c299-550f-4ed9-a366-499a4c7e7809, e68b7e63-bef5-44f0-b5cb-7770242173e8, fa7a0fca-dfaf-4c22-a9ec-fba133f309b8, f2ec06ba-c0a7-4896-9af4-9ca1fad47262, 2, 972ef115-f877-4e8b-bb8d-48d2bda35e52, München, 1.125, 0101000040000000000000F03F00000000000000400000000000001040).
2026-10-03 11:32:07.374 PDT [455471] CONTEXT:  SQL statement "INSERT INTO managed.d_c947c299550f4ed9a366499a4c7e7809 (dataset_id,version_group_id,version_id,fid,object_id,feature_revision,name,amount,geom) VALUES ('c947c299-550f-4ed9-a366-499a4c7e7809'::uuid,'e68b7e63-bef5-44f0-b5cb-7770242173e8'::uuid,'fa7a0fca-dfaf-4c22-a9ec-fba133f309b8'::uuid,'f2ec06ba-c0a7-4896-9af4-9ca1fad47262'::uuid,'2'::bigint,gen_random_uuid(),'München'::text,'1.125'::numeric,public.ST_GeomFromEWKT('SRID=0;POINT M(1 2 4)')) ON CONFLICT(version_id,fid) DO UPDATE SET feature_revision=EXCLUDED.feature_revision,name=EXCLUDED.name,amount=EXCLUDED.amount,geom=EXCLUDED.geom"
	PL/pgSQL function raw_apply_rows(uuid,uuid,uuid,jsonb,boolean) line 89 at EXECUTE
	PL/pgSQL function apply_group(uuid,uuid,jsonb) line 68 at assignment
	PL/pgSQL function apply_rows(uuid,uuid,uuid,jsonb,boolean) line 9 at RETURN
2026-10-03 11:32:07.374 PDT [455471] STATEMENT:  SELECT managed.apply_rows('c947c299-550f-4ed9-a366-499a4c7e7809','fa7a0fca-dfaf-4c22-a9ec-fba133f309b8','87c1ac6b-9cfc-4138-b61d-5569f15593e4','[{"fid":"f2ec06ba-c0a7-4896-9af4-9ca1fad47262","values":{"name":"München","amount":"1.125"},"geometry":"SRID=0;POINT M(1 2 4)"}]'::jsonb,true)
2026-10-03 11:32:07.375 PDT [455471] ERROR:  new row for relation "d_c947c299550f4ed9a366499a4c7e7809" violates check constraint "d_c947c299550f4ed9a366499a4c7e7809_geom_check"
2026-10-03 11:32:07.375 PDT [455471] DETAIL:  Failing row contains (c947c299-550f-4ed9-a366-499a4c7e7809, e68b7e63-bef5-44f0-b5cb-7770242173e8, fa7a0fca-dfaf-4c22-a9ec-fba133f309b8, 71b13cba-7082-493d-8180-888af302bfa1, 3, d4b44be2-828b-4d9d-878d-abfc5e6ceeef, München, 1.125, 0101000060E6100000000000000000F03F000000000000004000000000000010...).
2026-10-03 11:32:07.375 PDT [455471] CONTEXT:  SQL statement "INSERT INTO managed.d_c947c299550f4ed9a366499a4c7e7809 (dataset_id,version_group_id,version_id,fid,object_id,feature_revision,name,amount,geom) VALUES ('c947c299-550f-4ed9-a366-499a4c7e7809'::uuid,'e68b7e63-bef5-44f0-b5cb-7770242173e8'::uuid,'fa7a0fca-dfaf-4c22-a9ec-fba133f309b8'::uuid,'71b13cba-7082-493d-8180-888af302bfa1'::uuid,'3'::bigint,gen_random_uuid(),'München'::text,'1.125'::numeric,public.ST_GeomFromEWKT('SRID=4326;POINT M(1 2 4)')) ON CONFLICT(version_id,fid) DO UPDATE SET feature_revision=EXCLUDED.feature_revision,name=EXCLUDED.name,amount=EXCLUDED.amount,geom=EXCLUDED.geom"
	PL/pgSQL function raw_apply_rows(uuid,uuid,uuid,jsonb,boolean) line 89 at EXECUTE
	PL/pgSQL function apply_group(uuid,uuid,jsonb) line 68 at assignment
	PL/pgSQL function apply_rows(uuid,uuid,uuid,jsonb,boolean) line 9 at RETURN
2026-10-03 11:32:07.375 PDT [455471] STATEMENT:  SELECT managed.apply_rows('c947c299-550f-4ed9-a366-499a4c7e7809','fa7a0fca-dfaf-4c22-a9ec-fba133f309b8','87c1ac6b-9cfc-4138-b61d-5569f15593e4','[{"fid":"71b13cba-7082-493d-8180-888af302bfa1","values":{"name":"München","amount":"1.125"},"geometry":"SRID=4326;POINT M(1 2 4)"}]'::jsonb,true)
2026-10-03 11:32:07.376 PDT [455471] ERROR:  new row for relation "d_c947c299550f4ed9a366499a4c7e7809" violates check constraint "d_c947c299550f4ed9a366499a4c7e7809_geom_check"
2026-10-03 11:32:07.376 PDT [455471] DETAIL:  Failing row contains (c947c299-550f-4ed9-a366-499a4c7e7809, e68b7e63-bef5-44f0-b5cb-7770242173e8, fa7a0fca-dfaf-4c22-a9ec-fba133f309b8, 892b9ef3-b34d-48ff-bd13-7c09ef523460, 4, f53f55dd-b311-41d9-8612-2cd8907fffc6, München, 1.125, 0101000020B6080000000000000000F03F0000000000000040).
2026-10-03 11:32:07.376 PDT [455471] CONTEXT:  SQL statement "INSERT INTO managed.d_c947c299550f4ed9a366499a4c7e7809 (dataset_id,version_group_id,version_id,fid,object_id,feature_revision,name,amount,geom) VALUES ('c947c299-550f-4ed9-a366-499a4c7e7809'::uuid,'e68b7e63-bef5-44f0-b5cb-7770242173e8'::uuid,'fa7a0fca-dfaf-4c22-a9ec-fba133f309b8'::uuid,'892b9ef3-b34d-48ff-bd13-7c09ef523460'::uuid,'4'::bigint,gen_random_uuid(),'München'::text,'1.125'::numeric,public.ST_GeomFromEWKT('SRID=2230;POINT (1 2)')) ON CONFLICT(version_id,fid) DO UPDATE SET feature_revision=EXCLUDED.feature_revision,name=EXCLUDED.name,amount=EXCLUDED.amount,geom=EXCLUDED.geom"
	PL/pgSQL function raw_apply_rows(uuid,uuid,uuid,jsonb,boolean) line 89 at EXECUTE
	PL/pgSQL function apply_group(uuid,uuid,jsonb) line 68 at assignment
	PL/pgSQL function apply_rows(uuid,uuid,uuid,jsonb,boolean) line 9 at RETURN
2026-10-03 11:32:07.376 PDT [455471] STATEMENT:  SELECT managed.apply_rows('c947c299-550f-4ed9-a366-499a4c7e7809','fa7a0fca-dfaf-4c22-a9ec-fba133f309b8','87c1ac6b-9cfc-4138-b61d-5569f15593e4','[{"fid":"892b9ef3-b34d-48ff-bd13-7c09ef523460","values":{"name":"München","amount":"1.125"},"geometry":"SRID=2230;POINT (1 2)"}]'::jsonb,true)
2026-10-03 11:32:07.377 PDT [455471] ERROR:  new row for relation "d_c947c299550f4ed9a366499a4c7e7809" violates check constraint "d_c947c299550f4ed9a366499a4c7e7809_geom_check"
2026-10-03 11:32:07.377 PDT [455471] DETAIL:  Failing row contains (c947c299-550f-4ed9-a366-499a4c7e7809, e68b7e63-bef5-44f0-b5cb-7770242173e8, fa7a0fca-dfaf-4c22-a9ec-fba133f309b8, 1651c522-5a88-4a27-979b-d56ecf440c1f, 5, c3340951-56f5-4c91-bbf0-c64482b3c0f0, München, 1.125, 0104000060B6080000010000000101000040000000000000F03F000000000000...).
2026-10-03 11:32:07.377 PDT [455471] CONTEXT:  SQL statement "INSERT INTO managed.d_c947c299550f4ed9a366499a4c7e7809 (dataset_id,version_group_id,version_id,fid,object_id,feature_revision,name,amount,geom) VALUES ('c947c299-550f-4ed9-a366-499a4c7e7809'::uuid,'e68b7e63-bef5-44f0-b5cb-7770242173e8'::uuid,'fa7a0fca-dfaf-4c22-a9ec-fba133f309b8'::uuid,'1651c522-5a88-4a27-979b-d56ecf440c1f'::uuid,'5'::bigint,gen_random_uuid(),'München'::text,'1.125'::numeric,public.ST_GeomFromEWKT('SRID=2230;MULTIPOINT M((1 2 4))')) ON CONFLICT(version_id,fid) DO UPDATE SET feature_revision=EXCLUDED.feature_revision,name=EXCLUDED.name,amount=EXCLUDED.amount,geom=EXCLUDED.geom"
	PL/pgSQL function raw_apply_rows(uuid,uuid,uuid,jsonb,boolean) line 89 at EXECUTE
	PL/pgSQL function apply_group(uuid,uuid,jsonb) line 68 at assignment
	PL/pgSQL function apply_rows(uuid,uuid,uuid,jsonb,boolean) line 9 at RETURN
2026-10-03 11:32:07.377 PDT [455471] STATEMENT:  SELECT managed.apply_rows('c947c299-550f-4ed9-a366-499a4c7e7809','fa7a0fca-dfaf-4c22-a9ec-fba133f309b8','87c1ac6b-9cfc-4138-b61d-5569f15593e4','[{"fid":"1651c522-5a88-4a27-979b-d56ecf440c1f","values":{"name":"München","amount":"1.125"},"geometry":"SRID=2230;MULTIPOINT M((1 2 4))"}]'::jsonb,true)
2026-10-03 11:32:07.435 PDT [455471] ERROR:  new row for relation "d_5b6c93a14fa04808b4cd59361cecaabd" violates check constraint "d_5b6c93a14fa04808b4cd59361cecaabd_geom_check"
2026-10-03 11:32:07.435 PDT [455471] DETAIL:  Failing row contains (5b6c93a1-4fa0-4808-b4cd-59361cecaabd, a6849b29-0a48-4b4d-98ae-3768cbf23484, daea0adb-8a46-47eb-ae46-a6e30a070c42, 482704bc-ea04-4c02-b23d-a68c8145efaf, 2, c29b0857-f614-483a-afab-9322d5c344c8, München, 1.125, 01010000C0000000000000F03F00000000000000400000000000000840000000...).
2026-10-03 11:32:07.435 PDT [455471] CONTEXT:  SQL statement "INSERT INTO managed.d_5b6c93a14fa04808b4cd59361cecaabd (dataset_id,version_group_id,version_id,fid,object_id,feature_revision,name,amount,geom) VALUES ('5b6c93a1-4fa0-4808-b4cd-59361cecaabd'::uuid,'a6849b29-0a48-4b4d-98ae-3768cbf23484'::uuid,'daea0adb-8a46-47eb-ae46-a6e30a070c42'::uuid,'482704bc-ea04-4c02-b23d-a68c8145efaf'::uuid,'2'::bigint,gen_random_uuid(),'München'::text,'1.125'::numeric,public.ST_GeomFromEWKT('SRID=0;POINT ZM(1 2 3 4)')) ON CONFLICT(version_id,fid) DO UPDATE SET feature_revision=EXCLUDED.feature_revision,name=EXCLUDED.name,amount=EXCLUDED.amount,geom=EXCLUDED.geom"
	PL/pgSQL function raw_apply_rows(uuid,uuid,uuid,jsonb,boolean) line 89 at EXECUTE
	PL/pgSQL function apply_group(uuid,uuid,jsonb) line 68 at assignment
	PL/pgSQL function apply_rows(uuid,uuid,uuid,jsonb,boolean) line 9 at RETURN
2026-10-03 11:32:07.435 PDT [455471] STATEMENT:  SELECT managed.apply_rows('5b6c93a1-4fa0-4808-b4cd-59361cecaabd','daea0adb-8a46-47eb-ae46-a6e30a070c42','1a294dc0-0261-44a9-8114-1059913e2872','[{"fid":"482704bc-ea04-4c02-b23d-a68c8145efaf","values":{"name":"München","amount":"1.125"},"geometry":"SRID=0;POINT ZM(1 2 3 4)"}]'::jsonb,true)
2026-10-03 11:32:07.436 PDT [455471] ERROR:  new row for relation "d_5b6c93a14fa04808b4cd59361cecaabd" violates check constraint "d_5b6c93a14fa04808b4cd59361cecaabd_geom_check"
2026-10-03 11:32:07.436 PDT [455471] DETAIL:  Failing row contains (5b6c93a1-4fa0-4808-b4cd-59361cecaabd, a6849b29-0a48-4b4d-98ae-3768cbf23484, daea0adb-8a46-47eb-ae46-a6e30a070c42, 0d585c4a-b456-4491-aa83-9dc14aedeb85, 3, 5a6d897f-58bd-4cf3-94b3-7b7761890e2a, München, 1.125, 01010000E0E6100000000000000000F03F000000000000004000000000000008...).
2026-10-03 11:32:07.436 PDT [455471] CONTEXT:  SQL statement "INSERT INTO managed.d_5b6c93a14fa04808b4cd59361cecaabd (dataset_id,version_group_id,version_id,fid,object_id,feature_revision,name,amount,geom) VALUES ('5b6c93a1-4fa0-4808-b4cd-59361cecaabd'::uuid,'a6849b29-0a48-4b4d-98ae-3768cbf23484'::uuid,'daea0adb-8a46-47eb-ae46-a6e30a070c42'::uuid,'0d585c4a-b456-4491-aa83-9dc14aedeb85'::uuid,'3'::bigint,gen_random_uuid(),'München'::text,'1.125'::numeric,public.ST_GeomFromEWKT('SRID=4326;POINT ZM(1 2 3 4)')) ON CONFLICT(version_id,fid) DO UPDATE SET feature_revision=EXCLUDED.feature_revision,name=EXCLUDED.name,amount=EXCLUDED.amount,geom=EXCLUDED.geom"
	PL/pgSQL function raw_apply_rows(uuid,uuid,uuid,jsonb,boolean) line 89 at EXECUTE
	PL/pgSQL function apply_group(uuid,uuid,jsonb) line 68 at assignment
	PL/pgSQL function apply_rows(uuid,uuid,uuid,jsonb,boolean) line 9 at RETURN
2026-10-03 11:32:07.436 PDT [455471] STATEMENT:  SELECT managed.apply_rows('5b6c93a1-4fa0-4808-b4cd-59361cecaabd','daea0adb-8a46-47eb-ae46-a6e30a070c42','1a294dc0-0261-44a9-8114-1059913e2872','[{"fid":"0d585c4a-b456-4491-aa83-9dc14aedeb85","values":{"name":"München","amount":"1.125"},"geometry":"SRID=4326;POINT ZM(1 2 3 4)"}]'::jsonb,true)
2026-10-03 11:32:07.437 PDT [455471] ERROR:  new row for relation "d_5b6c93a14fa04808b4cd59361cecaabd" violates check constraint "d_5b6c93a14fa04808b4cd59361cecaabd_geom_check"
2026-10-03 11:32:07.437 PDT [455471] DETAIL:  Failing row contains (5b6c93a1-4fa0-4808-b4cd-59361cecaabd, a6849b29-0a48-4b4d-98ae-3768cbf23484, daea0adb-8a46-47eb-ae46-a6e30a070c42, 6a36c5c7-07cc-4319-aa11-f2ba02019745, 4, 0c79eca1-3233-41b8-ae05-fee4cb48a987, München, 1.125, 0101000020B6080000000000000000F03F0000000000000040).
2026-10-03 11:32:07.437 PDT [455471] CONTEXT:  SQL statement "INSERT INTO managed.d_5b6c93a14fa04808b4cd59361cecaabd (dataset_id,version_group_id,version_id,fid,object_id,feature_revision,name,amount,geom) VALUES ('5b6c93a1-4fa0-4808-b4cd-59361cecaabd'::uuid,'a6849b29-0a48-4b4d-98ae-3768cbf23484'::uuid,'daea0adb-8a46-47eb-ae46-a6e30a070c42'::uuid,'6a36c5c7-07cc-4319-aa11-f2ba02019745'::uuid,'4'::bigint,gen_random_uuid(),'München'::text,'1.125'::numeric,public.ST_GeomFromEWKT('SRID=2230;POINT (1 2)')) ON CONFLICT(version_id,fid) DO UPDATE SET feature_revision=EXCLUDED.feature_revision,name=EXCLUDED.name,amount=EXCLUDED.amount,geom=EXCLUDED.geom"
	PL/pgSQL function raw_apply_rows(uuid,uuid,uuid,jsonb,boolean) line 89 at EXECUTE
	PL/pgSQL function apply_group(uuid,uuid,jsonb) line 68 at assignment
	PL/pgSQL function apply_rows(uuid,uuid,uuid,jsonb,boolean) line 9 at RETURN
2026-10-03 11:32:07.437 PDT [455471] STATEMENT:  SELECT managed.apply_rows('5b6c93a1-4fa0-4808-b4cd-59361cecaabd','daea0adb-8a46-47eb-ae46-a6e30a070c42','1a294dc0-0261-44a9-8114-1059913e2872','[{"fid":"6a36c5c7-07cc-4319-aa11-f2ba02019745","values":{"name":"München","amount":"1.125"},"geometry":"SRID=2230;POINT (1 2)"}]'::jsonb,true)
2026-10-03 11:32:07.437 PDT [455471] ERROR:  new row for relation "d_5b6c93a14fa04808b4cd59361cecaabd" violates check constraint "d_5b6c93a14fa04808b4cd59361cecaabd_geom_check"
2026-10-03 11:32:07.437 PDT [455471] DETAIL:  Failing row contains (5b6c93a1-4fa0-4808-b4cd-59361cecaabd, a6849b29-0a48-4b4d-98ae-3768cbf23484, daea0adb-8a46-47eb-ae46-a6e30a070c42, 7ce7a320-e22c-4615-8ffd-c55ed3b4aba8, 5, 2188bec0-53b5-4cb7-be4f-9efd0c0dc1c1, München, 1.125, 01040000E0B60800000100000001010000C0000000000000F03F000000000000...).
2026-10-03 11:32:07.437 PDT [455471] CONTEXT:  SQL statement "INSERT INTO managed.d_5b6c93a14fa04808b4cd59361cecaabd (dataset_id,version_group_id,version_id,fid,object_id,feature_revision,name,amount,geom) VALUES ('5b6c93a1-4fa0-4808-b4cd-59361cecaabd'::uuid,'a6849b29-0a48-4b4d-98ae-3768cbf23484'::uuid,'daea0adb-8a46-47eb-ae46-a6e30a070c42'::uuid,'7ce7a320-e22c-4615-8ffd-c55ed3b4aba8'::uuid,'5'::bigint,gen_random_uuid(),'München'::text,'1.125'::numeric,public.ST_GeomFromEWKT('SRID=2230;MULTIPOINT ZM((1 2 3 4))')) ON CONFLICT(version_id,fid) DO UPDATE SET feature_revision=EXCLUDED.feature_revision,name=EXCLUDED.name,amount=EXCLUDED.amount,geom=EXCLUDED.geom"
	PL/pgSQL function raw_apply_rows(uuid,uuid,uuid,jsonb,boolean) line 89 at EXECUTE
	PL/pgSQL function apply_group(uuid,uuid,jsonb) line 68 at assignment
	PL/pgSQL function apply_rows(uuid,uuid,uuid,jsonb,boolean) line 9 at RETURN
2026-10-03 11:32:07.437 PDT [455471] STATEMENT:  SELECT managed.apply_rows('5b6c93a1-4fa0-4808-b4cd-59361cecaabd','daea0adb-8a46-47eb-ae46-a6e30a070c42','1a294dc0-0261-44a9-8114-1059913e2872','[{"fid":"7ce7a320-e22c-4615-8ffd-c55ed3b4aba8","values":{"name":"München","amount":"1.125"},"geometry":"SRID=2230;MULTIPOINT ZM((1 2 3 4))"}]'::jsonb,true)
2026-10-03 11:32:07.558 PDT [455473] ERROR:  INVALID_FEATURE_ROW
2026-10-03 11:32:07.558 PDT [455473] CONTEXT:  PL/pgSQL function apply_group(uuid,uuid,jsonb) line 39 at RAISE
	PL/pgSQL function apply_rows(uuid,uuid,uuid,jsonb,boolean) line 9 at RETURN
2026-10-03 11:32:07.558 PDT [455473] STATEMENT:  SELECT managed.apply_rows('0d34b426-bbcd-43d9-8c69-097198199b9e','3d75c73b-69c4-47f0-896d-d15c2929013f','0448d346-284b-4cd0-a05b-ad6e9ee299ce','[{"values":{"name":"München","amount":"1.125"},"geometry":"SRID=4326;POINT(1 2)"}]'::jsonb,true)
2026-10-03 11:32:07.560 PDT [455473] ERROR:  DUPLICATE_FEATURE_UUID
2026-10-03 11:32:07.560 PDT [455473] CONTEXT:  PL/pgSQL function raw_apply_rows(uuid,uuid,uuid,jsonb,boolean) line 35 at RAISE
	PL/pgSQL function apply_group(uuid,uuid,jsonb) line 68 at assignment
	PL/pgSQL function apply_rows(uuid,uuid,uuid,jsonb,boolean) line 9 at RETURN
2026-10-03 11:32:07.560 PDT [455473] STATEMENT:  SELECT managed.apply_rows('0d34b426-bbcd-43d9-8c69-097198199b9e','3d75c73b-69c4-47f0-896d-d15c2929013f','0448d346-284b-4cd0-a05b-ad6e9ee299ce','[{"fid":"25f755cc-4ccb-4e20-8d8f-8c10e82a3d40","values":{"name":"München","amount":"1.125"},"geometry":"SRID=4326;POINT(1 2)"},{"fid":"25f755cc-4ccb-4e20-8d8f-8c10e82a3d40","values":{"name":"München","amount":"1.125"},"geometry":"SRID=4326;POINT(1 2)"}]'::jsonb,true)
2026-10-03 11:32:07.624 PDT [455474] ERROR:  new row for relation "d_74c13fe3558c40f095435eba1abee60f" violates check constraint "d_74c13fe3558c40f095435eba1abee60f_name_check"
2026-10-03 11:32:07.624 PDT [455474] DETAIL:  Failing row contains (74c13fe3-558c-40f0-9543-5eba1abee60f, 781fa4bf-f41f-4638-ba5e-893c7cf6aebc, ba568537-416d-43c7-9f6e-478f4814c9f8, b565a44a-a305-46b7-81c5-9d23b279e742, 3, 320dd84a-702d-4e23-85fb-831ec524e06f, 123456789, 1.125, 0101000020E6100000000000000000F03F0000000000000040).
2026-10-03 11:32:07.624 PDT [455474] CONTEXT:  SQL statement "INSERT INTO managed.d_74c13fe3558c40f095435eba1abee60f (dataset_id,version_group_id,version_id,fid,object_id,feature_revision,name,amount,geom) VALUES ('74c13fe3-558c-40f0-9543-5eba1abee60f'::uuid,'781fa4bf-f41f-4638-ba5e-893c7cf6aebc'::uuid,'ba568537-416d-43c7-9f6e-478f4814c9f8'::uuid,'b565a44a-a305-46b7-81c5-9d23b279e742'::uuid,'3'::bigint,gen_random_uuid(),'123456789'::text,'1.125'::numeric,public.ST_GeomFromEWKT('SRID=4326;POINT(1 2)')) ON CONFLICT(version_id,fid) DO UPDATE SET feature_revision=EXCLUDED.feature_revision,name=EXCLUDED.name,amount=EXCLUDED.amount,geom=EXCLUDED.geom"
	PL/pgSQL function raw_apply_rows(uuid,uuid,uuid,jsonb,boolean) line 89 at EXECUTE
	PL/pgSQL function apply_group(uuid,uuid,jsonb) line 68 at assignment
	PL/pgSQL function apply_rows(uuid,uuid,uuid,jsonb,boolean) line 9 at RETURN
2026-10-03 11:32:07.624 PDT [455474] STATEMENT:  SELECT managed.apply_rows('74c13fe3-558c-40f0-9543-5eba1abee60f','ba568537-416d-43c7-9f6e-478f4814c9f8','32754591-eba4-4bc3-a735-399145128761','[{"fid":"a5ab5a6a-f2b5-47ec-b406-f56a0c5f110b","values":{"name":"München","amount":"1.125"},"geometry":"SRID=4326;POINT(1 2)"},{"fid":"b565a44a-a305-46b7-81c5-9d23b279e742","values":{"name":"123456789","amount":"1.125"},"geometry":"SRID=4326;POINT(1 2)"}]'::jsonb,true)
2026-10-03 11:32:07.625 PDT [455474] ERROR:  new row for relation "d_74c13fe3558c40f095435eba1abee60f" violates check constraint "d_74c13fe3558c40f095435eba1abee60f_amount_check"
2026-10-03 11:32:07.625 PDT [455474] DETAIL:  Failing row contains (74c13fe3-558c-40f0-9543-5eba1abee60f, 781fa4bf-f41f-4638-ba5e-893c7cf6aebc, ba568537-416d-43c7-9f6e-478f4814c9f8, 1dab6b35-5f4c-451e-a503-75345333804f, 4, 6e19a6c6-a575-4064-a5b6-4bc657521131, abc, 1.1254, 0101000020E6100000000000000000F03F0000000000000040).
2026-10-03 11:32:07.625 PDT [455474] CONTEXT:  SQL statement "INSERT INTO managed.d_74c13fe3558c40f095435eba1abee60f (dataset_id,version_group_id,version_id,fid,object_id,feature_revision,name,amount,geom) VALUES ('74c13fe3-558c-40f0-9543-5eba1abee60f'::uuid,'781fa4bf-f41f-4638-ba5e-893c7cf6aebc'::uuid,'ba568537-416d-43c7-9f6e-478f4814c9f8'::uuid,'1dab6b35-5f4c-451e-a503-75345333804f'::uuid,'4'::bigint,gen_random_uuid(),'abc'::text,'1.1254'::numeric,public.ST_GeomFromEWKT('SRID=4326;POINT(1 2)')) ON CONFLICT(version_id,fid) DO UPDATE SET feature_revision=EXCLUDED.feature_revision,name=EXCLUDED.name,amount=EXCLUDED.amount,geom=EXCLUDED.geom"
	PL/pgSQL function raw_apply_rows(uuid,uuid,uuid,jsonb,boolean) line 89 at EXECUTE
	PL/pgSQL function apply_group(uuid,uuid,jsonb) line 68 at assignment
	PL/pgSQL function apply_rows(uuid,uuid,uuid,jsonb,boolean) line 9 at RETURN
2026-10-03 11:32:07.625 PDT [455474] STATEMENT:  SELECT managed.apply_rows('74c13fe3-558c-40f0-9543-5eba1abee60f','ba568537-416d-43c7-9f6e-478f4814c9f8','32754591-eba4-4bc3-a735-399145128761','[{"fid":"1dab6b35-5f4c-451e-a503-75345333804f","values":{"name":"abc","amount":"1.1254"},"geometry":"SRID=4326;POINT(1 2)"}]'::jsonb,true)
2026-10-03 11:32:07.627 PDT [455474] ERROR:  new row for relation "d_74c13fe3558c40f095435eba1abee60f" violates check constraint "d_74c13fe3558c40f095435eba1abee60f_amount_check"
2026-10-03 11:32:07.627 PDT [455474] DETAIL:  Failing row contains (74c13fe3-558c-40f0-9543-5eba1abee60f, 781fa4bf-f41f-4638-ba5e-893c7cf6aebc, ba568537-416d-43c7-9f6e-478f4814c9f8, 5591e313-4402-47e0-af57-331c659a0ec6, 5, e3300cdf-9cb1-4f44-8e33-c84005f72944, abc, 1000000000, 0101000020E6100000000000000000F03F0000000000000040).
2026-10-03 11:32:07.627 PDT [455474] CONTEXT:  SQL statement "INSERT INTO managed.d_74c13fe3558c40f095435eba1abee60f (dataset_id,version_group_id,version_id,fid,object_id,feature_revision,name,amount,geom) VALUES ('74c13fe3-558c-40f0-9543-5eba1abee60f'::uuid,'781fa4bf-f41f-4638-ba5e-893c7cf6aebc'::uuid,'ba568537-416d-43c7-9f6e-478f4814c9f8'::uuid,'5591e313-4402-47e0-af57-331c659a0ec6'::uuid,'5'::bigint,gen_random_uuid(),'abc'::text,'1000000000'::numeric,public.ST_GeomFromEWKT('SRID=4326;POINT(1 2)')) ON CONFLICT(version_id,fid) DO UPDATE SET feature_revision=EXCLUDED.feature_revision,name=EXCLUDED.name,amount=EXCLUDED.amount,geom=EXCLUDED.geom"
	PL/pgSQL function raw_apply_rows(uuid,uuid,uuid,jsonb,boolean) line 89 at EXECUTE
	PL/pgSQL function apply_group(uuid,uuid,jsonb) line 68 at assignment
	PL/pgSQL function apply_rows(uuid,uuid,uuid,jsonb,boolean) line 9 at RETURN
2026-10-03 11:32:07.627 PDT [455474] STATEMENT:  SELECT managed.apply_rows('74c13fe3-558c-40f0-9543-5eba1abee60f','ba568537-416d-43c7-9f6e-478f4814c9f8','32754591-eba4-4bc3-a735-399145128761','[{"fid":"5591e313-4402-47e0-af57-331c659a0ec6","values":{"name":"abc","amount":"1000000000"},"geometry":"SRID=4326;POINT(1 2)"}]'::jsonb,true)
2026-10-03 11:32:07.679 PDT [455476] ERROR:  division by zero
2026-10-03 11:32:07.679 PDT [455476] STATEMENT:  CREATE TABLE managed.partial_migration(x int); SELECT 1/0;
2026-10-03 11:32:07.777 PDT [455478] ERROR:  permission denied for schema managed at character 8
2026-10-03 11:32:07.777 PDT [455478] STATEMENT:  SELECT managed.apply_rows('e756fae3-881b-43ab-8bb4-bfeff275f7eb','b83facc6-6692-4635-9852-2aec2643f1fc','f3233747-ac5f-488f-85bd-eccefd7429c8','[{"fid":"e260fea1-ee11-473d-8510-c8377e4a2eef","values":{"name":"München","amount":"1.125"},"geometry":"SRID=4326;POINT(1 2)"}]'::jsonb,false)
2026-10-03 11:32:07.777 PDT [455478] ERROR:  permission denied for schema managed at character 13
2026-10-03 11:32:07.777 PDT [455478] STATEMENT:  DELETE FROM managed."d_e756fae3881b43ab8bb4bfeff275f7eb"
2026-10-03 11:32:07.777 PDT [455478] ERROR:  permission denied for schema managed
2026-10-03 11:32:07.777 PDT [455478] STATEMENT:  TRUNCATE managed."d_e756fae3881b43ab8bb4bfeff275f7eb"
2026-10-03 11:32:07.777 PDT [455478] ERROR:  permission denied for schema managed at character 8
2026-10-03 11:32:07.777 PDT [455478] STATEMENT:  UPDATE managed.feature_identity SET object_id=42
2026-10-03 11:32:07.777 PDT [455478] ERROR:  permission denied for schema managed at character 13
2026-10-03 11:32:07.777 PDT [455478] STATEMENT:  DELETE FROM managed.dataset
2026-10-03 11:32:07.777 PDT [455478] ERROR:  permission denied for schema managed at character 14
2026-10-03 11:32:07.777 PDT [455478] STATEMENT:  CREATE TABLE managed.bypass(x int)
2026-10-03 11:32:07.777 PDT [455478] ERROR:  permission denied for schema managed at character 15
2026-10-03 11:32:07.777 PDT [455478] STATEMENT:  SELECT setval('managed.oid_e756fae3881b43ab8bb4bfeff275f7eb',1)
2026-10-03 11:32:07.779 PDT [455479] ERROR:  permission denied for function apply_rows
2026-10-03 11:32:07.779 PDT [455479] STATEMENT:  SELECT managed.apply_rows('e756fae3-881b-43ab-8bb4-bfeff275f7eb','b83facc6-6692-4635-9852-2aec2643f1fc','f3233747-ac5f-488f-85bd-eccefd7429c8','[{"fid":"f069fa82-c950-453a-94d8-2b995141d5ed","values":{"name":"München","amount":"1.125"},"geometry":"SRID=4326;POINT(1 2)"}]'::jsonb,false)
2026-10-03 11:32:07.780 PDT [455479] ERROR:  permission denied for table d_e756fae3881b43ab8bb4bfeff275f7eb
2026-10-03 11:32:07.780 PDT [455479] STATEMENT:  DELETE FROM managed."d_e756fae3881b43ab8bb4bfeff275f7eb"
2026-10-03 11:32:07.780 PDT [455479] ERROR:  permission denied for table d_e756fae3881b43ab8bb4bfeff275f7eb
2026-10-03 11:32:07.780 PDT [455479] STATEMENT:  TRUNCATE managed."d_e756fae3881b43ab8bb4bfeff275f7eb"
2026-10-03 11:32:07.780 PDT [455479] ERROR:  permission denied for table feature_identity
2026-10-03 11:32:07.780 PDT [455479] STATEMENT:  UPDATE managed.feature_identity SET object_id=42
2026-10-03 11:32:07.780 PDT [455479] ERROR:  permission denied for table dataset
2026-10-03 11:32:07.780 PDT [455479] STATEMENT:  DELETE FROM managed.dataset
2026-10-03 11:32:07.780 PDT [455479] ERROR:  permission denied for schema managed at character 14
2026-10-03 11:32:07.780 PDT [455479] STATEMENT:  CREATE TABLE managed.bypass(x int)
2026-10-03 11:32:07.780 PDT [455479] ERROR:  permission denied for sequence oid_e756fae3881b43ab8bb4bfeff275f7eb
2026-10-03 11:32:07.780 PDT [455479] STATEMENT:  SELECT setval('managed.oid_e756fae3881b43ab8bb4bfeff275f7eb',1)
2026-10-03 11:32:07.802 PDT [455480] ERROR:  permission denied for table d_e756fae3881b43ab8bb4bfeff275f7eb
2026-10-03 11:32:07.802 PDT [455480] STATEMENT:  DELETE FROM managed."d_e756fae3881b43ab8bb4bfeff275f7eb"
2026-10-03 11:32:07.802 PDT [455480] ERROR:  permission denied for table d_e756fae3881b43ab8bb4bfeff275f7eb
2026-10-03 11:32:07.802 PDT [455480] STATEMENT:  TRUNCATE managed."d_e756fae3881b43ab8bb4bfeff275f7eb"
2026-10-03 11:32:07.802 PDT [455480] ERROR:  permission denied for table feature_identity
2026-10-03 11:32:07.802 PDT [455480] STATEMENT:  UPDATE managed.feature_identity SET object_id=42
2026-10-03 11:32:07.802 PDT [455480] ERROR:  permission denied for table dataset
2026-10-03 11:32:07.802 PDT [455480] STATEMENT:  DELETE FROM managed.dataset
2026-10-03 11:32:07.802 PDT [455480] ERROR:  permission denied for schema managed at character 14
2026-10-03 11:32:07.802 PDT [455480] STATEMENT:  CREATE TABLE managed.bypass(x int)
2026-10-03 11:32:07.802 PDT [455480] ERROR:  permission denied for sequence oid_e756fae3881b43ab8bb4bfeff275f7eb
2026-10-03 11:32:07.802 PDT [455480] STATEMENT:  SELECT setval('managed.oid_e756fae3881b43ab8bb4bfeff275f7eb',1)
2026-10-03 11:32:08.603 PDT [455511] ERROR:  INVALID_MANAGED_REQUEST
2026-10-03 11:32:08.603 PDT [455511] CONTEXT:  PL/pgSQL function apply_rows(uuid,uuid,uuid,jsonb,boolean) line 4 at RAISE
2026-10-03 11:32:08.603 PDT [455511] STATEMENT:  SELECT managed.apply_rows('c89551ff-d730-41ca-b40d-f89e027cdf42','7612598c-97c9-41ee-8b2f-440e34e0e6c9','42e51e38-be96-4297-9244-e03965e24e26','null'::jsonb,true)
2026-10-03 11:32:08.603 PDT [455511] ERROR:  INVALID_MANAGED_REQUEST
2026-10-03 11:32:08.603 PDT [455511] CONTEXT:  PL/pgSQL function apply_rows(uuid,uuid,uuid,jsonb,boolean) line 4 at RAISE
2026-10-03 11:32:08.603 PDT [455511] STATEMENT:  SELECT managed.apply_rows('c89551ff-d730-41ca-b40d-f89e027cdf42','7612598c-97c9-41ee-8b2f-440e34e0e6c9','42e51e38-be96-4297-9244-e03965e24e26','{}'::jsonb,true)
2026-10-03 11:32:08.605 PDT [455511] ERROR:  INVALID_FEATURE_ROW
2026-10-03 11:32:08.605 PDT [455511] CONTEXT:  PL/pgSQL function apply_group(uuid,uuid,jsonb) line 39 at RAISE
	PL/pgSQL function apply_rows(uuid,uuid,uuid,jsonb,boolean) line 9 at RETURN
2026-10-03 11:32:08.605 PDT [455511] STATEMENT:  SELECT managed.apply_rows('c89551ff-d730-41ca-b40d-f89e027cdf42','7612598c-97c9-41ee-8b2f-440e34e0e6c9','42e51e38-be96-4297-9244-e03965e24e26','[null]'::jsonb,true)
2026-10-03 11:32:08.606 PDT [455511] ERROR:  INVALID_FEATURE_ROW
2026-10-03 11:32:08.606 PDT [455511] CONTEXT:  PL/pgSQL function apply_group(uuid,uuid,jsonb) line 39 at RAISE
	PL/pgSQL function apply_rows(uuid,uuid,uuid,jsonb,boolean) line 9 at RETURN
2026-10-03 11:32:08.606 PDT [455511] STATEMENT:  SELECT managed.apply_rows('c89551ff-d730-41ca-b40d-f89e027cdf42','7612598c-97c9-41ee-8b2f-440e34e0e6c9','42e51e38-be96-4297-9244-e03965e24e26','[{}]'::jsonb,true)
2026-10-03 11:32:08.608 PDT [455511] ERROR:  FIELD_SET_MISMATCH
2026-10-03 11:32:08.608 PDT [455511] CONTEXT:  PL/pgSQL function raw_apply_rows(uuid,uuid,uuid,jsonb,boolean) line 39 at RAISE
	PL/pgSQL function apply_group(uuid,uuid,jsonb) line 68 at assignment
	PL/pgSQL function apply_rows(uuid,uuid,uuid,jsonb,boolean) line 9 at RETURN
2026-10-03 11:32:08.608 PDT [455511] STATEMENT:  SELECT managed.apply_rows('c89551ff-d730-41ca-b40d-f89e027cdf42','7612598c-97c9-41ee-8b2f-440e34e0e6c9','42e51e38-be96-4297-9244-e03965e24e26','[{"fid":"066b1dd0-0f50-465b-910a-65c9b4d5a05e","values":{"name":"a"},"geometry":"SRID=4326;POINT(1 2)"}]'::jsonb,true)
2026-10-03 11:32:08.609 PDT [455511] ERROR:  FIELD_SET_MISMATCH
2026-10-03 11:32:08.609 PDT [455511] CONTEXT:  PL/pgSQL function raw_apply_rows(uuid,uuid,uuid,jsonb,boolean) line 39 at RAISE
	PL/pgSQL function apply_group(uuid,uuid,jsonb) line 68 at assignment
	PL/pgSQL function apply_rows(uuid,uuid,uuid,jsonb,boolean) line 9 at RETURN
2026-10-03 11:32:08.609 PDT [455511] STATEMENT:  SELECT managed.apply_rows('c89551ff-d730-41ca-b40d-f89e027cdf42','7612598c-97c9-41ee-8b2f-440e34e0e6c9','42e51e38-be96-4297-9244-e03965e24e26','[{"fid":"8ebebba0-1119-4b49-99d2-67867178d6c2","values":{"name":"a","amount":"1","extra":1},"geometry":"SRID=4326;POINT(1 2)"}]'::jsonb,true)
2026-10-03 11:32:08.610 PDT [455511] ERROR:  NULL_NOT_ALLOWED
2026-10-03 11:32:08.610 PDT [455511] CONTEXT:  PL/pgSQL function raw_apply_rows(uuid,uuid,uuid,jsonb,boolean) line 56 at RAISE
	PL/pgSQL function apply_group(uuid,uuid,jsonb) line 68 at assignment
	PL/pgSQL function apply_rows(uuid,uuid,uuid,jsonb,boolean) line 9 at RETURN
2026-10-03 11:32:08.610 PDT [455511] STATEMENT:  SELECT managed.apply_rows('c89551ff-d730-41ca-b40d-f89e027cdf42','7612598c-97c9-41ee-8b2f-440e34e0e6c9','42e51e38-be96-4297-9244-e03965e24e26','[{"fid":"85119c14-0146-4771-99ab-9744c71c4cae","values":{"name":"a","amount":null},"geometry":"SRID=4326;POINT(1 2)"}]'::jsonb,true)
2026-10-03 11:32:08.611 PDT [455511] ERROR:  INVALID_MANAGED_REQUEST
2026-10-03 11:32:08.611 PDT [455511] CONTEXT:  PL/pgSQL function apply_rows(uuid,uuid,uuid,jsonb,boolean) line 4 at RAISE
2026-10-03 11:32:08.611 PDT [455511] STATEMENT:  SELECT managed.apply_rows('c89551ff-d730-41ca-b40d-f89e027cdf42',NULL,'42e51e38-be96-4297-9244-e03965e24e26','[{"fid":"3854c2ba-6bda-48e1-9872-0ed4373ca08a","values":{"name":"München","amount":"1.125"},"geometry":"SRID=4326;POINT(1 2)"}]'::jsonb,false)
2026-10-03 11:32:08.611 PDT [455511] ERROR:  INVALID_MANAGED_REQUEST
2026-10-03 11:32:08.611 PDT [455511] CONTEXT:  PL/pgSQL function apply_rows(uuid,uuid,uuid,jsonb,boolean) line 4 at RAISE
2026-10-03 11:32:08.611 PDT [455511] STATEMENT:  SELECT managed.apply_rows('c89551ff-d730-41ca-b40d-f89e027cdf42','7612598c-97c9-41ee-8b2f-440e34e0e6c9',NULL,'[{"fid":"3112b445-6da4-4adf-9208-c611b7de5c62","values":{"name":"München","amount":"1.125"},"geometry":"SRID=4326;POINT(1 2)"}]'::jsonb,false)
2026-10-03 11:32:08.612 PDT [455511] ERROR:  INVALID_MANAGED_REQUEST
2026-10-03 11:32:08.612 PDT [455511] CONTEXT:  PL/pgSQL function apply_rows(uuid,uuid,uuid,jsonb,boolean) line 4 at RAISE
2026-10-03 11:32:08.612 PDT [455511] STATEMENT:  SELECT managed.apply_rows('c89551ff-d730-41ca-b40d-f89e027cdf42','7612598c-97c9-41ee-8b2f-440e34e0e6c9','42e51e38-be96-4297-9244-e03965e24e26','[{"fid":"2d479029-5db4-4ee0-814e-1dab267e6a90","values":{"name":"München","amount":"1.125"},"geometry":"SRID=4326;POINT(1 2)"}]'::jsonb,NULL)
2026-10-03 11:32:08.668 PDT [455512] ERROR:  IMMUTABLE_MANAGED_IDENTITY
2026-10-03 11:32:08.668 PDT [455512] CONTEXT:  PL/pgSQL function managed.immutable() line 2 at RAISE
2026-10-03 11:32:08.668 PDT [455512] STATEMENT:  UPDATE managed.schema_revision SET canonical_text=canonical_text
2026-10-03 11:32:08.668 PDT [455512] ERROR:  IMMUTABLE_MANAGED_IDENTITY
2026-10-03 11:32:08.668 PDT [455512] CONTEXT:  PL/pgSQL function managed.immutable() line 2 at RAISE
2026-10-03 11:32:08.668 PDT [455512] STATEMENT:  DELETE FROM managed.schema_revision
2026-10-03 11:32:08.668 PDT [455512] ERROR:  IMMUTABLE_MANAGED_IDENTITY
2026-10-03 11:32:08.668 PDT [455512] CONTEXT:  PL/pgSQL function managed.immutable() line 2 at RAISE
2026-10-03 11:32:08.668 PDT [455512] STATEMENT:  UPDATE managed.dataset SET dataset_id=dataset_id
2026-10-03 11:32:08.687 PDT [455512] ERROR:  IMMUTABLE_MANAGED_IDENTITY
2026-10-03 11:32:08.687 PDT [455512] CONTEXT:  PL/pgSQL function managed.immutable() line 2 at RAISE
2026-10-03 11:32:08.687 PDT [455512] STATEMENT:  DELETE FROM managed.feature_identity WHERE dataset_id='5b43e642-d748-4374-99df-f2b448d94046'
2026-10-03 11:32:08.958 PDT [455525] ERROR:  STALE_HEAD
2026-10-03 11:32:08.958 PDT [455525] CONTEXT:  PL/pgSQL function apply_group(uuid,uuid,jsonb) line 15 at RAISE
	PL/pgSQL function apply_rows(uuid,uuid,uuid,jsonb,boolean) line 9 at RETURN
2026-10-03 11:32:08.958 PDT [455525] STATEMENT:  SELECT managed.apply_rows('c96b2f69-aea0-477e-ab1c-bf6d4491fca7','dfaec928-6650-40ec-93b5-b3131c6330e8','5338a5be-5cac-47e2-8056-a500cb8eb8b1','[{"fid":"c91a877a-c38e-401c-9289-489f1dcedfa0","values":{"name":"München","amount":"1.125"},"geometry":"SRID=4326;POINT(1 2)"}]'::jsonb,false)
2026-10-03 11:32:09.392 PDT [455421] LOG:  received fast shutdown request
2026-10-03 11:32:09.396 PDT [455421] LOG:  aborting any active transactions
2026-10-03 11:32:09.397 PDT [455421] LOG:  background worker "logical replication launcher" (PID 455427) exited with exit code 1
2026-10-03 11:32:09.397 PDT [455422] LOG:  shutting down
2026-10-03 11:32:09.402 PDT [455422] LOG:  checkpoint starting: shutdown immediate
2026-10-03 11:32:11.263 PDT [455422] LOG:  checkpoint complete: wrote 12654 buffers (77.2%); 0 WAL file(s) added, 0 removed, 5 recycled; write=0.163 s, sync=1.628 s, total=1.867 s; sync files=2424, longest=0.022 s, average=0.001 s; distance=87596 kB, estimate=87596 kB
2026-10-03 11:32:11.276 PDT [455421] LOG:  database system is shut down
