2026-10-03 11:19:04.356 PDT [450997] LOG:  starting PostgreSQL 15.19 on x86_64-pc-linux-gnu, compiled by gcc (GCC) 15.2.0, 64-bit
2026-10-03 11:19:04.356 PDT [450997] LOG:  listening on Unix socket "/tmp/ambisgis-fnd04-socket-l9pk2bb7/.s.PGSQL.55484"
2026-10-03 11:19:04.370 PDT [451000] LOG:  database system was shut down at 2026-10-03 11:19:04 PDT
2026-10-03 11:19:04.386 PDT [450997] LOG:  database system is ready to accept connections
2026-10-03 11:19:04.830 PDT [451012] ERROR:  value "2147483648" is out of range for type integer at character 383
2026-10-03 11:19:04.830 PDT [451012] QUERY:  INSERT INTO managed.d_ad4069766f50407bb7caee1ce2ace114 (dataset_id,version_group_id,version_id,fid,object_id,feature_revision,small,large,flag,related,day,instant) VALUES ('ad406976-6f50-407b-b7ca-ee1ce2ace114'::uuid,'9343ee72-eda5-4538-8e6c-935fa0712d05'::uuid,'e7d34096-6d48-49fa-957f-bf1021e94769'::uuid,'7a0446d5-6ec7-4d1a-a902-fb9f0ef75d7d'::uuid,'1'::bigint,gen_random_uuid(),'2147483648'::integer,'9223372036854775807'::bigint,'true'::boolean,NULL::uuid,'2024-02-29'::date,'2024-01-01T01:30:00.123456+01:30'::timestamptz) ON CONFLICT(version_id,fid) DO UPDATE SET feature_revision=EXCLUDED.feature_revision,small=EXCLUDED.small,large=EXCLUDED.large,flag=EXCLUDED.flag,related=EXCLUDED.related,day=EXCLUDED.day,instant=EXCLUDED.instant
2026-10-03 11:19:04.830 PDT [451012] CONTEXT:  PL/pgSQL function raw_apply_rows(uuid,uuid,uuid,jsonb,boolean) line 89 at EXECUTE
	PL/pgSQL function apply_group(uuid,uuid,jsonb) line 64 at assignment
	PL/pgSQL function apply_rows(uuid,uuid,uuid,jsonb,boolean) line 5 at RETURN
2026-10-03 11:19:04.830 PDT [451012] STATEMENT:  SELECT managed.apply_rows('ad406976-6f50-407b-b7ca-ee1ce2ace114','e7d34096-6d48-49fa-957f-bf1021e94769','05982505-6b6a-4303-ad7e-339df3dc38c0','[{"fid":"7a0446d5-6ec7-4d1a-a902-fb9f0ef75d7d","values":{"small":2147483648,"large":"9223372036854775807","flag":true,"related":null,"day":"2024-02-29","instant":"2024-01-01T01:30:00.123456+01:30"}}]'::jsonb,true)
2026-10-03 11:19:04.831 PDT [451012] ERROR:  INVALID_TYPED_VALUE
2026-10-03 11:19:04.831 PDT [451012] CONTEXT:  PL/pgSQL function raw_apply_rows(uuid,uuid,uuid,jsonb,boolean) line 68 at RAISE
	PL/pgSQL function apply_group(uuid,uuid,jsonb) line 64 at assignment
	PL/pgSQL function apply_rows(uuid,uuid,uuid,jsonb,boolean) line 5 at RETURN
2026-10-03 11:19:04.831 PDT [451012] STATEMENT:  SELECT managed.apply_rows('ad406976-6f50-407b-b7ca-ee1ce2ace114','e7d34096-6d48-49fa-957f-bf1021e94769','05982505-6b6a-4303-ad7e-339df3dc38c0','[{"fid":"7a0446d5-6ec7-4d1a-a902-fb9f0ef75d7d","values":{"small":true,"large":"9223372036854775807","flag":true,"related":null,"day":"2024-02-29","instant":"2024-01-01T01:30:00.123456+01:30"}}]'::jsonb,true)
2026-10-03 11:19:04.832 PDT [451012] ERROR:  INVALID_TYPED_VALUE
2026-10-03 11:19:04.832 PDT [451012] CONTEXT:  PL/pgSQL function raw_apply_rows(uuid,uuid,uuid,jsonb,boolean) line 68 at RAISE
	PL/pgSQL function apply_group(uuid,uuid,jsonb) line 64 at assignment
	PL/pgSQL function apply_rows(uuid,uuid,uuid,jsonb,boolean) line 5 at RETURN
2026-10-03 11:19:04.832 PDT [451012] STATEMENT:  SELECT managed.apply_rows('ad406976-6f50-407b-b7ca-ee1ce2ace114','e7d34096-6d48-49fa-957f-bf1021e94769','05982505-6b6a-4303-ad7e-339df3dc38c0','[{"fid":"7a0446d5-6ec7-4d1a-a902-fb9f0ef75d7d","values":{"small":2147483647,"large":9223372036854775807,"flag":true,"related":null,"day":"2024-02-29","instant":"2024-01-01T01:30:00.123456+01:30"}}]'::jsonb,true)
2026-10-03 11:19:04.834 PDT [451012] ERROR:  value "9223372036854775808" is out of range for type bigint at character 405
2026-10-03 11:19:04.834 PDT [451012] QUERY:  INSERT INTO managed.d_ad4069766f50407bb7caee1ce2ace114 (dataset_id,version_group_id,version_id,fid,object_id,feature_revision,small,large,flag,related,day,instant) VALUES ('ad406976-6f50-407b-b7ca-ee1ce2ace114'::uuid,'9343ee72-eda5-4538-8e6c-935fa0712d05'::uuid,'e7d34096-6d48-49fa-957f-bf1021e94769'::uuid,'7a0446d5-6ec7-4d1a-a902-fb9f0ef75d7d'::uuid,'1'::bigint,gen_random_uuid(),'2147483647'::integer,'9223372036854775808'::bigint,'true'::boolean,NULL::uuid,'2024-02-29'::date,'2024-01-01T01:30:00.123456+01:30'::timestamptz) ON CONFLICT(version_id,fid) DO UPDATE SET feature_revision=EXCLUDED.feature_revision,small=EXCLUDED.small,large=EXCLUDED.large,flag=EXCLUDED.flag,related=EXCLUDED.related,day=EXCLUDED.day,instant=EXCLUDED.instant
2026-10-03 11:19:04.834 PDT [451012] CONTEXT:  PL/pgSQL function raw_apply_rows(uuid,uuid,uuid,jsonb,boolean) line 89 at EXECUTE
	PL/pgSQL function apply_group(uuid,uuid,jsonb) line 64 at assignment
	PL/pgSQL function apply_rows(uuid,uuid,uuid,jsonb,boolean) line 5 at RETURN
2026-10-03 11:19:04.834 PDT [451012] STATEMENT:  SELECT managed.apply_rows('ad406976-6f50-407b-b7ca-ee1ce2ace114','e7d34096-6d48-49fa-957f-bf1021e94769','05982505-6b6a-4303-ad7e-339df3dc38c0','[{"fid":"7a0446d5-6ec7-4d1a-a902-fb9f0ef75d7d","values":{"small":2147483647,"large":"9223372036854775808","flag":true,"related":null,"day":"2024-02-29","instant":"2024-01-01T01:30:00.123456+01:30"}}]'::jsonb,true)
2026-10-03 11:19:04.837 PDT [451012] ERROR:  INVALID_TYPED_VALUE
2026-10-03 11:19:04.837 PDT [451012] CONTEXT:  PL/pgSQL function raw_apply_rows(uuid,uuid,uuid,jsonb,boolean) line 68 at RAISE
	PL/pgSQL function apply_group(uuid,uuid,jsonb) line 64 at assignment
	PL/pgSQL function apply_rows(uuid,uuid,uuid,jsonb,boolean) line 5 at RETURN
2026-10-03 11:19:04.837 PDT [451012] STATEMENT:  SELECT managed.apply_rows('ad406976-6f50-407b-b7ca-ee1ce2ace114','e7d34096-6d48-49fa-957f-bf1021e94769','05982505-6b6a-4303-ad7e-339df3dc38c0','[{"fid":"7a0446d5-6ec7-4d1a-a902-fb9f0ef75d7d","values":{"small":2147483647,"large":"9223372036854775807","flag":"true","related":null,"day":"2024-02-29","instant":"2024-01-01T01:30:00.123456+01:30"}}]'::jsonb,true)
2026-10-03 11:19:04.838 PDT [451012] ERROR:  date/time field value out of range: "2023-02-29" at character 462
2026-10-03 11:19:04.838 PDT [451012] QUERY:  INSERT INTO managed.d_ad4069766f50407bb7caee1ce2ace114 (dataset_id,version_group_id,version_id,fid,object_id,feature_revision,small,large,flag,related,day,instant) VALUES ('ad406976-6f50-407b-b7ca-ee1ce2ace114'::uuid,'9343ee72-eda5-4538-8e6c-935fa0712d05'::uuid,'e7d34096-6d48-49fa-957f-bf1021e94769'::uuid,'7a0446d5-6ec7-4d1a-a902-fb9f0ef75d7d'::uuid,'1'::bigint,gen_random_uuid(),'2147483647'::integer,'9223372036854775807'::bigint,'true'::boolean,NULL::uuid,'2023-02-29'::date,'2024-01-01T01:30:00.123456+01:30'::timestamptz) ON CONFLICT(version_id,fid) DO UPDATE SET feature_revision=EXCLUDED.feature_revision,small=EXCLUDED.small,large=EXCLUDED.large,flag=EXCLUDED.flag,related=EXCLUDED.related,day=EXCLUDED.day,instant=EXCLUDED.instant
2026-10-03 11:19:04.838 PDT [451012] CONTEXT:  PL/pgSQL function raw_apply_rows(uuid,uuid,uuid,jsonb,boolean) line 89 at EXECUTE
	PL/pgSQL function apply_group(uuid,uuid,jsonb) line 64 at assignment
	PL/pgSQL function apply_rows(uuid,uuid,uuid,jsonb,boolean) line 5 at RETURN
2026-10-03 11:19:04.838 PDT [451012] STATEMENT:  SELECT managed.apply_rows('ad406976-6f50-407b-b7ca-ee1ce2ace114','e7d34096-6d48-49fa-957f-bf1021e94769','05982505-6b6a-4303-ad7e-339df3dc38c0','[{"fid":"7a0446d5-6ec7-4d1a-a902-fb9f0ef75d7d","values":{"small":2147483647,"large":"9223372036854775807","flag":true,"related":null,"day":"2023-02-29","instant":"2024-01-01T01:30:00.123456+01:30"}}]'::jsonb,true)
2026-10-03 11:19:04.839 PDT [451012] ERROR:  INVALID_TYPED_VALUE
2026-10-03 11:19:04.839 PDT [451012] CONTEXT:  PL/pgSQL function raw_apply_rows(uuid,uuid,uuid,jsonb,boolean) line 68 at RAISE
	PL/pgSQL function apply_group(uuid,uuid,jsonb) line 64 at assignment
	PL/pgSQL function apply_rows(uuid,uuid,uuid,jsonb,boolean) line 5 at RETURN
2026-10-03 11:19:04.839 PDT [451012] STATEMENT:  SELECT managed.apply_rows('ad406976-6f50-407b-b7ca-ee1ce2ace114','e7d34096-6d48-49fa-957f-bf1021e94769','05982505-6b6a-4303-ad7e-339df3dc38c0','[{"fid":"7a0446d5-6ec7-4d1a-a902-fb9f0ef75d7d","values":{"small":2147483647,"large":"9223372036854775807","flag":true,"related":null,"day":"2024-02-29","instant":"2024-01-01T24:00:00Z"}}]'::jsonb,true)
2026-10-03 11:19:04.839 PDT [451012] ERROR:  INVALID_TYPED_VALUE
2026-10-03 11:19:04.839 PDT [451012] CONTEXT:  PL/pgSQL function raw_apply_rows(uuid,uuid,uuid,jsonb,boolean) line 68 at RAISE
	PL/pgSQL function apply_group(uuid,uuid,jsonb) line 64 at assignment
	PL/pgSQL function apply_rows(uuid,uuid,uuid,jsonb,boolean) line 5 at RETURN
2026-10-03 11:19:04.839 PDT [451012] STATEMENT:  SELECT managed.apply_rows('ad406976-6f50-407b-b7ca-ee1ce2ace114','e7d34096-6d48-49fa-957f-bf1021e94769','05982505-6b6a-4303-ad7e-339df3dc38c0','[{"fid":"7a0446d5-6ec7-4d1a-a902-fb9f0ef75d7d","values":{"small":2147483647,"large":"9223372036854775807","flag":true,"related":null,"day":"2024-02-29","instant":"2024-01-01T00:00:00.1234567Z"}}]'::jsonb,true)
2026-10-03 11:19:04.840 PDT [451012] ERROR:  INVALID_TYPED_VALUE
2026-10-03 11:19:04.840 PDT [451012] CONTEXT:  PL/pgSQL function raw_apply_rows(uuid,uuid,uuid,jsonb,boolean) line 68 at RAISE
	PL/pgSQL function apply_group(uuid,uuid,jsonb) line 64 at assignment
	PL/pgSQL function apply_rows(uuid,uuid,uuid,jsonb,boolean) line 5 at RETURN
2026-10-03 11:19:04.840 PDT [451012] STATEMENT:  SELECT managed.apply_rows('ad406976-6f50-407b-b7ca-ee1ce2ace114','e7d34096-6d48-49fa-957f-bf1021e94769','05982505-6b6a-4303-ad7e-339df3dc38c0','[{"fid":"7a0446d5-6ec7-4d1a-a902-fb9f0ef75d7d","values":{"small":2147483647,"large":"9223372036854775807","flag":true,"related":null,"day":"2024-02-29","instant":"2024-01-01T00:00:00"}}]'::jsonb,true)
2026-10-03 11:19:04.841 PDT [451012] ERROR:  INVALID_TYPED_VALUE
2026-10-03 11:19:04.841 PDT [451012] CONTEXT:  PL/pgSQL function raw_apply_rows(uuid,uuid,uuid,jsonb,boolean) line 68 at RAISE
	PL/pgSQL function apply_group(uuid,uuid,jsonb) line 64 at assignment
	PL/pgSQL function apply_rows(uuid,uuid,uuid,jsonb,boolean) line 5 at RETURN
2026-10-03 11:19:04.841 PDT [451012] STATEMENT:  SELECT managed.apply_rows('ad406976-6f50-407b-b7ca-ee1ce2ace114','e7d34096-6d48-49fa-957f-bf1021e94769','05982505-6b6a-4303-ad7e-339df3dc38c0','[{"fid":"7a0446d5-6ec7-4d1a-a902-fb9f0ef75d7d","values":{"small":2147483647,"large":"9223372036854775807","flag":true,"related":"bad","day":"2024-02-29","instant":"2024-01-01T01:30:00.123456+01:30"}}]'::jsonb,true)
2026-10-03 11:19:04.859 PDT [451012] ERROR:  nextval: reached maximum value of sequence "oid_ad4069766f50407bb7caee1ce2ace114" (9223372036854775807)
2026-10-03 11:19:04.859 PDT [451012] CONTEXT:  PL/pgSQL function raw_apply_rows(uuid,uuid,uuid,jsonb,boolean) line 46 at assignment
	PL/pgSQL function apply_group(uuid,uuid,jsonb) line 64 at assignment
	PL/pgSQL function apply_rows(uuid,uuid,uuid,jsonb,boolean) line 5 at RETURN
2026-10-03 11:19:04.859 PDT [451012] STATEMENT:  SELECT managed.apply_rows('ad406976-6f50-407b-b7ca-ee1ce2ace114','e7d34096-6d48-49fa-957f-bf1021e94769','75cf69e7-05b2-47f1-878c-8be5461b24b4','[{"fid":"c7a1dd2a-5ff9-40e2-acd2-7748c0bbc2a5","values":{"small":2147483647,"large":"9223372036854775807","flag":true,"related":null,"day":"2024-02-29","instant":"2024-01-01T01:30:00.123456+01:30"}}]'::jsonb,true)
2026-10-03 11:19:05.259 PDT [451023] ERROR:  STALE_HEAD
2026-10-03 11:19:05.259 PDT [451023] CONTEXT:  PL/pgSQL function apply_group(uuid,uuid,jsonb) line 15 at RAISE
	PL/pgSQL function apply_rows(uuid,uuid,uuid,jsonb,boolean) line 5 at RETURN
2026-10-03 11:19:05.259 PDT [451023] STATEMENT:  SELECT managed.apply_rows('89bf3577-a3bb-437d-a769-9122dae57022','826162e1-4e5d-47c7-923d-486ee2a8aecc','5e85e88d-a5b7-48ae-b528-99df8b2be136','[{"fid":"c42762b3-e753-47f8-9d2b-eabf31262f93","values":{"name":"München","amount":"1.125"},"geometry":"SRID=4326;POINT(1 2)"}]'::jsonb,false)
2026-10-03 11:19:05.267 PDT [451023] ERROR:  insert or update on table "d_89bf3577a3bb437da7699122dae57022" violates foreign key constraint "d_89bf3577a3bb437da7699122dae5_version_group_id_version_id_fkey"
2026-10-03 11:19:05.267 PDT [451023] DETAIL:  Key (version_group_id, version_id)=(f0de754f-e046-4a2b-b424-3fa43887480e, c49e3b9f-13ad-42f9-ad28-0b7ecbb69060) is not present in table "version".
2026-10-03 11:19:05.267 PDT [451023] STATEMENT:  UPDATE managed."d_89bf3577a3bb437da7699122dae57022" SET version_id='c49e3b9f-13ad-42f9-ad28-0b7ecbb69060'
2026-10-03 11:19:05.267 PDT [451023] ERROR:  new row for relation "d_89bf3577a3bb437da7699122dae57022" violates check constraint "d_89bf3577a3bb437da7699122dae57022_dataset_id_check"
2026-10-03 11:19:05.267 PDT [451023] DETAIL:  Failing row contains (0502f580-3a93-4303-a8ba-36d1a8278ca5, f0de754f-e046-4a2b-b424-3fa43887480e, 826162e1-4e5d-47c7-923d-486ee2a8aecc, 7bf71499-0554-402c-afed-fa932b92435e, 1, aa5cc3b5-f280-40a3-bf14-3018469a7d63, München, 1.125, 0101000020E6100000000000000000F03F0000000000000040).
2026-10-03 11:19:05.267 PDT [451023] STATEMENT:  UPDATE managed."d_89bf3577a3bb437da7699122dae57022" SET dataset_id='0502f580-3a93-4303-a8ba-36d1a8278ca5'
2026-10-03 11:19:05.267 PDT [451023] ERROR:  insert or update on table "d_89bf3577a3bb437da7699122dae57022" violates foreign key constraint "d_89bf3577a3bb437da7699122dae5702_dataset_id_fid_object_id_fkey"
2026-10-03 11:19:05.267 PDT [451023] DETAIL:  Key (dataset_id, fid, object_id)=(89bf3577-a3bb-437d-a769-9122dae57022, 7bf71499-0554-402c-afed-fa932b92435e, 999) is not present in table "feature_identity".
2026-10-03 11:19:05.267 PDT [451023] STATEMENT:  UPDATE managed."d_89bf3577a3bb437da7699122dae57022" SET object_id=999
2026-10-03 11:19:05.267 PDT [451023] ERROR:  new row for relation "version" violates check constraint "version_name_check"
2026-10-03 11:19:05.267 PDT [451023] DETAIL:  Failing row contains (c4423353-8eb4-4673-8547-386e7f675217, f0de754f-e046-4a2b-b424-3fa43887480e, named, d274046f-1d9e-4e5f-a2cf-538d34258578).
2026-10-03 11:19:05.267 PDT [451023] STATEMENT:  INSERT INTO managed.version VALUES('c4423353-8eb4-4673-8547-386e7f675217','f0de754f-e046-4a2b-b424-3fa43887480e','named','d274046f-1d9e-4e5f-a2cf-538d34258578')
2026-10-03 11:19:05.268 PDT [451023] ERROR:  STALE_HEAD
2026-10-03 11:19:05.268 PDT [451023] CONTEXT:  PL/pgSQL function apply_group(uuid,uuid,jsonb) line 15 at RAISE
	PL/pgSQL function apply_rows(uuid,uuid,uuid,jsonb,boolean) line 5 at RETURN
2026-10-03 11:19:05.268 PDT [451023] STATEMENT:  SELECT managed.apply_rows('89bf3577-a3bb-437d-a769-9122dae57022','c49e3b9f-13ad-42f9-ad28-0b7ecbb69060','a9774511-5598-46a7-bc50-8d20a7b0146f','[{"fid":"7bf71499-0554-402c-afed-fa932b92435e","values":{"name":"München","amount":"1.125"},"geometry":"SRID=4326;POINT(1 2)"}]'::jsonb,false)
2026-10-03 11:19:05.314 PDT [451024] ERROR:  new row for relation "d_81e3ae63989b4f8fbb7879c5d06816a9" violates check constraint "d_81e3ae63989b4f8fbb7879c5d06816a9_amount_check"
2026-10-03 11:19:05.314 PDT [451024] DETAIL:  Failing row contains (81e3ae63-989b-4f8f-bb78-79c5d06816a9, f9f516eb-059d-4ca2-a246-9c9f8d21fbcb, a7070346-639e-4ace-876d-a6fdd5aab8cf, fb569059-1fe0-4187-90cd-8f978d21de5b, 1, 31da9a96-741c-4a89-8b6a-46cf58b498fa, 東京😀abcdΩ, 1.0001, 0101000020E6100000000000000000F03F0000000000000040).
2026-10-03 11:19:05.314 PDT [451024] STATEMENT:  UPDATE managed."d_81e3ae63989b4f8fbb7879c5d06816a9" SET amount=1.0001
2026-10-03 11:19:05.314 PDT [451024] ERROR:  new row for relation "d_81e3ae63989b4f8fbb7879c5d06816a9" violates check constraint "d_81e3ae63989b4f8fbb7879c5d06816a9_amount_check"
2026-10-03 11:19:05.314 PDT [451024] DETAIL:  Failing row contains (81e3ae63-989b-4f8f-bb78-79c5d06816a9, f9f516eb-059d-4ca2-a246-9c9f8d21fbcb, a7070346-639e-4ace-876d-a6fdd5aab8cf, fb569059-1fe0-4187-90cd-8f978d21de5b, 1, 31da9a96-741c-4a89-8b6a-46cf58b498fa, 東京😀abcdΩ, NaN, 0101000020E6100000000000000000F03F0000000000000040).
2026-10-03 11:19:05.314 PDT [451024] STATEMENT:  UPDATE managed."d_81e3ae63989b4f8fbb7879c5d06816a9" SET amount='NaN'::numeric
2026-10-03 11:19:05.314 PDT [451024] ERROR:  new row for relation "d_81e3ae63989b4f8fbb7879c5d06816a9" violates check constraint "d_81e3ae63989b4f8fbb7879c5d06816a9_amount_check"
2026-10-03 11:19:05.314 PDT [451024] DETAIL:  Failing row contains (81e3ae63-989b-4f8f-bb78-79c5d06816a9, f9f516eb-059d-4ca2-a246-9c9f8d21fbcb, a7070346-639e-4ace-876d-a6fdd5aab8cf, fb569059-1fe0-4187-90cd-8f978d21de5b, 1, 31da9a96-741c-4a89-8b6a-46cf58b498fa, 東京😀abcdΩ, Infinity, 0101000020E6100000000000000000F03F0000000000000040).
2026-10-03 11:19:05.314 PDT [451024] STATEMENT:  UPDATE managed."d_81e3ae63989b4f8fbb7879c5d06816a9" SET amount='Infinity'::numeric
2026-10-03 11:19:05.314 PDT [451024] ERROR:  new row for relation "d_81e3ae63989b4f8fbb7879c5d06816a9" violates check constraint "d_81e3ae63989b4f8fbb7879c5d06816a9_name_check"
2026-10-03 11:19:05.314 PDT [451024] DETAIL:  Failing row contains (81e3ae63-989b-4f8f-bb78-79c5d06816a9, f9f516eb-059d-4ca2-a246-9c9f8d21fbcb, a7070346-639e-4ace-876d-a6fdd5aab8cf, fb569059-1fe0-4187-90cd-8f978d21de5b, 1, 31da9a96-741c-4a89-8b6a-46cf58b498fa, 123456789, -999999999.999, 0101000020E6100000000000000000F03F0000000000000040).
2026-10-03 11:19:05.314 PDT [451024] STATEMENT:  UPDATE managed."d_81e3ae63989b4f8fbb7879c5d06816a9" SET name='123456789'
2026-10-03 11:19:05.314 PDT [451024] ERROR:  new row for relation "d_81e3ae63989b4f8fbb7879c5d06816a9" violates check constraint "d_81e3ae63989b4f8fbb7879c5d06816a9_name_check"
2026-10-03 11:19:05.314 PDT [451024] DETAIL:  Failing row contains (81e3ae63-989b-4f8f-bb78-79c5d06816a9, f9f516eb-059d-4ca2-a246-9c9f8d21fbcb, a7070346-639e-4ace-876d-a6fdd5aab8cf, fb569059-1fe0-4187-90cd-8f978d21de5b, 1, 31da9a96-741c-4a89-8b6a-46cf58b498fa, 12345678 , -999999999.999, 0101000020E6100000000000000000F03F0000000000000040).
2026-10-03 11:19:05.314 PDT [451024] STATEMENT:  UPDATE managed."d_81e3ae63989b4f8fbb7879c5d06816a9" SET name='12345678 '
2026-10-03 11:19:05.315 PDT [451024] ERROR:  INVALID_TYPED_VALUE
2026-10-03 11:19:05.315 PDT [451024] CONTEXT:  PL/pgSQL function raw_apply_rows(uuid,uuid,uuid,jsonb,boolean) line 68 at RAISE
	PL/pgSQL function apply_group(uuid,uuid,jsonb) line 64 at assignment
	PL/pgSQL function apply_rows(uuid,uuid,uuid,jsonb,boolean) line 5 at RETURN
2026-10-03 11:19:05.315 PDT [451024] STATEMENT:  SELECT managed.apply_rows('81e3ae63-989b-4f8f-bb78-79c5d06816a9','a7070346-639e-4ace-876d-a6fdd5aab8cf','6ce42111-307f-40f9-b57e-42975cf01ed0','[{"fid":"0411e5be-8d61-414b-be01-c81cd3cd9183","values":{"name":"","amount":1.125},"geometry":"SRID=4326;POINT(1 2)"}]'::jsonb,true)
2026-10-03 11:19:05.556 PDT [451028] ERROR:  division by zero
2026-10-03 11:19:05.556 PDT [451028] STATEMENT:  CREATE TABLE managed.partial(x int); SELECT 1/0;
2026-10-03 11:19:05.598 PDT [451029] ERROR:  null value in column "geom" of relation "d_69bed77bc79941148e9a06b09b391e9e" violates not-null constraint
2026-10-03 11:19:05.598 PDT [451029] DETAIL:  Failing row contains (69bed77b-c799-4114-8e9a-06b09b391e9e, 778ca19a-9da5-44b1-bc88-57eb225b70f3, 02872f2a-78f9-483f-9053-e3c632716d6f, 654e1769-40e3-401d-b29c-967ba5faad1c, 1, 23f17e47-717e-4ba2-ae6a-617ac1654511, München, 1.125, null).
2026-10-03 11:19:05.598 PDT [451029] CONTEXT:  SQL statement "INSERT INTO managed.d_69bed77bc79941148e9a06b09b391e9e (dataset_id,version_group_id,version_id,fid,object_id,feature_revision,name,amount,geom) VALUES ('69bed77b-c799-4114-8e9a-06b09b391e9e'::uuid,'778ca19a-9da5-44b1-bc88-57eb225b70f3'::uuid,'02872f2a-78f9-483f-9053-e3c632716d6f'::uuid,'654e1769-40e3-401d-b29c-967ba5faad1c'::uuid,'1'::bigint,gen_random_uuid(),'München'::text,'1.125'::numeric,NULL) ON CONFLICT(version_id,fid) DO UPDATE SET feature_revision=EXCLUDED.feature_revision,name=EXCLUDED.name,amount=EXCLUDED.amount,geom=EXCLUDED.geom"
	PL/pgSQL function raw_apply_rows(uuid,uuid,uuid,jsonb,boolean) line 89 at EXECUTE
	PL/pgSQL function apply_group(uuid,uuid,jsonb) line 64 at assignment
	PL/pgSQL function apply_rows(uuid,uuid,uuid,jsonb,boolean) line 5 at RETURN
2026-10-03 11:19:05.598 PDT [451029] STATEMENT:  SELECT managed.apply_rows('69bed77b-c799-4114-8e9a-06b09b391e9e','02872f2a-78f9-483f-9053-e3c632716d6f','2927a2e9-c3e4-489e-bbe0-18336346600f','[{"fid":"654e1769-40e3-401d-b29c-967ba5faad1c","values":{"name":"München","amount":"1.125"},"geometry":null}]'::jsonb,true)
2026-10-03 11:19:05.599 PDT [451029] ERROR:  new row for relation "d_69bed77bc79941148e9a06b09b391e9e" violates check constraint "d_69bed77bc79941148e9a06b09b391e9e_geom_check"
2026-10-03 11:19:05.599 PDT [451029] DETAIL:  Failing row contains (69bed77b-c799-4114-8e9a-06b09b391e9e, 778ca19a-9da5-44b1-bc88-57eb225b70f3, 02872f2a-78f9-483f-9053-e3c632716d6f, 4365196a-5083-45ef-9b13-a4b6a7150f3c, 2, 58caa0b6-39dd-4939-895f-f04be2d297b4, München, 1.125, 0101000020E6100000000000000000F87F000000000000F87F).
2026-10-03 11:19:05.599 PDT [451029] CONTEXT:  SQL statement "INSERT INTO managed.d_69bed77bc79941148e9a06b09b391e9e (dataset_id,version_group_id,version_id,fid,object_id,feature_revision,name,amount,geom) VALUES ('69bed77b-c799-4114-8e9a-06b09b391e9e'::uuid,'778ca19a-9da5-44b1-bc88-57eb225b70f3'::uuid,'02872f2a-78f9-483f-9053-e3c632716d6f'::uuid,'4365196a-5083-45ef-9b13-a4b6a7150f3c'::uuid,'2'::bigint,gen_random_uuid(),'München'::text,'1.125'::numeric,public.ST_GeomFromEWKT('SRID=4326;POINT EMPTY')) ON CONFLICT(version_id,fid) DO UPDATE SET feature_revision=EXCLUDED.feature_revision,name=EXCLUDED.name,amount=EXCLUDED.amount,geom=EXCLUDED.geom"
	PL/pgSQL function raw_apply_rows(uuid,uuid,uuid,jsonb,boolean) line 89 at EXECUTE
	PL/pgSQL function apply_group(uuid,uuid,jsonb) line 64 at assignment
	PL/pgSQL function apply_rows(uuid,uuid,uuid,jsonb,boolean) line 5 at RETURN
2026-10-03 11:19:05.599 PDT [451029] STATEMENT:  SELECT managed.apply_rows('69bed77b-c799-4114-8e9a-06b09b391e9e','02872f2a-78f9-483f-9053-e3c632716d6f','2927a2e9-c3e4-489e-bbe0-18336346600f','[{"fid":"4365196a-5083-45ef-9b13-a4b6a7150f3c","values":{"name":"München","amount":"1.125"},"geometry":"SRID=4326;POINT EMPTY"}]'::jsonb,true)
2026-10-03 11:19:05.600 PDT [451029] ERROR:  new row for relation "d_69bed77bc79941148e9a06b09b391e9e" violates check constraint "d_69bed77bc79941148e9a06b09b391e9e_geom_check"
2026-10-03 11:19:05.600 PDT [451029] DETAIL:  Failing row contains (69bed77b-c799-4114-8e9a-06b09b391e9e, 778ca19a-9da5-44b1-bc88-57eb225b70f3, 02872f2a-78f9-483f-9053-e3c632716d6f, ebb15cad-caa8-4136-97ca-7390b1106ca9, 3, 8b6477a7-12ff-47b6-b2e8-c3b6e2f596a1, München, 1.125, 0101000020E6100000000000000000F87F0000000000000040).
2026-10-03 11:19:05.600 PDT [451029] CONTEXT:  SQL statement "INSERT INTO managed.d_69bed77bc79941148e9a06b09b391e9e (dataset_id,version_group_id,version_id,fid,object_id,feature_revision,name,amount,geom) VALUES ('69bed77b-c799-4114-8e9a-06b09b391e9e'::uuid,'778ca19a-9da5-44b1-bc88-57eb225b70f3'::uuid,'02872f2a-78f9-483f-9053-e3c632716d6f'::uuid,'ebb15cad-caa8-4136-97ca-7390b1106ca9'::uuid,'3'::bigint,gen_random_uuid(),'München'::text,'1.125'::numeric,public.ST_GeomFromEWKT('SRID=4326;POINT(NaN 2)')) ON CONFLICT(version_id,fid) DO UPDATE SET feature_revision=EXCLUDED.feature_revision,name=EXCLUDED.name,amount=EXCLUDED.amount,geom=EXCLUDED.geom"
	PL/pgSQL function raw_apply_rows(uuid,uuid,uuid,jsonb,boolean) line 89 at EXECUTE
	PL/pgSQL function apply_group(uuid,uuid,jsonb) line 64 at assignment
	PL/pgSQL function apply_rows(uuid,uuid,uuid,jsonb,boolean) line 5 at RETURN
2026-10-03 11:19:05.600 PDT [451029] STATEMENT:  SELECT managed.apply_rows('69bed77b-c799-4114-8e9a-06b09b391e9e','02872f2a-78f9-483f-9053-e3c632716d6f','2927a2e9-c3e4-489e-bbe0-18336346600f','[{"fid":"ebb15cad-caa8-4136-97ca-7390b1106ca9","values":{"name":"München","amount":"1.125"},"geometry":"SRID=4326;POINT(NaN 2)"}]'::jsonb,true)
2026-10-03 11:19:05.601 PDT [451029] ERROR:  parse error - invalid geometry
2026-10-03 11:19:05.601 PDT [451029] HINT:  "SRID=4326;POINT(In" <-- parse error at position 18 within geometry
2026-10-03 11:19:05.601 PDT [451029] CONTEXT:  SQL statement "INSERT INTO managed.d_69bed77bc79941148e9a06b09b391e9e (dataset_id,version_group_id,version_id,fid,object_id,feature_revision,name,amount,geom) VALUES ('69bed77b-c799-4114-8e9a-06b09b391e9e'::uuid,'778ca19a-9da5-44b1-bc88-57eb225b70f3'::uuid,'02872f2a-78f9-483f-9053-e3c632716d6f'::uuid,'4a0b7ff6-58e5-44e5-90e6-759c8abf69a2'::uuid,'4'::bigint,gen_random_uuid(),'München'::text,'1.125'::numeric,public.ST_GeomFromEWKT('SRID=4326;POINT(Infinity 2)')) ON CONFLICT(version_id,fid) DO UPDATE SET feature_revision=EXCLUDED.feature_revision,name=EXCLUDED.name,amount=EXCLUDED.amount,geom=EXCLUDED.geom"
	PL/pgSQL function raw_apply_rows(uuid,uuid,uuid,jsonb,boolean) line 89 at EXECUTE
	PL/pgSQL function apply_group(uuid,uuid,jsonb) line 64 at assignment
	PL/pgSQL function apply_rows(uuid,uuid,uuid,jsonb,boolean) line 5 at RETURN
2026-10-03 11:19:05.601 PDT [451029] STATEMENT:  SELECT managed.apply_rows('69bed77b-c799-4114-8e9a-06b09b391e9e','02872f2a-78f9-483f-9053-e3c632716d6f','2927a2e9-c3e4-489e-bbe0-18336346600f','[{"fid":"4a0b7ff6-58e5-44e5-90e6-759c8abf69a2","values":{"name":"München","amount":"1.125"},"geometry":"SRID=4326;POINT(Infinity 2)"}]'::jsonb,true)
2026-10-03 11:19:05.602 PDT [451029] ERROR:  INVALID_GEOMETRY_INPUT
2026-10-03 11:19:05.602 PDT [451029] CONTEXT:  PL/pgSQL function raw_apply_rows(uuid,uuid,uuid,jsonb,boolean) line 84 at RAISE
	PL/pgSQL function apply_group(uuid,uuid,jsonb) line 64 at assignment
	PL/pgSQL function apply_rows(uuid,uuid,uuid,jsonb,boolean) line 5 at RETURN
2026-10-03 11:19:05.602 PDT [451029] STATEMENT:  SELECT managed.apply_rows('69bed77b-c799-4114-8e9a-06b09b391e9e','02872f2a-78f9-483f-9053-e3c632716d6f','2927a2e9-c3e4-489e-bbe0-18336346600f','[{"fid":"2c1491ad-ff26-48df-b488-7f9ae3e51250","values":{"name":"München","amount":"1.125"},"geometry":"POINT(1 2)"}]'::jsonb,true)
2026-10-03 11:19:05.665 PDT [451029] ERROR:  new row for relation "d_1a5199be047f4d0abbc8cecaae5d38ff" violates check constraint "d_1a5199be047f4d0abbc8cecaae5d38ff_geom_check"
2026-10-03 11:19:05.665 PDT [451029] DETAIL:  Failing row contains (1a5199be-047f-4d0a-bbc8-cecaae5d38ff, 99a3458e-9113-4a6b-82a0-7185a5004a6a, c01f07ff-5179-4ac6-9c8f-30d9b38ef4f1, 5fd5fc6d-c9a8-44c4-94bc-cfff6ab40cd9, 1, 1253db88-c3f6-444d-8533-bfe17172a069, München, 1.125, 01010000A0E6100000000000000000F03F0000000000000040000000000000F8...).
2026-10-03 11:19:05.665 PDT [451029] CONTEXT:  SQL statement "INSERT INTO managed.d_1a5199be047f4d0abbc8cecaae5d38ff (dataset_id,version_group_id,version_id,fid,object_id,feature_revision,name,amount,geom) VALUES ('1a5199be-047f-4d0a-bbc8-cecaae5d38ff'::uuid,'99a3458e-9113-4a6b-82a0-7185a5004a6a'::uuid,'c01f07ff-5179-4ac6-9c8f-30d9b38ef4f1'::uuid,'5fd5fc6d-c9a8-44c4-94bc-cfff6ab40cd9'::uuid,'1'::bigint,gen_random_uuid(),'München'::text,'1.125'::numeric,public.ST_GeomFromEWKT('SRID=4326;POINT Z(1 2 NaN)')) ON CONFLICT(version_id,fid) DO UPDATE SET feature_revision=EXCLUDED.feature_revision,name=EXCLUDED.name,amount=EXCLUDED.amount,geom=EXCLUDED.geom"
	PL/pgSQL function raw_apply_rows(uuid,uuid,uuid,jsonb,boolean) line 89 at EXECUTE
	PL/pgSQL function apply_group(uuid,uuid,jsonb) line 64 at assignment
	PL/pgSQL function apply_rows(uuid,uuid,uuid,jsonb,boolean) line 5 at RETURN
2026-10-03 11:19:05.665 PDT [451029] STATEMENT:  SELECT managed.apply_rows('1a5199be-047f-4d0a-bbc8-cecaae5d38ff','c01f07ff-5179-4ac6-9c8f-30d9b38ef4f1','11379217-44e7-4f3f-8bde-8c3c0238a20d','[{"fid":"5fd5fc6d-c9a8-44c4-94bc-cfff6ab40cd9","values":{"name":"München","amount":"1.125"},"geometry":"SRID=4326;POINT Z(1 2 NaN)"}]'::jsonb,true)
2026-10-03 11:19:05.692 PDT [451029] ERROR:  parse error - invalid geometry
2026-10-03 11:19:05.692 PDT [451029] HINT:  "SRID=4326;POINT M(1 2 In" <-- parse error at position 24 within geometry
2026-10-03 11:19:05.692 PDT [451029] CONTEXT:  SQL statement "INSERT INTO managed.d_2a7135a10ad247e4b031a96c1efed54c (dataset_id,version_group_id,version_id,fid,object_id,feature_revision,name,amount,geom) VALUES ('2a7135a1-0ad2-47e4-b031-a96c1efed54c'::uuid,'04045ddb-2fb6-465d-b986-c4bb7a37e078'::uuid,'0b86c0be-8db0-437c-9771-533b1d9cb6c0'::uuid,'f89b8daf-2c43-4855-a16e-7cef028cd482'::uuid,'1'::bigint,gen_random_uuid(),'München'::text,'1.125'::numeric,public.ST_GeomFromEWKT('SRID=4326;POINT M(1 2 Infinity)')) ON CONFLICT(version_id,fid) DO UPDATE SET feature_revision=EXCLUDED.feature_revision,name=EXCLUDED.name,amount=EXCLUDED.amount,geom=EXCLUDED.geom"
	PL/pgSQL function raw_apply_rows(uuid,uuid,uuid,jsonb,boolean) line 89 at EXECUTE
	PL/pgSQL function apply_group(uuid,uuid,jsonb) line 64 at assignment
	PL/pgSQL function apply_rows(uuid,uuid,uuid,jsonb,boolean) line 5 at RETURN
2026-10-03 11:19:05.692 PDT [451029] STATEMENT:  SELECT managed.apply_rows('2a7135a1-0ad2-47e4-b031-a96c1efed54c','0b86c0be-8db0-437c-9771-533b1d9cb6c0','53265639-f07c-47a1-a4a4-3c180db3daca','[{"fid":"f89b8daf-2c43-4855-a16e-7cef028cd482","values":{"name":"München","amount":"1.125"},"geometry":"SRID=4326;POINT M(1 2 Infinity)"}]'::jsonb,true)
2026-10-03 11:19:05.720 PDT [451029] ERROR:  new row for relation "d_7673f6a074f44d5bb8498d04ea60f225" violates check constraint "d_7673f6a074f44d5bb8498d04ea60f225_geom_check"
2026-10-03 11:19:05.720 PDT [451029] DETAIL:  Failing row contains (7673f6a0-74f4-4d5b-b849-8d04ea60f225, ec5f4a32-0e9f-4c8c-b41d-f30bcffbe978, 8ca33977-f9e2-4d2d-8ba9-0c57e2da00a8, b67ae285-b3e1-4e65-92bc-c66074a6510c, 1, 269f3594-4a17-48ed-870e-3c7265f74a61, München, 1.125, 01010000E0E6100000000000000000F03F000000000000004000000000000008...).
2026-10-03 11:19:05.720 PDT [451029] CONTEXT:  SQL statement "INSERT INTO managed.d_7673f6a074f44d5bb8498d04ea60f225 (dataset_id,version_group_id,version_id,fid,object_id,feature_revision,name,amount,geom) VALUES ('7673f6a0-74f4-4d5b-b849-8d04ea60f225'::uuid,'ec5f4a32-0e9f-4c8c-b41d-f30bcffbe978'::uuid,'8ca33977-f9e2-4d2d-8ba9-0c57e2da00a8'::uuid,'b67ae285-b3e1-4e65-92bc-c66074a6510c'::uuid,'1'::bigint,gen_random_uuid(),'München'::text,'1.125'::numeric,public.ST_GeomFromEWKT('SRID=4326;POINT ZM(1 2 3 NaN)')) ON CONFLICT(version_id,fid) DO UPDATE SET feature_revision=EXCLUDED.feature_revision,name=EXCLUDED.name,amount=EXCLUDED.amount,geom=EXCLUDED.geom"
	PL/pgSQL function raw_apply_rows(uuid,uuid,uuid,jsonb,boolean) line 89 at EXECUTE
	PL/pgSQL function apply_group(uuid,uuid,jsonb) line 64 at assignment
	PL/pgSQL function apply_rows(uuid,uuid,uuid,jsonb,boolean) line 5 at RETURN
2026-10-03 11:19:05.720 PDT [451029] STATEMENT:  SELECT managed.apply_rows('7673f6a0-74f4-4d5b-b849-8d04ea60f225','8ca33977-f9e2-4d2d-8ba9-0c57e2da00a8','3daca9c4-def5-4b92-9230-ccf0593a6e07','[{"fid":"b67ae285-b3e1-4e65-92bc-c66074a6510c","values":{"name":"München","amount":"1.125"},"geometry":"SRID=4326;POINT ZM(1 2 3 NaN)"}]'::jsonb,true)
2026-10-03 11:19:05.747 PDT [451029] ERROR:  new row for relation "d_5e5eb6e4643d4345ae838385b0e0c647" violates check constraint "d_5e5eb6e4643d4345ae838385b0e0c647_geom_check"
2026-10-03 11:19:05.747 PDT [451029] DETAIL:  Failing row contains (5e5eb6e4-643d-4345-ae83-8385b0e0c647, 1321d49b-39da-490d-9690-ce6e9a7e1fd7, 5ba06e8e-2281-4ca1-8bf0-9fde66ebc7c5, 77b92c90-2d27-42a7-9a1b-936b7e9bd7c9, 1, 6e5b101d-e7f9-41e1-b7dc-d14ee28b5024, München, 1.125, 0103000020E61000000100000005000000000000000000000000000000000000...).
2026-10-03 11:19:05.747 PDT [451029] CONTEXT:  SQL statement "INSERT INTO managed.d_5e5eb6e4643d4345ae838385b0e0c647 (dataset_id,version_group_id,version_id,fid,object_id,feature_revision,name,amount,geom) VALUES ('5e5eb6e4-643d-4345-ae83-8385b0e0c647'::uuid,'1321d49b-39da-490d-9690-ce6e9a7e1fd7'::uuid,'5ba06e8e-2281-4ca1-8bf0-9fde66ebc7c5'::uuid,'77b92c90-2d27-42a7-9a1b-936b7e9bd7c9'::uuid,'1'::bigint,gen_random_uuid(),'München'::text,'1.125'::numeric,public.ST_GeomFromEWKT('SRID=4326;POLYGON((0 0,2 2,0 2,2 0,0 0))')) ON CONFLICT(version_id,fid) DO UPDATE SET feature_revision=EXCLUDED.feature_revision,name=EXCLUDED.name,amount=EXCLUDED.amount,geom=EXCLUDED.geom"
	PL/pgSQL function raw_apply_rows(uuid,uuid,uuid,jsonb,boolean) line 89 at EXECUTE
	PL/pgSQL function apply_group(uuid,uuid,jsonb) line 64 at assignment
	PL/pgSQL function apply_rows(uuid,uuid,uuid,jsonb,boolean) line 5 at RETURN
2026-10-03 11:19:05.747 PDT [451029] STATEMENT:  SELECT managed.apply_rows('5e5eb6e4-643d-4345-ae83-8385b0e0c647','5ba06e8e-2281-4ca1-8bf0-9fde66ebc7c5','89215a1b-3f97-48ab-b68b-308aae5d10f3','[{"fid":"77b92c90-2d27-42a7-9a1b-936b7e9bd7c9","values":{"name":"München","amount":"1.125"},"geometry":"SRID=4326;POLYGON((0 0,2 2,0 2,2 0,0 0))"}]'::jsonb,true)
2026-10-03 11:19:05.795 PDT [451030] ERROR:  new row for relation "d_cdd4aa303f574847a069f58e3d59cbee" violates check constraint "d_cdd4aa303f574847a069f58e3d59cbee_geom_check"
2026-10-03 11:19:05.795 PDT [451030] DETAIL:  Failing row contains (cdd4aa30-3f57-4847-a069-f58e3d59cbee, 5a16438a-de10-4e3c-be01-04ae0c5af2bd, e4845660-7156-4b85-bdf8-492b3170b68e, 1812471c-4391-43e7-a23c-ee5ec97ed218, 2, e46fc2a9-0da2-4512-9310-aff4eb76eaaf, München, 1.125, 0101000000000000000000F03F0000000000000040).
2026-10-03 11:19:05.795 PDT [451030] CONTEXT:  SQL statement "INSERT INTO managed.d_cdd4aa303f574847a069f58e3d59cbee (dataset_id,version_group_id,version_id,fid,object_id,feature_revision,name,amount,geom) VALUES ('cdd4aa30-3f57-4847-a069-f58e3d59cbee'::uuid,'5a16438a-de10-4e3c-be01-04ae0c5af2bd'::uuid,'e4845660-7156-4b85-bdf8-492b3170b68e'::uuid,'1812471c-4391-43e7-a23c-ee5ec97ed218'::uuid,'2'::bigint,gen_random_uuid(),'München'::text,'1.125'::numeric,public.ST_GeomFromEWKT('SRID=0;POINT (1 2)')) ON CONFLICT(version_id,fid) DO UPDATE SET feature_revision=EXCLUDED.feature_revision,name=EXCLUDED.name,amount=EXCLUDED.amount,geom=EXCLUDED.geom"
	PL/pgSQL function raw_apply_rows(uuid,uuid,uuid,jsonb,boolean) line 89 at EXECUTE
	PL/pgSQL function apply_group(uuid,uuid,jsonb) line 64 at assignment
	PL/pgSQL function apply_rows(uuid,uuid,uuid,jsonb,boolean) line 5 at RETURN
2026-10-03 11:19:05.795 PDT [451030] STATEMENT:  SELECT managed.apply_rows('cdd4aa30-3f57-4847-a069-f58e3d59cbee','e4845660-7156-4b85-bdf8-492b3170b68e','57497299-e184-4c9e-95c2-c677c467dfac','[{"fid":"1812471c-4391-43e7-a23c-ee5ec97ed218","values":{"name":"München","amount":"1.125"},"geometry":"SRID=0;POINT (1 2)"}]'::jsonb,true)
2026-10-03 11:19:05.796 PDT [451030] ERROR:  new row for relation "d_cdd4aa303f574847a069f58e3d59cbee" violates check constraint "d_cdd4aa303f574847a069f58e3d59cbee_geom_check"
2026-10-03 11:19:05.796 PDT [451030] DETAIL:  Failing row contains (cdd4aa30-3f57-4847-a069-f58e3d59cbee, 5a16438a-de10-4e3c-be01-04ae0c5af2bd, e4845660-7156-4b85-bdf8-492b3170b68e, a6dd2a3c-f1ff-46a3-b92c-9927dcd83f28, 3, 5209c425-9fc7-4a8f-a734-1416f536c7d7, München, 1.125, 0101000020B6080000000000000000F03F0000000000000040).
2026-10-03 11:19:05.796 PDT [451030] CONTEXT:  SQL statement "INSERT INTO managed.d_cdd4aa303f574847a069f58e3d59cbee (dataset_id,version_group_id,version_id,fid,object_id,feature_revision,name,amount,geom) VALUES ('cdd4aa30-3f57-4847-a069-f58e3d59cbee'::uuid,'5a16438a-de10-4e3c-be01-04ae0c5af2bd'::uuid,'e4845660-7156-4b85-bdf8-492b3170b68e'::uuid,'a6dd2a3c-f1ff-46a3-b92c-9927dcd83f28'::uuid,'3'::bigint,gen_random_uuid(),'München'::text,'1.125'::numeric,public.ST_GeomFromEWKT('SRID=2230;POINT (1 2)')) ON CONFLICT(version_id,fid) DO UPDATE SET feature_revision=EXCLUDED.feature_revision,name=EXCLUDED.name,amount=EXCLUDED.amount,geom=EXCLUDED.geom"
	PL/pgSQL function raw_apply_rows(uuid,uuid,uuid,jsonb,boolean) line 89 at EXECUTE
	PL/pgSQL function apply_group(uuid,uuid,jsonb) line 64 at assignment
	PL/pgSQL function apply_rows(uuid,uuid,uuid,jsonb,boolean) line 5 at RETURN
2026-10-03 11:19:05.796 PDT [451030] STATEMENT:  SELECT managed.apply_rows('cdd4aa30-3f57-4847-a069-f58e3d59cbee','e4845660-7156-4b85-bdf8-492b3170b68e','57497299-e184-4c9e-95c2-c677c467dfac','[{"fid":"a6dd2a3c-f1ff-46a3-b92c-9927dcd83f28","values":{"name":"München","amount":"1.125"},"geometry":"SRID=2230;POINT (1 2)"}]'::jsonb,true)
2026-10-03 11:19:05.798 PDT [451030] ERROR:  new row for relation "d_cdd4aa303f574847a069f58e3d59cbee" violates check constraint "d_cdd4aa303f574847a069f58e3d59cbee_geom_check"
2026-10-03 11:19:05.798 PDT [451030] DETAIL:  Failing row contains (cdd4aa30-3f57-4847-a069-f58e3d59cbee, 5a16438a-de10-4e3c-be01-04ae0c5af2bd, e4845660-7156-4b85-bdf8-492b3170b68e, 0e0b3010-d5d9-4423-b946-4a4b09c6a857, 4, 687da1a6-f8bb-4eed-bcac-2c917cfcb35c, München, 1.125, 01010000A0E6100000000000000000F03F000000000000004000000000000008...).
2026-10-03 11:19:05.798 PDT [451030] CONTEXT:  SQL statement "INSERT INTO managed.d_cdd4aa303f574847a069f58e3d59cbee (dataset_id,version_group_id,version_id,fid,object_id,feature_revision,name,amount,geom) VALUES ('cdd4aa30-3f57-4847-a069-f58e3d59cbee'::uuid,'5a16438a-de10-4e3c-be01-04ae0c5af2bd'::uuid,'e4845660-7156-4b85-bdf8-492b3170b68e'::uuid,'0e0b3010-d5d9-4423-b946-4a4b09c6a857'::uuid,'4'::bigint,gen_random_uuid(),'München'::text,'1.125'::numeric,public.ST_GeomFromEWKT('SRID=4326;POINT Z(1 2 3)')) ON CONFLICT(version_id,fid) DO UPDATE SET feature_revision=EXCLUDED.feature_revision,name=EXCLUDED.name,amount=EXCLUDED.amount,geom=EXCLUDED.geom"
	PL/pgSQL function raw_apply_rows(uuid,uuid,uuid,jsonb,boolean) line 89 at EXECUTE
	PL/pgSQL function apply_group(uuid,uuid,jsonb) line 64 at assignment
	PL/pgSQL function apply_rows(uuid,uuid,uuid,jsonb,boolean) line 5 at RETURN
2026-10-03 11:19:05.798 PDT [451030] STATEMENT:  SELECT managed.apply_rows('cdd4aa30-3f57-4847-a069-f58e3d59cbee','e4845660-7156-4b85-bdf8-492b3170b68e','57497299-e184-4c9e-95c2-c677c467dfac','[{"fid":"0e0b3010-d5d9-4423-b946-4a4b09c6a857","values":{"name":"München","amount":"1.125"},"geometry":"SRID=4326;POINT Z(1 2 3)"}]'::jsonb,true)
2026-10-03 11:19:05.800 PDT [451030] ERROR:  new row for relation "d_cdd4aa303f574847a069f58e3d59cbee" violates check constraint "d_cdd4aa303f574847a069f58e3d59cbee_geom_check"
2026-10-03 11:19:05.800 PDT [451030] DETAIL:  Failing row contains (cdd4aa30-3f57-4847-a069-f58e3d59cbee, 5a16438a-de10-4e3c-be01-04ae0c5af2bd, e4845660-7156-4b85-bdf8-492b3170b68e, 56dc9dd3-1c81-41ee-ae29-39ba6374b4d1, 5, a3d3c5bc-2fa7-45da-84de-9d8b104c9c34, München, 1.125, 0104000020E6100000010000000101000000000000000000F03F000000000000...).
2026-10-03 11:19:05.800 PDT [451030] CONTEXT:  SQL statement "INSERT INTO managed.d_cdd4aa303f574847a069f58e3d59cbee (dataset_id,version_group_id,version_id,fid,object_id,feature_revision,name,amount,geom) VALUES ('cdd4aa30-3f57-4847-a069-f58e3d59cbee'::uuid,'5a16438a-de10-4e3c-be01-04ae0c5af2bd'::uuid,'e4845660-7156-4b85-bdf8-492b3170b68e'::uuid,'56dc9dd3-1c81-41ee-ae29-39ba6374b4d1'::uuid,'5'::bigint,gen_random_uuid(),'München'::text,'1.125'::numeric,public.ST_GeomFromEWKT('SRID=4326;MULTIPOINT ((1 2))')) ON CONFLICT(version_id,fid) DO UPDATE SET feature_revision=EXCLUDED.feature_revision,name=EXCLUDED.name,amount=EXCLUDED.amount,geom=EXCLUDED.geom"
	PL/pgSQL function raw_apply_rows(uuid,uuid,uuid,jsonb,boolean) line 89 at EXECUTE
	PL/pgSQL function apply_group(uuid,uuid,jsonb) line 64 at assignment
	PL/pgSQL function apply_rows(uuid,uuid,uuid,jsonb,boolean) line 5 at RETURN
2026-10-03 11:19:05.800 PDT [451030] STATEMENT:  SELECT managed.apply_rows('cdd4aa30-3f57-4847-a069-f58e3d59cbee','e4845660-7156-4b85-bdf8-492b3170b68e','57497299-e184-4c9e-95c2-c677c467dfac','[{"fid":"56dc9dd3-1c81-41ee-ae29-39ba6374b4d1","values":{"name":"München","amount":"1.125"},"geometry":"SRID=4326;MULTIPOINT ((1 2))"}]'::jsonb,true)
2026-10-03 11:19:05.834 PDT [451030] ERROR:  new row for relation "d_b767c79e278045a787ca5f8edf10a23b" violates check constraint "d_b767c79e278045a787ca5f8edf10a23b_geom_check"
2026-10-03 11:19:05.834 PDT [451030] DETAIL:  Failing row contains (b767c79e-2780-45a7-87ca-5f8edf10a23b, 4a412b31-ba9f-43c8-b515-e3594b4660da, 7cb88b30-70bf-4e63-96c0-8c6fd3733650, 7a761d12-1ae9-4b94-bf26-fb07ed89ea40, 2, e273d133-b63e-4fea-8d87-56b63901f53f, München, 1.125, 0101000080000000000000F03F00000000000000400000000000000840).
2026-10-03 11:19:05.834 PDT [451030] CONTEXT:  SQL statement "INSERT INTO managed.d_b767c79e278045a787ca5f8edf10a23b (dataset_id,version_group_id,version_id,fid,object_id,feature_revision,name,amount,geom) VALUES ('b767c79e-2780-45a7-87ca-5f8edf10a23b'::uuid,'4a412b31-ba9f-43c8-b515-e3594b4660da'::uuid,'7cb88b30-70bf-4e63-96c0-8c6fd3733650'::uuid,'7a761d12-1ae9-4b94-bf26-fb07ed89ea40'::uuid,'2'::bigint,gen_random_uuid(),'München'::text,'1.125'::numeric,public.ST_GeomFromEWKT('SRID=0;POINT Z(1 2 3)')) ON CONFLICT(version_id,fid) DO UPDATE SET feature_revision=EXCLUDED.feature_revision,name=EXCLUDED.name,amount=EXCLUDED.amount,geom=EXCLUDED.geom"
	PL/pgSQL function raw_apply_rows(uuid,uuid,uuid,jsonb,boolean) line 89 at EXECUTE
	PL/pgSQL function apply_group(uuid,uuid,jsonb) line 64 at assignment
	PL/pgSQL function apply_rows(uuid,uuid,uuid,jsonb,boolean) line 5 at RETURN
2026-10-03 11:19:05.834 PDT [451030] STATEMENT:  SELECT managed.apply_rows('b767c79e-2780-45a7-87ca-5f8edf10a23b','7cb88b30-70bf-4e63-96c0-8c6fd3733650','9647ee79-e881-411d-b6bc-e6a53902d7a1','[{"fid":"7a761d12-1ae9-4b94-bf26-fb07ed89ea40","values":{"name":"München","amount":"1.125"},"geometry":"SRID=0;POINT Z(1 2 3)"}]'::jsonb,true)
2026-10-03 11:19:05.835 PDT [451030] ERROR:  new row for relation "d_b767c79e278045a787ca5f8edf10a23b" violates check constraint "d_b767c79e278045a787ca5f8edf10a23b_geom_check"
2026-10-03 11:19:05.835 PDT [451030] DETAIL:  Failing row contains (b767c79e-2780-45a7-87ca-5f8edf10a23b, 4a412b31-ba9f-43c8-b515-e3594b4660da, 7cb88b30-70bf-4e63-96c0-8c6fd3733650, 8a1f3224-cc43-44f7-97a5-fac274bfd560, 3, 862a53ee-0cba-4e6e-9685-430ac16a4151, München, 1.125, 01010000A0B6080000000000000000F03F000000000000004000000000000008...).
2026-10-03 11:19:05.835 PDT [451030] CONTEXT:  SQL statement "INSERT INTO managed.d_b767c79e278045a787ca5f8edf10a23b (dataset_id,version_group_id,version_id,fid,object_id,feature_revision,name,amount,geom) VALUES ('b767c79e-2780-45a7-87ca-5f8edf10a23b'::uuid,'4a412b31-ba9f-43c8-b515-e3594b4660da'::uuid,'7cb88b30-70bf-4e63-96c0-8c6fd3733650'::uuid,'8a1f3224-cc43-44f7-97a5-fac274bfd560'::uuid,'3'::bigint,gen_random_uuid(),'München'::text,'1.125'::numeric,public.ST_GeomFromEWKT('SRID=2230;POINT Z(1 2 3)')) ON CONFLICT(version_id,fid) DO UPDATE SET feature_revision=EXCLUDED.feature_revision,name=EXCLUDED.name,amount=EXCLUDED.amount,geom=EXCLUDED.geom"
	PL/pgSQL function raw_apply_rows(uuid,uuid,uuid,jsonb,boolean) line 89 at EXECUTE
	PL/pgSQL function apply_group(uuid,uuid,jsonb) line 64 at assignment
	PL/pgSQL function apply_rows(uuid,uuid,uuid,jsonb,boolean) line 5 at RETURN
2026-10-03 11:19:05.835 PDT [451030] STATEMENT:  SELECT managed.apply_rows('b767c79e-2780-45a7-87ca-5f8edf10a23b','7cb88b30-70bf-4e63-96c0-8c6fd3733650','9647ee79-e881-411d-b6bc-e6a53902d7a1','[{"fid":"8a1f3224-cc43-44f7-97a5-fac274bfd560","values":{"name":"München","amount":"1.125"},"geometry":"SRID=2230;POINT Z(1 2 3)"}]'::jsonb,true)
2026-10-03 11:19:05.836 PDT [451030] ERROR:  new row for relation "d_b767c79e278045a787ca5f8edf10a23b" violates check constraint "d_b767c79e278045a787ca5f8edf10a23b_geom_check"
2026-10-03 11:19:05.836 PDT [451030] DETAIL:  Failing row contains (b767c79e-2780-45a7-87ca-5f8edf10a23b, 4a412b31-ba9f-43c8-b515-e3594b4660da, 7cb88b30-70bf-4e63-96c0-8c6fd3733650, 930ff29c-aae5-487a-b084-6960bd7fa5f8, 4, 5bc98e4a-edde-4170-931f-356853feeb66, München, 1.125, 0101000020E6100000000000000000F03F0000000000000040).
2026-10-03 11:19:05.836 PDT [451030] CONTEXT:  SQL statement "INSERT INTO managed.d_b767c79e278045a787ca5f8edf10a23b (dataset_id,version_group_id,version_id,fid,object_id,feature_revision,name,amount,geom) VALUES ('b767c79e-2780-45a7-87ca-5f8edf10a23b'::uuid,'4a412b31-ba9f-43c8-b515-e3594b4660da'::uuid,'7cb88b30-70bf-4e63-96c0-8c6fd3733650'::uuid,'930ff29c-aae5-487a-b084-6960bd7fa5f8'::uuid,'4'::bigint,gen_random_uuid(),'München'::text,'1.125'::numeric,public.ST_GeomFromEWKT('SRID=4326;POINT (1 2)')) ON CONFLICT(version_id,fid) DO UPDATE SET feature_revision=EXCLUDED.feature_revision,name=EXCLUDED.name,amount=EXCLUDED.amount,geom=EXCLUDED.geom"
	PL/pgSQL function raw_apply_rows(uuid,uuid,uuid,jsonb,boolean) line 89 at EXECUTE
	PL/pgSQL function apply_group(uuid,uuid,jsonb) line 64 at assignment
	PL/pgSQL function apply_rows(uuid,uuid,uuid,jsonb,boolean) line 5 at RETURN
2026-10-03 11:19:05.836 PDT [451030] STATEMENT:  SELECT managed.apply_rows('b767c79e-2780-45a7-87ca-5f8edf10a23b','7cb88b30-70bf-4e63-96c0-8c6fd3733650','9647ee79-e881-411d-b6bc-e6a53902d7a1','[{"fid":"930ff29c-aae5-487a-b084-6960bd7fa5f8","values":{"name":"München","amount":"1.125"},"geometry":"SRID=4326;POINT (1 2)"}]'::jsonb,true)
2026-10-03 11:19:05.837 PDT [451030] ERROR:  new row for relation "d_b767c79e278045a787ca5f8edf10a23b" violates check constraint "d_b767c79e278045a787ca5f8edf10a23b_geom_check"
2026-10-03 11:19:05.837 PDT [451030] DETAIL:  Failing row contains (b767c79e-2780-45a7-87ca-5f8edf10a23b, 4a412b31-ba9f-43c8-b515-e3594b4660da, 7cb88b30-70bf-4e63-96c0-8c6fd3733650, 43583706-ec41-42b2-803c-53081b87e0b3, 5, 456ca2cf-31d0-45bc-ad51-1d76e3bbc431, München, 1.125, 01040000A0E6100000010000000101000080000000000000F03F000000000000...).
2026-10-03 11:19:05.837 PDT [451030] CONTEXT:  SQL statement "INSERT INTO managed.d_b767c79e278045a787ca5f8edf10a23b (dataset_id,version_group_id,version_id,fid,object_id,feature_revision,name,amount,geom) VALUES ('b767c79e-2780-45a7-87ca-5f8edf10a23b'::uuid,'4a412b31-ba9f-43c8-b515-e3594b4660da'::uuid,'7cb88b30-70bf-4e63-96c0-8c6fd3733650'::uuid,'43583706-ec41-42b2-803c-53081b87e0b3'::uuid,'5'::bigint,gen_random_uuid(),'München'::text,'1.125'::numeric,public.ST_GeomFromEWKT('SRID=4326;MULTIPOINT Z((1 2 3))')) ON CONFLICT(version_id,fid) DO UPDATE SET feature_revision=EXCLUDED.feature_revision,name=EXCLUDED.name,amount=EXCLUDED.amount,geom=EXCLUDED.geom"
	PL/pgSQL function raw_apply_rows(uuid,uuid,uuid,jsonb,boolean) line 89 at EXECUTE
	PL/pgSQL function apply_group(uuid,uuid,jsonb) line 64 at assignment
	PL/pgSQL function apply_rows(uuid,uuid,uuid,jsonb,boolean) line 5 at RETURN
2026-10-03 11:19:05.837 PDT [451030] STATEMENT:  SELECT managed.apply_rows('b767c79e-2780-45a7-87ca-5f8edf10a23b','7cb88b30-70bf-4e63-96c0-8c6fd3733650','9647ee79-e881-411d-b6bc-e6a53902d7a1','[{"fid":"43583706-ec41-42b2-803c-53081b87e0b3","values":{"name":"München","amount":"1.125"},"geometry":"SRID=4326;MULTIPOINT Z((1 2 3))"}]'::jsonb,true)
2026-10-03 11:19:05.870 PDT [451030] ERROR:  new row for relation "d_aa4382274ecc48058ea3f0baa28349ef" violates check constraint "d_aa4382274ecc48058ea3f0baa28349ef_geom_check"
2026-10-03 11:19:05.870 PDT [451030] DETAIL:  Failing row contains (aa438227-4ecc-4805-8ea3-f0baa28349ef, 9a9e38a0-4e80-45b3-bad6-3519abe8faa4, 5bcb387a-27f9-41a0-9667-b31c6522558b, de84ea6c-d562-4dd2-bdea-222e645c75f6, 2, 770baa1a-6977-42cc-af35-5ab97e9692e3, München, 1.125, 0101000040000000000000F03F00000000000000400000000000001040).
2026-10-03 11:19:05.870 PDT [451030] CONTEXT:  SQL statement "INSERT INTO managed.d_aa4382274ecc48058ea3f0baa28349ef (dataset_id,version_group_id,version_id,fid,object_id,feature_revision,name,amount,geom) VALUES ('aa438227-4ecc-4805-8ea3-f0baa28349ef'::uuid,'9a9e38a0-4e80-45b3-bad6-3519abe8faa4'::uuid,'5bcb387a-27f9-41a0-9667-b31c6522558b'::uuid,'de84ea6c-d562-4dd2-bdea-222e645c75f6'::uuid,'2'::bigint,gen_random_uuid(),'München'::text,'1.125'::numeric,public.ST_GeomFromEWKT('SRID=0;POINT M(1 2 4)')) ON CONFLICT(version_id,fid) DO UPDATE SET feature_revision=EXCLUDED.feature_revision,name=EXCLUDED.name,amount=EXCLUDED.amount,geom=EXCLUDED.geom"
	PL/pgSQL function raw_apply_rows(uuid,uuid,uuid,jsonb,boolean) line 89 at EXECUTE
	PL/pgSQL function apply_group(uuid,uuid,jsonb) line 64 at assignment
	PL/pgSQL function apply_rows(uuid,uuid,uuid,jsonb,boolean) line 5 at RETURN
2026-10-03 11:19:05.870 PDT [451030] STATEMENT:  SELECT managed.apply_rows('aa438227-4ecc-4805-8ea3-f0baa28349ef','5bcb387a-27f9-41a0-9667-b31c6522558b','3ff09f7e-29ef-4762-9b66-edbcea8ed4d1','[{"fid":"de84ea6c-d562-4dd2-bdea-222e645c75f6","values":{"name":"München","amount":"1.125"},"geometry":"SRID=0;POINT M(1 2 4)"}]'::jsonb,true)
2026-10-03 11:19:05.871 PDT [451030] ERROR:  new row for relation "d_aa4382274ecc48058ea3f0baa28349ef" violates check constraint "d_aa4382274ecc48058ea3f0baa28349ef_geom_check"
2026-10-03 11:19:05.871 PDT [451030] DETAIL:  Failing row contains (aa438227-4ecc-4805-8ea3-f0baa28349ef, 9a9e38a0-4e80-45b3-bad6-3519abe8faa4, 5bcb387a-27f9-41a0-9667-b31c6522558b, 6db14929-3393-4bc7-82d7-c41a29b2133c, 3, 81171627-3db7-4e25-863e-b5c235bca2dc, München, 1.125, 0101000060B6080000000000000000F03F000000000000004000000000000010...).
2026-10-03 11:19:05.871 PDT [451030] CONTEXT:  SQL statement "INSERT INTO managed.d_aa4382274ecc48058ea3f0baa28349ef (dataset_id,version_group_id,version_id,fid,object_id,feature_revision,name,amount,geom) VALUES ('aa438227-4ecc-4805-8ea3-f0baa28349ef'::uuid,'9a9e38a0-4e80-45b3-bad6-3519abe8faa4'::uuid,'5bcb387a-27f9-41a0-9667-b31c6522558b'::uuid,'6db14929-3393-4bc7-82d7-c41a29b2133c'::uuid,'3'::bigint,gen_random_uuid(),'München'::text,'1.125'::numeric,public.ST_GeomFromEWKT('SRID=2230;POINT M(1 2 4)')) ON CONFLICT(version_id,fid) DO UPDATE SET feature_revision=EXCLUDED.feature_revision,name=EXCLUDED.name,amount=EXCLUDED.amount,geom=EXCLUDED.geom"
	PL/pgSQL function raw_apply_rows(uuid,uuid,uuid,jsonb,boolean) line 89 at EXECUTE
	PL/pgSQL function apply_group(uuid,uuid,jsonb) line 64 at assignment
	PL/pgSQL function apply_rows(uuid,uuid,uuid,jsonb,boolean) line 5 at RETURN
2026-10-03 11:19:05.871 PDT [451030] STATEMENT:  SELECT managed.apply_rows('aa438227-4ecc-4805-8ea3-f0baa28349ef','5bcb387a-27f9-41a0-9667-b31c6522558b','3ff09f7e-29ef-4762-9b66-edbcea8ed4d1','[{"fid":"6db14929-3393-4bc7-82d7-c41a29b2133c","values":{"name":"München","amount":"1.125"},"geometry":"SRID=2230;POINT M(1 2 4)"}]'::jsonb,true)
2026-10-03 11:19:05.872 PDT [451030] ERROR:  new row for relation "d_aa4382274ecc48058ea3f0baa28349ef" violates check constraint "d_aa4382274ecc48058ea3f0baa28349ef_geom_check"
2026-10-03 11:19:05.872 PDT [451030] DETAIL:  Failing row contains (aa438227-4ecc-4805-8ea3-f0baa28349ef, 9a9e38a0-4e80-45b3-bad6-3519abe8faa4, 5bcb387a-27f9-41a0-9667-b31c6522558b, 1dac03d1-42ef-45da-ba13-e779ce78b7f7, 4, 189754e0-c1dd-406d-b6a7-db7c357fdfa1, München, 1.125, 0101000020E6100000000000000000F03F0000000000000040).
2026-10-03 11:19:05.872 PDT [451030] CONTEXT:  SQL statement "INSERT INTO managed.d_aa4382274ecc48058ea3f0baa28349ef (dataset_id,version_group_id,version_id,fid,object_id,feature_revision,name,amount,geom) VALUES ('aa438227-4ecc-4805-8ea3-f0baa28349ef'::uuid,'9a9e38a0-4e80-45b3-bad6-3519abe8faa4'::uuid,'5bcb387a-27f9-41a0-9667-b31c6522558b'::uuid,'1dac03d1-42ef-45da-ba13-e779ce78b7f7'::uuid,'4'::bigint,gen_random_uuid(),'München'::text,'1.125'::numeric,public.ST_GeomFromEWKT('SRID=4326;POINT (1 2)')) ON CONFLICT(version_id,fid) DO UPDATE SET feature_revision=EXCLUDED.feature_revision,name=EXCLUDED.name,amount=EXCLUDED.amount,geom=EXCLUDED.geom"
	PL/pgSQL function raw_apply_rows(uuid,uuid,uuid,jsonb,boolean) line 89 at EXECUTE
	PL/pgSQL function apply_group(uuid,uuid,jsonb) line 64 at assignment
	PL/pgSQL function apply_rows(uuid,uuid,uuid,jsonb,boolean) line 5 at RETURN
2026-10-03 11:19:05.872 PDT [451030] STATEMENT:  SELECT managed.apply_rows('aa438227-4ecc-4805-8ea3-f0baa28349ef','5bcb387a-27f9-41a0-9667-b31c6522558b','3ff09f7e-29ef-4762-9b66-edbcea8ed4d1','[{"fid":"1dac03d1-42ef-45da-ba13-e779ce78b7f7","values":{"name":"München","amount":"1.125"},"geometry":"SRID=4326;POINT (1 2)"}]'::jsonb,true)
2026-10-03 11:19:05.873 PDT [451030] ERROR:  new row for relation "d_aa4382274ecc48058ea3f0baa28349ef" violates check constraint "d_aa4382274ecc48058ea3f0baa28349ef_geom_check"
2026-10-03 11:19:05.873 PDT [451030] DETAIL:  Failing row contains (aa438227-4ecc-4805-8ea3-f0baa28349ef, 9a9e38a0-4e80-45b3-bad6-3519abe8faa4, 5bcb387a-27f9-41a0-9667-b31c6522558b, 1735db2d-6706-4ba2-9ea3-baab3d7549c8, 5, df883205-0b3f-41cb-9bfa-8a06e743116a, München, 1.125, 0104000060E6100000010000000101000040000000000000F03F000000000000...).
2026-10-03 11:19:05.873 PDT [451030] CONTEXT:  SQL statement "INSERT INTO managed.d_aa4382274ecc48058ea3f0baa28349ef (dataset_id,version_group_id,version_id,fid,object_id,feature_revision,name,amount,geom) VALUES ('aa438227-4ecc-4805-8ea3-f0baa28349ef'::uuid,'9a9e38a0-4e80-45b3-bad6-3519abe8faa4'::uuid,'5bcb387a-27f9-41a0-9667-b31c6522558b'::uuid,'1735db2d-6706-4ba2-9ea3-baab3d7549c8'::uuid,'5'::bigint,gen_random_uuid(),'München'::text,'1.125'::numeric,public.ST_GeomFromEWKT('SRID=4326;MULTIPOINT M((1 2 4))')) ON CONFLICT(version_id,fid) DO UPDATE SET feature_revision=EXCLUDED.feature_revision,name=EXCLUDED.name,amount=EXCLUDED.amount,geom=EXCLUDED.geom"
	PL/pgSQL function raw_apply_rows(uuid,uuid,uuid,jsonb,boolean) line 89 at EXECUTE
	PL/pgSQL function apply_group(uuid,uuid,jsonb) line 64 at assignment
	PL/pgSQL function apply_rows(uuid,uuid,uuid,jsonb,boolean) line 5 at RETURN
2026-10-03 11:19:05.873 PDT [451030] STATEMENT:  SELECT managed.apply_rows('aa438227-4ecc-4805-8ea3-f0baa28349ef','5bcb387a-27f9-41a0-9667-b31c6522558b','3ff09f7e-29ef-4762-9b66-edbcea8ed4d1','[{"fid":"1735db2d-6706-4ba2-9ea3-baab3d7549c8","values":{"name":"München","amount":"1.125"},"geometry":"SRID=4326;MULTIPOINT M((1 2 4))"}]'::jsonb,true)
2026-10-03 11:19:05.907 PDT [451030] ERROR:  new row for relation "d_26e259ba58054f228ab292e813c0815a" violates check constraint "d_26e259ba58054f228ab292e813c0815a_geom_check"
2026-10-03 11:19:05.907 PDT [451030] DETAIL:  Failing row contains (26e259ba-5805-4f22-8ab2-92e813c0815a, bc1627cf-4508-4ee4-9158-8e7836955d1c, ca6b95d9-e2a1-465d-b322-8c91b505dd15, e361e77b-fc28-4b29-92bd-4eeda76ccd95, 2, 0352ce2d-2be9-45eb-bb93-166b574bb631, München, 1.125, 01010000C0000000000000F03F00000000000000400000000000000840000000...).
2026-10-03 11:19:05.907 PDT [451030] CONTEXT:  SQL statement "INSERT INTO managed.d_26e259ba58054f228ab292e813c0815a (dataset_id,version_group_id,version_id,fid,object_id,feature_revision,name,amount,geom) VALUES ('26e259ba-5805-4f22-8ab2-92e813c0815a'::uuid,'bc1627cf-4508-4ee4-9158-8e7836955d1c'::uuid,'ca6b95d9-e2a1-465d-b322-8c91b505dd15'::uuid,'e361e77b-fc28-4b29-92bd-4eeda76ccd95'::uuid,'2'::bigint,gen_random_uuid(),'München'::text,'1.125'::numeric,public.ST_GeomFromEWKT('SRID=0;POINT ZM(1 2 3 4)')) ON CONFLICT(version_id,fid) DO UPDATE SET feature_revision=EXCLUDED.feature_revision,name=EXCLUDED.name,amount=EXCLUDED.amount,geom=EXCLUDED.geom"
	PL/pgSQL function raw_apply_rows(uuid,uuid,uuid,jsonb,boolean) line 89 at EXECUTE
	PL/pgSQL function apply_group(uuid,uuid,jsonb) line 64 at assignment
	PL/pgSQL function apply_rows(uuid,uuid,uuid,jsonb,boolean) line 5 at RETURN
2026-10-03 11:19:05.907 PDT [451030] STATEMENT:  SELECT managed.apply_rows('26e259ba-5805-4f22-8ab2-92e813c0815a','ca6b95d9-e2a1-465d-b322-8c91b505dd15','67b95e02-d74b-49c7-8e41-5be0e69c1974','[{"fid":"e361e77b-fc28-4b29-92bd-4eeda76ccd95","values":{"name":"München","amount":"1.125"},"geometry":"SRID=0;POINT ZM(1 2 3 4)"}]'::jsonb,true)
2026-10-03 11:19:05.908 PDT [451030] ERROR:  new row for relation "d_26e259ba58054f228ab292e813c0815a" violates check constraint "d_26e259ba58054f228ab292e813c0815a_geom_check"
2026-10-03 11:19:05.908 PDT [451030] DETAIL:  Failing row contains (26e259ba-5805-4f22-8ab2-92e813c0815a, bc1627cf-4508-4ee4-9158-8e7836955d1c, ca6b95d9-e2a1-465d-b322-8c91b505dd15, 6b036651-b2da-49bc-8df5-08a9c7dfbfc5, 3, f8a97908-d862-4bbf-8f92-3f8ddc7f3543, München, 1.125, 01010000E0B6080000000000000000F03F000000000000004000000000000008...).
2026-10-03 11:19:05.908 PDT [451030] CONTEXT:  SQL statement "INSERT INTO managed.d_26e259ba58054f228ab292e813c0815a (dataset_id,version_group_id,version_id,fid,object_id,feature_revision,name,amount,geom) VALUES ('26e259ba-5805-4f22-8ab2-92e813c0815a'::uuid,'bc1627cf-4508-4ee4-9158-8e7836955d1c'::uuid,'ca6b95d9-e2a1-465d-b322-8c91b505dd15'::uuid,'6b036651-b2da-49bc-8df5-08a9c7dfbfc5'::uuid,'3'::bigint,gen_random_uuid(),'München'::text,'1.125'::numeric,public.ST_GeomFromEWKT('SRID=2230;POINT ZM(1 2 3 4)')) ON CONFLICT(version_id,fid) DO UPDATE SET feature_revision=EXCLUDED.feature_revision,name=EXCLUDED.name,amount=EXCLUDED.amount,geom=EXCLUDED.geom"
	PL/pgSQL function raw_apply_rows(uuid,uuid,uuid,jsonb,boolean) line 89 at EXECUTE
	PL/pgSQL function apply_group(uuid,uuid,jsonb) line 64 at assignment
	PL/pgSQL function apply_rows(uuid,uuid,uuid,jsonb,boolean) line 5 at RETURN
2026-10-03 11:19:05.908 PDT [451030] STATEMENT:  SELECT managed.apply_rows('26e259ba-5805-4f22-8ab2-92e813c0815a','ca6b95d9-e2a1-465d-b322-8c91b505dd15','67b95e02-d74b-49c7-8e41-5be0e69c1974','[{"fid":"6b036651-b2da-49bc-8df5-08a9c7dfbfc5","values":{"name":"München","amount":"1.125"},"geometry":"SRID=2230;POINT ZM(1 2 3 4)"}]'::jsonb,true)
2026-10-03 11:19:05.909 PDT [451030] ERROR:  new row for relation "d_26e259ba58054f228ab292e813c0815a" violates check constraint "d_26e259ba58054f228ab292e813c0815a_geom_check"
2026-10-03 11:19:05.909 PDT [451030] DETAIL:  Failing row contains (26e259ba-5805-4f22-8ab2-92e813c0815a, bc1627cf-4508-4ee4-9158-8e7836955d1c, ca6b95d9-e2a1-465d-b322-8c91b505dd15, 9ba456b5-6fa9-406e-b740-10ed718df2cf, 4, 587f4fc8-6524-4fef-940f-4859e3927edb, München, 1.125, 0101000020E6100000000000000000F03F0000000000000040).
2026-10-03 11:19:05.909 PDT [451030] CONTEXT:  SQL statement "INSERT INTO managed.d_26e259ba58054f228ab292e813c0815a (dataset_id,version_group_id,version_id,fid,object_id,feature_revision,name,amount,geom) VALUES ('26e259ba-5805-4f22-8ab2-92e813c0815a'::uuid,'bc1627cf-4508-4ee4-9158-8e7836955d1c'::uuid,'ca6b95d9-e2a1-465d-b322-8c91b505dd15'::uuid,'9ba456b5-6fa9-406e-b740-10ed718df2cf'::uuid,'4'::bigint,gen_random_uuid(),'München'::text,'1.125'::numeric,public.ST_GeomFromEWKT('SRID=4326;POINT (1 2)')) ON CONFLICT(version_id,fid) DO UPDATE SET feature_revision=EXCLUDED.feature_revision,name=EXCLUDED.name,amount=EXCLUDED.amount,geom=EXCLUDED.geom"
	PL/pgSQL function raw_apply_rows(uuid,uuid,uuid,jsonb,boolean) line 89 at EXECUTE
	PL/pgSQL function apply_group(uuid,uuid,jsonb) line 64 at assignment
	PL/pgSQL function apply_rows(uuid,uuid,uuid,jsonb,boolean) line 5 at RETURN
2026-10-03 11:19:05.909 PDT [451030] STATEMENT:  SELECT managed.apply_rows('26e259ba-5805-4f22-8ab2-92e813c0815a','ca6b95d9-e2a1-465d-b322-8c91b505dd15','67b95e02-d74b-49c7-8e41-5be0e69c1974','[{"fid":"9ba456b5-6fa9-406e-b740-10ed718df2cf","values":{"name":"München","amount":"1.125"},"geometry":"SRID=4326;POINT (1 2)"}]'::jsonb,true)
2026-10-03 11:19:05.910 PDT [451030] ERROR:  new row for relation "d_26e259ba58054f228ab292e813c0815a" violates check constraint "d_26e259ba58054f228ab292e813c0815a_geom_check"
2026-10-03 11:19:05.910 PDT [451030] DETAIL:  Failing row contains (26e259ba-5805-4f22-8ab2-92e813c0815a, bc1627cf-4508-4ee4-9158-8e7836955d1c, ca6b95d9-e2a1-465d-b322-8c91b505dd15, 412ed7dd-a0d0-41cb-b712-e9068273ae36, 5, 46d5fc58-f6ff-444f-a539-bc874d650ce3, München, 1.125, 01040000E0E61000000100000001010000C0000000000000F03F000000000000...).
2026-10-03 11:19:05.910 PDT [451030] CONTEXT:  SQL statement "INSERT INTO managed.d_26e259ba58054f228ab292e813c0815a (dataset_id,version_group_id,version_id,fid,object_id,feature_revision,name,amount,geom) VALUES ('26e259ba-5805-4f22-8ab2-92e813c0815a'::uuid,'bc1627cf-4508-4ee4-9158-8e7836955d1c'::uuid,'ca6b95d9-e2a1-465d-b322-8c91b505dd15'::uuid,'412ed7dd-a0d0-41cb-b712-e9068273ae36'::uuid,'5'::bigint,gen_random_uuid(),'München'::text,'1.125'::numeric,public.ST_GeomFromEWKT('SRID=4326;MULTIPOINT ZM((1 2 3 4))')) ON CONFLICT(version_id,fid) DO UPDATE SET feature_revision=EXCLUDED.feature_revision,name=EXCLUDED.name,amount=EXCLUDED.amount,geom=EXCLUDED.geom"
	PL/pgSQL function raw_apply_rows(uuid,uuid,uuid,jsonb,boolean) line 89 at EXECUTE
	PL/pgSQL function apply_group(uuid,uuid,jsonb) line 64 at assignment
	PL/pgSQL function apply_rows(uuid,uuid,uuid,jsonb,boolean) line 5 at RETURN
2026-10-03 11:19:05.910 PDT [451030] STATEMENT:  SELECT managed.apply_rows('26e259ba-5805-4f22-8ab2-92e813c0815a','ca6b95d9-e2a1-465d-b322-8c91b505dd15','67b95e02-d74b-49c7-8e41-5be0e69c1974','[{"fid":"412ed7dd-a0d0-41cb-b712-e9068273ae36","values":{"name":"München","amount":"1.125"},"geometry":"SRID=4326;MULTIPOINT ZM((1 2 3 4))"}]'::jsonb,true)
2026-10-03 11:19:05.944 PDT [451030] ERROR:  new row for relation "d_f2200abd183a42c39f7fbe0e20040918" violates check constraint "d_f2200abd183a42c39f7fbe0e20040918_geom_check"
2026-10-03 11:19:05.944 PDT [451030] DETAIL:  Failing row contains (f2200abd-183a-42c3-9f7f-be0e20040918, 90b22984-3b41-4272-a294-d6c7975b2c24, 922e313c-7921-4584-bc2e-1e1f19be0b5b, 01559bb5-8938-46e0-ac7c-283a063e12a8, 2, baef2f85-f765-4201-afa6-d3676d870fdd, München, 1.125, 0101000000000000000000F03F0000000000000040).
2026-10-03 11:19:05.944 PDT [451030] CONTEXT:  SQL statement "INSERT INTO managed.d_f2200abd183a42c39f7fbe0e20040918 (dataset_id,version_group_id,version_id,fid,object_id,feature_revision,name,amount,geom) VALUES ('f2200abd-183a-42c3-9f7f-be0e20040918'::uuid,'90b22984-3b41-4272-a294-d6c7975b2c24'::uuid,'922e313c-7921-4584-bc2e-1e1f19be0b5b'::uuid,'01559bb5-8938-46e0-ac7c-283a063e12a8'::uuid,'2'::bigint,gen_random_uuid(),'München'::text,'1.125'::numeric,public.ST_GeomFromEWKT('SRID=0;POINT (1 2)')) ON CONFLICT(version_id,fid) DO UPDATE SET feature_revision=EXCLUDED.feature_revision,name=EXCLUDED.name,amount=EXCLUDED.amount,geom=EXCLUDED.geom"
	PL/pgSQL function raw_apply_rows(uuid,uuid,uuid,jsonb,boolean) line 89 at EXECUTE
	PL/pgSQL function apply_group(uuid,uuid,jsonb) line 64 at assignment
	PL/pgSQL function apply_rows(uuid,uuid,uuid,jsonb,boolean) line 5 at RETURN
2026-10-03 11:19:05.944 PDT [451030] STATEMENT:  SELECT managed.apply_rows('f2200abd-183a-42c3-9f7f-be0e20040918','922e313c-7921-4584-bc2e-1e1f19be0b5b','802d9d03-bf9f-4a6c-aecd-1787786f9ff7','[{"fid":"01559bb5-8938-46e0-ac7c-283a063e12a8","values":{"name":"München","amount":"1.125"},"geometry":"SRID=0;POINT (1 2)"}]'::jsonb,true)
2026-10-03 11:19:05.945 PDT [451030] ERROR:  new row for relation "d_f2200abd183a42c39f7fbe0e20040918" violates check constraint "d_f2200abd183a42c39f7fbe0e20040918_geom_check"
2026-10-03 11:19:05.945 PDT [451030] DETAIL:  Failing row contains (f2200abd-183a-42c3-9f7f-be0e20040918, 90b22984-3b41-4272-a294-d6c7975b2c24, 922e313c-7921-4584-bc2e-1e1f19be0b5b, 92cf8ce6-5f2d-4875-994e-42290ab84b36, 3, 40ebe526-514f-4a7d-a51b-9462b9dc6877, München, 1.125, 0101000020E6100000000000000000F03F0000000000000040).
2026-10-03 11:19:05.945 PDT [451030] CONTEXT:  SQL statement "INSERT INTO managed.d_f2200abd183a42c39f7fbe0e20040918 (dataset_id,version_group_id,version_id,fid,object_id,feature_revision,name,amount,geom) VALUES ('f2200abd-183a-42c3-9f7f-be0e20040918'::uuid,'90b22984-3b41-4272-a294-d6c7975b2c24'::uuid,'922e313c-7921-4584-bc2e-1e1f19be0b5b'::uuid,'92cf8ce6-5f2d-4875-994e-42290ab84b36'::uuid,'3'::bigint,gen_random_uuid(),'München'::text,'1.125'::numeric,public.ST_GeomFromEWKT('SRID=4326;POINT (1 2)')) ON CONFLICT(version_id,fid) DO UPDATE SET feature_revision=EXCLUDED.feature_revision,name=EXCLUDED.name,amount=EXCLUDED.amount,geom=EXCLUDED.geom"
	PL/pgSQL function raw_apply_rows(uuid,uuid,uuid,jsonb,boolean) line 89 at EXECUTE
	PL/pgSQL function apply_group(uuid,uuid,jsonb) line 64 at assignment
	PL/pgSQL function apply_rows(uuid,uuid,uuid,jsonb,boolean) line 5 at RETURN
2026-10-03 11:19:05.945 PDT [451030] STATEMENT:  SELECT managed.apply_rows('f2200abd-183a-42c3-9f7f-be0e20040918','922e313c-7921-4584-bc2e-1e1f19be0b5b','802d9d03-bf9f-4a6c-aecd-1787786f9ff7','[{"fid":"92cf8ce6-5f2d-4875-994e-42290ab84b36","values":{"name":"München","amount":"1.125"},"geometry":"SRID=4326;POINT (1 2)"}]'::jsonb,true)
2026-10-03 11:19:05.946 PDT [451030] ERROR:  new row for relation "d_f2200abd183a42c39f7fbe0e20040918" violates check constraint "d_f2200abd183a42c39f7fbe0e20040918_geom_check"
2026-10-03 11:19:05.946 PDT [451030] DETAIL:  Failing row contains (f2200abd-183a-42c3-9f7f-be0e20040918, 90b22984-3b41-4272-a294-d6c7975b2c24, 922e313c-7921-4584-bc2e-1e1f19be0b5b, 9286601f-ebd5-4cae-8aa7-54b5c5b252ea, 4, 98b5d714-cb12-4e1d-9c89-a328ecb62fc8, München, 1.125, 01010000A0B6080000000000000000F03F000000000000004000000000000008...).
2026-10-03 11:19:05.946 PDT [451030] CONTEXT:  SQL statement "INSERT INTO managed.d_f2200abd183a42c39f7fbe0e20040918 (dataset_id,version_group_id,version_id,fid,object_id,feature_revision,name,amount,geom) VALUES ('f2200abd-183a-42c3-9f7f-be0e20040918'::uuid,'90b22984-3b41-4272-a294-d6c7975b2c24'::uuid,'922e313c-7921-4584-bc2e-1e1f19be0b5b'::uuid,'9286601f-ebd5-4cae-8aa7-54b5c5b252ea'::uuid,'4'::bigint,gen_random_uuid(),'München'::text,'1.125'::numeric,public.ST_GeomFromEWKT('SRID=2230;POINT Z(1 2 3)')) ON CONFLICT(version_id,fid) DO UPDATE SET feature_revision=EXCLUDED.feature_revision,name=EXCLUDED.name,amount=EXCLUDED.amount,geom=EXCLUDED.geom"
	PL/pgSQL function raw_apply_rows(uuid,uuid,uuid,jsonb,boolean) line 89 at EXECUTE
	PL/pgSQL function apply_group(uuid,uuid,jsonb) line 64 at assignment
	PL/pgSQL function apply_rows(uuid,uuid,uuid,jsonb,boolean) line 5 at RETURN
2026-10-03 11:19:05.946 PDT [451030] STATEMENT:  SELECT managed.apply_rows('f2200abd-183a-42c3-9f7f-be0e20040918','922e313c-7921-4584-bc2e-1e1f19be0b5b','802d9d03-bf9f-4a6c-aecd-1787786f9ff7','[{"fid":"9286601f-ebd5-4cae-8aa7-54b5c5b252ea","values":{"name":"München","amount":"1.125"},"geometry":"SRID=2230;POINT Z(1 2 3)"}]'::jsonb,true)
2026-10-03 11:19:05.947 PDT [451030] ERROR:  new row for relation "d_f2200abd183a42c39f7fbe0e20040918" violates check constraint "d_f2200abd183a42c39f7fbe0e20040918_geom_check"
2026-10-03 11:19:05.947 PDT [451030] DETAIL:  Failing row contains (f2200abd-183a-42c3-9f7f-be0e20040918, 90b22984-3b41-4272-a294-d6c7975b2c24, 922e313c-7921-4584-bc2e-1e1f19be0b5b, 9c0fa735-ac0e-4bf2-b0b9-2f80cf2d43db, 5, f80b5a25-aaa3-42f3-b191-d4a90a2b2e0a, München, 1.125, 0104000020B6080000010000000101000000000000000000F03F000000000000...).
2026-10-03 11:19:05.947 PDT [451030] CONTEXT:  SQL statement "INSERT INTO managed.d_f2200abd183a42c39f7fbe0e20040918 (dataset_id,version_group_id,version_id,fid,object_id,feature_revision,name,amount,geom) VALUES ('f2200abd-183a-42c3-9f7f-be0e20040918'::uuid,'90b22984-3b41-4272-a294-d6c7975b2c24'::uuid,'922e313c-7921-4584-bc2e-1e1f19be0b5b'::uuid,'9c0fa735-ac0e-4bf2-b0b9-2f80cf2d43db'::uuid,'5'::bigint,gen_random_uuid(),'München'::text,'1.125'::numeric,public.ST_GeomFromEWKT('SRID=2230;MULTIPOINT ((1 2))')) ON CONFLICT(version_id,fid) DO UPDATE SET feature_revision=EXCLUDED.feature_revision,name=EXCLUDED.name,amount=EXCLUDED.amount,geom=EXCLUDED.geom"
	PL/pgSQL function raw_apply_rows(uuid,uuid,uuid,jsonb,boolean) line 89 at EXECUTE
	PL/pgSQL function apply_group(uuid,uuid,jsonb) line 64 at assignment
	PL/pgSQL function apply_rows(uuid,uuid,uuid,jsonb,boolean) line 5 at RETURN
2026-10-03 11:19:05.947 PDT [451030] STATEMENT:  SELECT managed.apply_rows('f2200abd-183a-42c3-9f7f-be0e20040918','922e313c-7921-4584-bc2e-1e1f19be0b5b','802d9d03-bf9f-4a6c-aecd-1787786f9ff7','[{"fid":"9c0fa735-ac0e-4bf2-b0b9-2f80cf2d43db","values":{"name":"München","amount":"1.125"},"geometry":"SRID=2230;MULTIPOINT ((1 2))"}]'::jsonb,true)
2026-10-03 11:19:05.984 PDT [451030] ERROR:  new row for relation "d_1be0a6ad218640ea92ae653b23f015c2" violates check constraint "d_1be0a6ad218640ea92ae653b23f015c2_geom_check"
2026-10-03 11:19:05.984 PDT [451030] DETAIL:  Failing row contains (1be0a6ad-2186-40ea-92ae-653b23f015c2, d0ff9e08-bbe6-419b-9d59-9c9a1f3da696, db9fdbee-1a5e-48bd-b8a9-76a66388701a, b6a1b4a0-1685-4a44-89d6-f0f3caa338a7, 2, 7b3b1fb2-6de0-41c4-9045-2ede1da4239c, München, 1.125, 0101000080000000000000F03F00000000000000400000000000000840).
2026-10-03 11:19:05.984 PDT [451030] CONTEXT:  SQL statement "INSERT INTO managed.d_1be0a6ad218640ea92ae653b23f015c2 (dataset_id,version_group_id,version_id,fid,object_id,feature_revision,name,amount,geom) VALUES ('1be0a6ad-2186-40ea-92ae-653b23f015c2'::uuid,'d0ff9e08-bbe6-419b-9d59-9c9a1f3da696'::uuid,'db9fdbee-1a5e-48bd-b8a9-76a66388701a'::uuid,'b6a1b4a0-1685-4a44-89d6-f0f3caa338a7'::uuid,'2'::bigint,gen_random_uuid(),'München'::text,'1.125'::numeric,public.ST_GeomFromEWKT('SRID=0;POINT Z(1 2 3)')) ON CONFLICT(version_id,fid) DO UPDATE SET feature_revision=EXCLUDED.feature_revision,name=EXCLUDED.name,amount=EXCLUDED.amount,geom=EXCLUDED.geom"
	PL/pgSQL function raw_apply_rows(uuid,uuid,uuid,jsonb,boolean) line 89 at EXECUTE
	PL/pgSQL function apply_group(uuid,uuid,jsonb) line 64 at assignment
	PL/pgSQL function apply_rows(uuid,uuid,uuid,jsonb,boolean) line 5 at RETURN
2026-10-03 11:19:05.984 PDT [451030] STATEMENT:  SELECT managed.apply_rows('1be0a6ad-2186-40ea-92ae-653b23f015c2','db9fdbee-1a5e-48bd-b8a9-76a66388701a','123eaab2-eb07-43a8-8871-500d6f1616ef','[{"fid":"b6a1b4a0-1685-4a44-89d6-f0f3caa338a7","values":{"name":"München","amount":"1.125"},"geometry":"SRID=0;POINT Z(1 2 3)"}]'::jsonb,true)
2026-10-03 11:19:05.985 PDT [451030] ERROR:  new row for relation "d_1be0a6ad218640ea92ae653b23f015c2" violates check constraint "d_1be0a6ad218640ea92ae653b23f015c2_geom_check"
2026-10-03 11:19:05.985 PDT [451030] DETAIL:  Failing row contains (1be0a6ad-2186-40ea-92ae-653b23f015c2, d0ff9e08-bbe6-419b-9d59-9c9a1f3da696, db9fdbee-1a5e-48bd-b8a9-76a66388701a, 5cec87c6-378a-4261-882e-eef3e5058e42, 3, feae7333-27ba-4987-bbbb-725652242257, München, 1.125, 01010000A0E6100000000000000000F03F000000000000004000000000000008...).
2026-10-03 11:19:05.985 PDT [451030] CONTEXT:  SQL statement "INSERT INTO managed.d_1be0a6ad218640ea92ae653b23f015c2 (dataset_id,version_group_id,version_id,fid,object_id,feature_revision,name,amount,geom) VALUES ('1be0a6ad-2186-40ea-92ae-653b23f015c2'::uuid,'d0ff9e08-bbe6-419b-9d59-9c9a1f3da696'::uuid,'db9fdbee-1a5e-48bd-b8a9-76a66388701a'::uuid,'5cec87c6-378a-4261-882e-eef3e5058e42'::uuid,'3'::bigint,gen_random_uuid(),'München'::text,'1.125'::numeric,public.ST_GeomFromEWKT('SRID=4326;POINT Z(1 2 3)')) ON CONFLICT(version_id,fid) DO UPDATE SET feature_revision=EXCLUDED.feature_revision,name=EXCLUDED.name,amount=EXCLUDED.amount,geom=EXCLUDED.geom"
	PL/pgSQL function raw_apply_rows(uuid,uuid,uuid,jsonb,boolean) line 89 at EXECUTE
	PL/pgSQL function apply_group(uuid,uuid,jsonb) line 64 at assignment
	PL/pgSQL function apply_rows(uuid,uuid,uuid,jsonb,boolean) line 5 at RETURN
2026-10-03 11:19:05.985 PDT [451030] STATEMENT:  SELECT managed.apply_rows('1be0a6ad-2186-40ea-92ae-653b23f015c2','db9fdbee-1a5e-48bd-b8a9-76a66388701a','123eaab2-eb07-43a8-8871-500d6f1616ef','[{"fid":"5cec87c6-378a-4261-882e-eef3e5058e42","values":{"name":"München","amount":"1.125"},"geometry":"SRID=4326;POINT Z(1 2 3)"}]'::jsonb,true)
2026-10-03 11:19:05.986 PDT [451030] ERROR:  new row for relation "d_1be0a6ad218640ea92ae653b23f015c2" violates check constraint "d_1be0a6ad218640ea92ae653b23f015c2_geom_check"
2026-10-03 11:19:05.986 PDT [451030] DETAIL:  Failing row contains (1be0a6ad-2186-40ea-92ae-653b23f015c2, d0ff9e08-bbe6-419b-9d59-9c9a1f3da696, db9fdbee-1a5e-48bd-b8a9-76a66388701a, d6c7e05d-3e2a-4e00-863b-9b068d203c72, 4, c35337a4-a40f-4434-a68a-f2362453037b, München, 1.125, 0101000020B6080000000000000000F03F0000000000000040).
2026-10-03 11:19:05.986 PDT [451030] CONTEXT:  SQL statement "INSERT INTO managed.d_1be0a6ad218640ea92ae653b23f015c2 (dataset_id,version_group_id,version_id,fid,object_id,feature_revision,name,amount,geom) VALUES ('1be0a6ad-2186-40ea-92ae-653b23f015c2'::uuid,'d0ff9e08-bbe6-419b-9d59-9c9a1f3da696'::uuid,'db9fdbee-1a5e-48bd-b8a9-76a66388701a'::uuid,'d6c7e05d-3e2a-4e00-863b-9b068d203c72'::uuid,'4'::bigint,gen_random_uuid(),'München'::text,'1.125'::numeric,public.ST_GeomFromEWKT('SRID=2230;POINT (1 2)')) ON CONFLICT(version_id,fid) DO UPDATE SET feature_revision=EXCLUDED.feature_revision,name=EXCLUDED.name,amount=EXCLUDED.amount,geom=EXCLUDED.geom"
	PL/pgSQL function raw_apply_rows(uuid,uuid,uuid,jsonb,boolean) line 89 at EXECUTE
	PL/pgSQL function apply_group(uuid,uuid,jsonb) line 64 at assignment
	PL/pgSQL function apply_rows(uuid,uuid,uuid,jsonb,boolean) line 5 at RETURN
2026-10-03 11:19:05.986 PDT [451030] STATEMENT:  SELECT managed.apply_rows('1be0a6ad-2186-40ea-92ae-653b23f015c2','db9fdbee-1a5e-48bd-b8a9-76a66388701a','123eaab2-eb07-43a8-8871-500d6f1616ef','[{"fid":"d6c7e05d-3e2a-4e00-863b-9b068d203c72","values":{"name":"München","amount":"1.125"},"geometry":"SRID=2230;POINT (1 2)"}]'::jsonb,true)
2026-10-03 11:19:05.987 PDT [451030] ERROR:  new row for relation "d_1be0a6ad218640ea92ae653b23f015c2" violates check constraint "d_1be0a6ad218640ea92ae653b23f015c2_geom_check"
2026-10-03 11:19:05.987 PDT [451030] DETAIL:  Failing row contains (1be0a6ad-2186-40ea-92ae-653b23f015c2, d0ff9e08-bbe6-419b-9d59-9c9a1f3da696, db9fdbee-1a5e-48bd-b8a9-76a66388701a, d6b931aa-e35c-4591-b676-fab786df40d7, 5, 1aaacf98-6255-4f93-ab95-02cb6f39516e, München, 1.125, 01040000A0B6080000010000000101000080000000000000F03F000000000000...).
2026-10-03 11:19:05.987 PDT [451030] CONTEXT:  SQL statement "INSERT INTO managed.d_1be0a6ad218640ea92ae653b23f015c2 (dataset_id,version_group_id,version_id,fid,object_id,feature_revision,name,amount,geom) VALUES ('1be0a6ad-2186-40ea-92ae-653b23f015c2'::uuid,'d0ff9e08-bbe6-419b-9d59-9c9a1f3da696'::uuid,'db9fdbee-1a5e-48bd-b8a9-76a66388701a'::uuid,'d6b931aa-e35c-4591-b676-fab786df40d7'::uuid,'5'::bigint,gen_random_uuid(),'München'::text,'1.125'::numeric,public.ST_GeomFromEWKT('SRID=2230;MULTIPOINT Z((1 2 3))')) ON CONFLICT(version_id,fid) DO UPDATE SET feature_revision=EXCLUDED.feature_revision,name=EXCLUDED.name,amount=EXCLUDED.amount,geom=EXCLUDED.geom"
	PL/pgSQL function raw_apply_rows(uuid,uuid,uuid,jsonb,boolean) line 89 at EXECUTE
	PL/pgSQL function apply_group(uuid,uuid,jsonb) line 64 at assignment
	PL/pgSQL function apply_rows(uuid,uuid,uuid,jsonb,boolean) line 5 at RETURN
2026-10-03 11:19:05.987 PDT [451030] STATEMENT:  SELECT managed.apply_rows('1be0a6ad-2186-40ea-92ae-653b23f015c2','db9fdbee-1a5e-48bd-b8a9-76a66388701a','123eaab2-eb07-43a8-8871-500d6f1616ef','[{"fid":"d6b931aa-e35c-4591-b676-fab786df40d7","values":{"name":"München","amount":"1.125"},"geometry":"SRID=2230;MULTIPOINT Z((1 2 3))"}]'::jsonb,true)
2026-10-03 11:19:06.020 PDT [451030] ERROR:  new row for relation "d_aa3fe2eb6e0049ba90e92576545782bd" violates check constraint "d_aa3fe2eb6e0049ba90e92576545782bd_geom_check"
2026-10-03 11:19:06.020 PDT [451030] DETAIL:  Failing row contains (aa3fe2eb-6e00-49ba-90e9-2576545782bd, 239e6a84-2347-4460-b985-64e1d6637884, 334364df-d7bc-4792-aaa4-1f0d63a73a9a, 15541105-5201-4404-8f95-9428370eda0c, 2, 57dd0145-5fb6-4e71-9693-0756fdaedd4e, München, 1.125, 0101000040000000000000F03F00000000000000400000000000001040).
2026-10-03 11:19:06.020 PDT [451030] CONTEXT:  SQL statement "INSERT INTO managed.d_aa3fe2eb6e0049ba90e92576545782bd (dataset_id,version_group_id,version_id,fid,object_id,feature_revision,name,amount,geom) VALUES ('aa3fe2eb-6e00-49ba-90e9-2576545782bd'::uuid,'239e6a84-2347-4460-b985-64e1d6637884'::uuid,'334364df-d7bc-4792-aaa4-1f0d63a73a9a'::uuid,'15541105-5201-4404-8f95-9428370eda0c'::uuid,'2'::bigint,gen_random_uuid(),'München'::text,'1.125'::numeric,public.ST_GeomFromEWKT('SRID=0;POINT M(1 2 4)')) ON CONFLICT(version_id,fid) DO UPDATE SET feature_revision=EXCLUDED.feature_revision,name=EXCLUDED.name,amount=EXCLUDED.amount,geom=EXCLUDED.geom"
	PL/pgSQL function raw_apply_rows(uuid,uuid,uuid,jsonb,boolean) line 89 at EXECUTE
	PL/pgSQL function apply_group(uuid,uuid,jsonb) line 64 at assignment
	PL/pgSQL function apply_rows(uuid,uuid,uuid,jsonb,boolean) line 5 at RETURN
2026-10-03 11:19:06.020 PDT [451030] STATEMENT:  SELECT managed.apply_rows('aa3fe2eb-6e00-49ba-90e9-2576545782bd','334364df-d7bc-4792-aaa4-1f0d63a73a9a','3493ec5d-1097-4b93-a4cf-8bb0d9bdb3c1','[{"fid":"15541105-5201-4404-8f95-9428370eda0c","values":{"name":"München","amount":"1.125"},"geometry":"SRID=0;POINT M(1 2 4)"}]'::jsonb,true)
2026-10-03 11:19:06.021 PDT [451030] ERROR:  new row for relation "d_aa3fe2eb6e0049ba90e92576545782bd" violates check constraint "d_aa3fe2eb6e0049ba90e92576545782bd_geom_check"
2026-10-03 11:19:06.021 PDT [451030] DETAIL:  Failing row contains (aa3fe2eb-6e00-49ba-90e9-2576545782bd, 239e6a84-2347-4460-b985-64e1d6637884, 334364df-d7bc-4792-aaa4-1f0d63a73a9a, 9707ee5d-61f3-45e6-a89d-f89dd6cf5867, 3, 763179f6-1d3e-46bc-addd-ec731b3f23e9, München, 1.125, 0101000060E6100000000000000000F03F000000000000004000000000000010...).
2026-10-03 11:19:06.021 PDT [451030] CONTEXT:  SQL statement "INSERT INTO managed.d_aa3fe2eb6e0049ba90e92576545782bd (dataset_id,version_group_id,version_id,fid,object_id,feature_revision,name,amount,geom) VALUES ('aa3fe2eb-6e00-49ba-90e9-2576545782bd'::uuid,'239e6a84-2347-4460-b985-64e1d6637884'::uuid,'334364df-d7bc-4792-aaa4-1f0d63a73a9a'::uuid,'9707ee5d-61f3-45e6-a89d-f89dd6cf5867'::uuid,'3'::bigint,gen_random_uuid(),'München'::text,'1.125'::numeric,public.ST_GeomFromEWKT('SRID=4326;POINT M(1 2 4)')) ON CONFLICT(version_id,fid) DO UPDATE SET feature_revision=EXCLUDED.feature_revision,name=EXCLUDED.name,amount=EXCLUDED.amount,geom=EXCLUDED.geom"
	PL/pgSQL function raw_apply_rows(uuid,uuid,uuid,jsonb,boolean) line 89 at EXECUTE
	PL/pgSQL function apply_group(uuid,uuid,jsonb) line 64 at assignment
	PL/pgSQL function apply_rows(uuid,uuid,uuid,jsonb,boolean) line 5 at RETURN
2026-10-03 11:19:06.021 PDT [451030] STATEMENT:  SELECT managed.apply_rows('aa3fe2eb-6e00-49ba-90e9-2576545782bd','334364df-d7bc-4792-aaa4-1f0d63a73a9a','3493ec5d-1097-4b93-a4cf-8bb0d9bdb3c1','[{"fid":"9707ee5d-61f3-45e6-a89d-f89dd6cf5867","values":{"name":"München","amount":"1.125"},"geometry":"SRID=4326;POINT M(1 2 4)"}]'::jsonb,true)
2026-10-03 11:19:06.022 PDT [451030] ERROR:  new row for relation "d_aa3fe2eb6e0049ba90e92576545782bd" violates check constraint "d_aa3fe2eb6e0049ba90e92576545782bd_geom_check"
2026-10-03 11:19:06.022 PDT [451030] DETAIL:  Failing row contains (aa3fe2eb-6e00-49ba-90e9-2576545782bd, 239e6a84-2347-4460-b985-64e1d6637884, 334364df-d7bc-4792-aaa4-1f0d63a73a9a, cbf47649-4585-4456-b434-23e7e3ac6565, 4, 330d2c30-6856-4c12-8ee0-f1d2ba7360c3, München, 1.125, 0101000020B6080000000000000000F03F0000000000000040).
2026-10-03 11:19:06.022 PDT [451030] CONTEXT:  SQL statement "INSERT INTO managed.d_aa3fe2eb6e0049ba90e92576545782bd (dataset_id,version_group_id,version_id,fid,object_id,feature_revision,name,amount,geom) VALUES ('aa3fe2eb-6e00-49ba-90e9-2576545782bd'::uuid,'239e6a84-2347-4460-b985-64e1d6637884'::uuid,'334364df-d7bc-4792-aaa4-1f0d63a73a9a'::uuid,'cbf47649-4585-4456-b434-23e7e3ac6565'::uuid,'4'::bigint,gen_random_uuid(),'München'::text,'1.125'::numeric,public.ST_GeomFromEWKT('SRID=2230;POINT (1 2)')) ON CONFLICT(version_id,fid) DO UPDATE SET feature_revision=EXCLUDED.feature_revision,name=EXCLUDED.name,amount=EXCLUDED.amount,geom=EXCLUDED.geom"
	PL/pgSQL function raw_apply_rows(uuid,uuid,uuid,jsonb,boolean) line 89 at EXECUTE
	PL/pgSQL function apply_group(uuid,uuid,jsonb) line 64 at assignment
	PL/pgSQL function apply_rows(uuid,uuid,uuid,jsonb,boolean) line 5 at RETURN
2026-10-03 11:19:06.022 PDT [451030] STATEMENT:  SELECT managed.apply_rows('aa3fe2eb-6e00-49ba-90e9-2576545782bd','334364df-d7bc-4792-aaa4-1f0d63a73a9a','3493ec5d-1097-4b93-a4cf-8bb0d9bdb3c1','[{"fid":"cbf47649-4585-4456-b434-23e7e3ac6565","values":{"name":"München","amount":"1.125"},"geometry":"SRID=2230;POINT (1 2)"}]'::jsonb,true)
2026-10-03 11:19:06.023 PDT [451030] ERROR:  new row for relation "d_aa3fe2eb6e0049ba90e92576545782bd" violates check constraint "d_aa3fe2eb6e0049ba90e92576545782bd_geom_check"
2026-10-03 11:19:06.023 PDT [451030] DETAIL:  Failing row contains (aa3fe2eb-6e00-49ba-90e9-2576545782bd, 239e6a84-2347-4460-b985-64e1d6637884, 334364df-d7bc-4792-aaa4-1f0d63a73a9a, 25f24a00-46c8-46f6-9a60-2b9db7345195, 5, 8d9a682d-f4e5-48c6-8531-319dd6d14e4a, München, 1.125, 0104000060B6080000010000000101000040000000000000F03F000000000000...).
2026-10-03 11:19:06.023 PDT [451030] CONTEXT:  SQL statement "INSERT INTO managed.d_aa3fe2eb6e0049ba90e92576545782bd (dataset_id,version_group_id,version_id,fid,object_id,feature_revision,name,amount,geom) VALUES ('aa3fe2eb-6e00-49ba-90e9-2576545782bd'::uuid,'239e6a84-2347-4460-b985-64e1d6637884'::uuid,'334364df-d7bc-4792-aaa4-1f0d63a73a9a'::uuid,'25f24a00-46c8-46f6-9a60-2b9db7345195'::uuid,'5'::bigint,gen_random_uuid(),'München'::text,'1.125'::numeric,public.ST_GeomFromEWKT('SRID=2230;MULTIPOINT M((1 2 4))')) ON CONFLICT(version_id,fid) DO UPDATE SET feature_revision=EXCLUDED.feature_revision,name=EXCLUDED.name,amount=EXCLUDED.amount,geom=EXCLUDED.geom"
	PL/pgSQL function raw_apply_rows(uuid,uuid,uuid,jsonb,boolean) line 89 at EXECUTE
	PL/pgSQL function apply_group(uuid,uuid,jsonb) line 64 at assignment
	PL/pgSQL function apply_rows(uuid,uuid,uuid,jsonb,boolean) line 5 at RETURN
2026-10-03 11:19:06.023 PDT [451030] STATEMENT:  SELECT managed.apply_rows('aa3fe2eb-6e00-49ba-90e9-2576545782bd','334364df-d7bc-4792-aaa4-1f0d63a73a9a','3493ec5d-1097-4b93-a4cf-8bb0d9bdb3c1','[{"fid":"25f24a00-46c8-46f6-9a60-2b9db7345195","values":{"name":"München","amount":"1.125"},"geometry":"SRID=2230;MULTIPOINT M((1 2 4))"}]'::jsonb,true)
2026-10-03 11:19:06.057 PDT [451030] ERROR:  new row for relation "d_6c943c10cd0e4111a3dbfeb49a32f754" violates check constraint "d_6c943c10cd0e4111a3dbfeb49a32f754_geom_check"
2026-10-03 11:19:06.057 PDT [451030] DETAIL:  Failing row contains (6c943c10-cd0e-4111-a3db-feb49a32f754, 637ffef4-174a-40c9-989a-74f5b17d08de, 3a006199-dfe0-4c06-89fb-d8ff5f17227b, 2abb3582-5b67-4d91-b0f0-0e4752fc6a82, 2, f89c5ac4-6cd4-47b9-bf4b-8aabec2b36f9, München, 1.125, 01010000C0000000000000F03F00000000000000400000000000000840000000...).
2026-10-03 11:19:06.057 PDT [451030] CONTEXT:  SQL statement "INSERT INTO managed.d_6c943c10cd0e4111a3dbfeb49a32f754 (dataset_id,version_group_id,version_id,fid,object_id,feature_revision,name,amount,geom) VALUES ('6c943c10-cd0e-4111-a3db-feb49a32f754'::uuid,'637ffef4-174a-40c9-989a-74f5b17d08de'::uuid,'3a006199-dfe0-4c06-89fb-d8ff5f17227b'::uuid,'2abb3582-5b67-4d91-b0f0-0e4752fc6a82'::uuid,'2'::bigint,gen_random_uuid(),'München'::text,'1.125'::numeric,public.ST_GeomFromEWKT('SRID=0;POINT ZM(1 2 3 4)')) ON CONFLICT(version_id,fid) DO UPDATE SET feature_revision=EXCLUDED.feature_revision,name=EXCLUDED.name,amount=EXCLUDED.amount,geom=EXCLUDED.geom"
	PL/pgSQL function raw_apply_rows(uuid,uuid,uuid,jsonb,boolean) line 89 at EXECUTE
	PL/pgSQL function apply_group(uuid,uuid,jsonb) line 64 at assignment
	PL/pgSQL function apply_rows(uuid,uuid,uuid,jsonb,boolean) line 5 at RETURN
2026-10-03 11:19:06.057 PDT [451030] STATEMENT:  SELECT managed.apply_rows('6c943c10-cd0e-4111-a3db-feb49a32f754','3a006199-dfe0-4c06-89fb-d8ff5f17227b','c5a726c7-1f98-405c-97ad-5641b3ff84fc','[{"fid":"2abb3582-5b67-4d91-b0f0-0e4752fc6a82","values":{"name":"München","amount":"1.125"},"geometry":"SRID=0;POINT ZM(1 2 3 4)"}]'::jsonb,true)
2026-10-03 11:19:06.058 PDT [451030] ERROR:  new row for relation "d_6c943c10cd0e4111a3dbfeb49a32f754" violates check constraint "d_6c943c10cd0e4111a3dbfeb49a32f754_geom_check"
2026-10-03 11:19:06.058 PDT [451030] DETAIL:  Failing row contains (6c943c10-cd0e-4111-a3db-feb49a32f754, 637ffef4-174a-40c9-989a-74f5b17d08de, 3a006199-dfe0-4c06-89fb-d8ff5f17227b, 2885d253-b088-4782-971d-2ee5ace3bba2, 3, e076ee86-b62e-4384-9b29-6241de7fd009, München, 1.125, 01010000E0E6100000000000000000F03F000000000000004000000000000008...).
2026-10-03 11:19:06.058 PDT [451030] CONTEXT:  SQL statement "INSERT INTO managed.d_6c943c10cd0e4111a3dbfeb49a32f754 (dataset_id,version_group_id,version_id,fid,object_id,feature_revision,name,amount,geom) VALUES ('6c943c10-cd0e-4111-a3db-feb49a32f754'::uuid,'637ffef4-174a-40c9-989a-74f5b17d08de'::uuid,'3a006199-dfe0-4c06-89fb-d8ff5f17227b'::uuid,'2885d253-b088-4782-971d-2ee5ace3bba2'::uuid,'3'::bigint,gen_random_uuid(),'München'::text,'1.125'::numeric,public.ST_GeomFromEWKT('SRID=4326;POINT ZM(1 2 3 4)')) ON CONFLICT(version_id,fid) DO UPDATE SET feature_revision=EXCLUDED.feature_revision,name=EXCLUDED.name,amount=EXCLUDED.amount,geom=EXCLUDED.geom"
	PL/pgSQL function raw_apply_rows(uuid,uuid,uuid,jsonb,boolean) line 89 at EXECUTE
	PL/pgSQL function apply_group(uuid,uuid,jsonb) line 64 at assignment
	PL/pgSQL function apply_rows(uuid,uuid,uuid,jsonb,boolean) line 5 at RETURN
2026-10-03 11:19:06.058 PDT [451030] STATEMENT:  SELECT managed.apply_rows('6c943c10-cd0e-4111-a3db-feb49a32f754','3a006199-dfe0-4c06-89fb-d8ff5f17227b','c5a726c7-1f98-405c-97ad-5641b3ff84fc','[{"fid":"2885d253-b088-4782-971d-2ee5ace3bba2","values":{"name":"München","amount":"1.125"},"geometry":"SRID=4326;POINT ZM(1 2 3 4)"}]'::jsonb,true)
2026-10-03 11:19:06.059 PDT [451030] ERROR:  new row for relation "d_6c943c10cd0e4111a3dbfeb49a32f754" violates check constraint "d_6c943c10cd0e4111a3dbfeb49a32f754_geom_check"
2026-10-03 11:19:06.059 PDT [451030] DETAIL:  Failing row contains (6c943c10-cd0e-4111-a3db-feb49a32f754, 637ffef4-174a-40c9-989a-74f5b17d08de, 3a006199-dfe0-4c06-89fb-d8ff5f17227b, ffadd3c8-b20b-4b9f-926a-27d2b66e5bd4, 4, db42a8b2-10ce-4caf-8743-9a879cf04819, München, 1.125, 0101000020B6080000000000000000F03F0000000000000040).
2026-10-03 11:19:06.059 PDT [451030] CONTEXT:  SQL statement "INSERT INTO managed.d_6c943c10cd0e4111a3dbfeb49a32f754 (dataset_id,version_group_id,version_id,fid,object_id,feature_revision,name,amount,geom) VALUES ('6c943c10-cd0e-4111-a3db-feb49a32f754'::uuid,'637ffef4-174a-40c9-989a-74f5b17d08de'::uuid,'3a006199-dfe0-4c06-89fb-d8ff5f17227b'::uuid,'ffadd3c8-b20b-4b9f-926a-27d2b66e5bd4'::uuid,'4'::bigint,gen_random_uuid(),'München'::text,'1.125'::numeric,public.ST_GeomFromEWKT('SRID=2230;POINT (1 2)')) ON CONFLICT(version_id,fid) DO UPDATE SET feature_revision=EXCLUDED.feature_revision,name=EXCLUDED.name,amount=EXCLUDED.amount,geom=EXCLUDED.geom"
	PL/pgSQL function raw_apply_rows(uuid,uuid,uuid,jsonb,boolean) line 89 at EXECUTE
	PL/pgSQL function apply_group(uuid,uuid,jsonb) line 64 at assignment
	PL/pgSQL function apply_rows(uuid,uuid,uuid,jsonb,boolean) line 5 at RETURN
2026-10-03 11:19:06.059 PDT [451030] STATEMENT:  SELECT managed.apply_rows('6c943c10-cd0e-4111-a3db-feb49a32f754','3a006199-dfe0-4c06-89fb-d8ff5f17227b','c5a726c7-1f98-405c-97ad-5641b3ff84fc','[{"fid":"ffadd3c8-b20b-4b9f-926a-27d2b66e5bd4","values":{"name":"München","amount":"1.125"},"geometry":"SRID=2230;POINT (1 2)"}]'::jsonb,true)
2026-10-03 11:19:06.060 PDT [451030] ERROR:  new row for relation "d_6c943c10cd0e4111a3dbfeb49a32f754" violates check constraint "d_6c943c10cd0e4111a3dbfeb49a32f754_geom_check"
2026-10-03 11:19:06.060 PDT [451030] DETAIL:  Failing row contains (6c943c10-cd0e-4111-a3db-feb49a32f754, 637ffef4-174a-40c9-989a-74f5b17d08de, 3a006199-dfe0-4c06-89fb-d8ff5f17227b, 370647e3-1496-4bf5-8bf1-8f3a0a03cdcc, 5, b7962593-3ca3-4729-980c-7bce0d3c36fd, München, 1.125, 01040000E0B60800000100000001010000C0000000000000F03F000000000000...).
2026-10-03 11:19:06.060 PDT [451030] CONTEXT:  SQL statement "INSERT INTO managed.d_6c943c10cd0e4111a3dbfeb49a32f754 (dataset_id,version_group_id,version_id,fid,object_id,feature_revision,name,amount,geom) VALUES ('6c943c10-cd0e-4111-a3db-feb49a32f754'::uuid,'637ffef4-174a-40c9-989a-74f5b17d08de'::uuid,'3a006199-dfe0-4c06-89fb-d8ff5f17227b'::uuid,'370647e3-1496-4bf5-8bf1-8f3a0a03cdcc'::uuid,'5'::bigint,gen_random_uuid(),'München'::text,'1.125'::numeric,public.ST_GeomFromEWKT('SRID=2230;MULTIPOINT ZM((1 2 3 4))')) ON CONFLICT(version_id,fid) DO UPDATE SET feature_revision=EXCLUDED.feature_revision,name=EXCLUDED.name,amount=EXCLUDED.amount,geom=EXCLUDED.geom"
	PL/pgSQL function raw_apply_rows(uuid,uuid,uuid,jsonb,boolean) line 89 at EXECUTE
	PL/pgSQL function apply_group(uuid,uuid,jsonb) line 64 at assignment
	PL/pgSQL function apply_rows(uuid,uuid,uuid,jsonb,boolean) line 5 at RETURN
2026-10-03 11:19:06.060 PDT [451030] STATEMENT:  SELECT managed.apply_rows('6c943c10-cd0e-4111-a3db-feb49a32f754','3a006199-dfe0-4c06-89fb-d8ff5f17227b','c5a726c7-1f98-405c-97ad-5641b3ff84fc','[{"fid":"370647e3-1496-4bf5-8bf1-8f3a0a03cdcc","values":{"name":"München","amount":"1.125"},"geometry":"SRID=2230;MULTIPOINT ZM((1 2 3 4))"}]'::jsonb,true)
2026-10-03 11:19:06.136 PDT [451031] ERROR:  INVALID_FEATURE_ROW
2026-10-03 11:19:06.136 PDT [451031] CONTEXT:  PL/pgSQL function apply_group(uuid,uuid,jsonb) line 35 at RAISE
	PL/pgSQL function apply_rows(uuid,uuid,uuid,jsonb,boolean) line 5 at RETURN
2026-10-03 11:19:06.136 PDT [451031] STATEMENT:  SELECT managed.apply_rows('c8e38476-d3b9-4375-b716-fe12068e2921','b16badab-2c43-44b6-90f5-5e62790eda54','aa16ba47-5e33-44e0-9dec-18742d21a059','[{"values":{"name":"München","amount":"1.125"},"geometry":"SRID=4326;POINT(1 2)"}]'::jsonb,true)
2026-10-03 11:19:06.137 PDT [451031] ERROR:  DUPLICATE_FEATURE_UUID
2026-10-03 11:19:06.137 PDT [451031] CONTEXT:  PL/pgSQL function raw_apply_rows(uuid,uuid,uuid,jsonb,boolean) line 35 at RAISE
	PL/pgSQL function apply_group(uuid,uuid,jsonb) line 64 at assignment
	PL/pgSQL function apply_rows(uuid,uuid,uuid,jsonb,boolean) line 5 at RETURN
2026-10-03 11:19:06.137 PDT [451031] STATEMENT:  SELECT managed.apply_rows('c8e38476-d3b9-4375-b716-fe12068e2921','b16badab-2c43-44b6-90f5-5e62790eda54','aa16ba47-5e33-44e0-9dec-18742d21a059','[{"fid":"b2ed219a-837b-41ce-bfc7-4ea2681f857a","values":{"name":"München","amount":"1.125"},"geometry":"SRID=4326;POINT(1 2)"},{"fid":"b2ed219a-837b-41ce-bfc7-4ea2681f857a","values":{"name":"München","amount":"1.125"},"geometry":"SRID=4326;POINT(1 2)"}]'::jsonb,true)
2026-10-03 11:19:06.183 PDT [451032] ERROR:  new row for relation "d_59c83c1d648d4fed8bbb0252ea41317c" violates check constraint "d_59c83c1d648d4fed8bbb0252ea41317c_name_check"
2026-10-03 11:19:06.183 PDT [451032] DETAIL:  Failing row contains (59c83c1d-648d-4fed-8bbb-0252ea41317c, 75e4a37d-00bd-487d-8f6a-38847c60077c, 59dfcba7-48aa-43ec-8fb6-4f5465378ab5, cdbf316a-745a-4249-84c5-f333e13971ad, 3, 6b2bedd6-bfaa-4929-8d35-ab311b6c5d85, 123456789, 1.125, 0101000020E6100000000000000000F03F0000000000000040).
2026-10-03 11:19:06.183 PDT [451032] CONTEXT:  SQL statement "INSERT INTO managed.d_59c83c1d648d4fed8bbb0252ea41317c (dataset_id,version_group_id,version_id,fid,object_id,feature_revision,name,amount,geom) VALUES ('59c83c1d-648d-4fed-8bbb-0252ea41317c'::uuid,'75e4a37d-00bd-487d-8f6a-38847c60077c'::uuid,'59dfcba7-48aa-43ec-8fb6-4f5465378ab5'::uuid,'cdbf316a-745a-4249-84c5-f333e13971ad'::uuid,'3'::bigint,gen_random_uuid(),'123456789'::text,'1.125'::numeric,public.ST_GeomFromEWKT('SRID=4326;POINT(1 2)')) ON CONFLICT(version_id,fid) DO UPDATE SET feature_revision=EXCLUDED.feature_revision,name=EXCLUDED.name,amount=EXCLUDED.amount,geom=EXCLUDED.geom"
	PL/pgSQL function raw_apply_rows(uuid,uuid,uuid,jsonb,boolean) line 89 at EXECUTE
	PL/pgSQL function apply_group(uuid,uuid,jsonb) line 64 at assignment
	PL/pgSQL function apply_rows(uuid,uuid,uuid,jsonb,boolean) line 5 at RETURN
2026-10-03 11:19:06.183 PDT [451032] STATEMENT:  SELECT managed.apply_rows('59c83c1d-648d-4fed-8bbb-0252ea41317c','59dfcba7-48aa-43ec-8fb6-4f5465378ab5','3e4cc67a-7448-4372-bfc3-3950991baec8','[{"fid":"33aa1dc3-9733-41e7-b017-95c7fcd38942","values":{"name":"München","amount":"1.125"},"geometry":"SRID=4326;POINT(1 2)"},{"fid":"cdbf316a-745a-4249-84c5-f333e13971ad","values":{"name":"123456789","amount":"1.125"},"geometry":"SRID=4326;POINT(1 2)"}]'::jsonb,true)
2026-10-03 11:19:06.184 PDT [451032] ERROR:  new row for relation "d_59c83c1d648d4fed8bbb0252ea41317c" violates check constraint "d_59c83c1d648d4fed8bbb0252ea41317c_amount_check"
2026-10-03 11:19:06.184 PDT [451032] DETAIL:  Failing row contains (59c83c1d-648d-4fed-8bbb-0252ea41317c, 75e4a37d-00bd-487d-8f6a-38847c60077c, 59dfcba7-48aa-43ec-8fb6-4f5465378ab5, 580c5372-0064-426b-bb7b-de75dcc3ef6e, 4, b7d306e8-d759-42b4-b01b-b8b8bbbb31f2, abc, 1.1254, 0101000020E6100000000000000000F03F0000000000000040).
2026-10-03 11:19:06.184 PDT [451032] CONTEXT:  SQL statement "INSERT INTO managed.d_59c83c1d648d4fed8bbb0252ea41317c (dataset_id,version_group_id,version_id,fid,object_id,feature_revision,name,amount,geom) VALUES ('59c83c1d-648d-4fed-8bbb-0252ea41317c'::uuid,'75e4a37d-00bd-487d-8f6a-38847c60077c'::uuid,'59dfcba7-48aa-43ec-8fb6-4f5465378ab5'::uuid,'580c5372-0064-426b-bb7b-de75dcc3ef6e'::uuid,'4'::bigint,gen_random_uuid(),'abc'::text,'1.1254'::numeric,public.ST_GeomFromEWKT('SRID=4326;POINT(1 2)')) ON CONFLICT(version_id,fid) DO UPDATE SET feature_revision=EXCLUDED.feature_revision,name=EXCLUDED.name,amount=EXCLUDED.amount,geom=EXCLUDED.geom"
	PL/pgSQL function raw_apply_rows(uuid,uuid,uuid,jsonb,boolean) line 89 at EXECUTE
	PL/pgSQL function apply_group(uuid,uuid,jsonb) line 64 at assignment
	PL/pgSQL function apply_rows(uuid,uuid,uuid,jsonb,boolean) line 5 at RETURN
2026-10-03 11:19:06.184 PDT [451032] STATEMENT:  SELECT managed.apply_rows('59c83c1d-648d-4fed-8bbb-0252ea41317c','59dfcba7-48aa-43ec-8fb6-4f5465378ab5','3e4cc67a-7448-4372-bfc3-3950991baec8','[{"fid":"580c5372-0064-426b-bb7b-de75dcc3ef6e","values":{"name":"abc","amount":"1.1254"},"geometry":"SRID=4326;POINT(1 2)"}]'::jsonb,true)
2026-10-03 11:19:06.185 PDT [451032] ERROR:  new row for relation "d_59c83c1d648d4fed8bbb0252ea41317c" violates check constraint "d_59c83c1d648d4fed8bbb0252ea41317c_amount_check"
2026-10-03 11:19:06.185 PDT [451032] DETAIL:  Failing row contains (59c83c1d-648d-4fed-8bbb-0252ea41317c, 75e4a37d-00bd-487d-8f6a-38847c60077c, 59dfcba7-48aa-43ec-8fb6-4f5465378ab5, 1d551a33-39b7-4779-a524-9d802300f9a7, 5, 24c2f928-391d-477c-b102-8de06a45859f, abc, 1000000000, 0101000020E6100000000000000000F03F0000000000000040).
2026-10-03 11:19:06.185 PDT [451032] CONTEXT:  SQL statement "INSERT INTO managed.d_59c83c1d648d4fed8bbb0252ea41317c (dataset_id,version_group_id,version_id,fid,object_id,feature_revision,name,amount,geom) VALUES ('59c83c1d-648d-4fed-8bbb-0252ea41317c'::uuid,'75e4a37d-00bd-487d-8f6a-38847c60077c'::uuid,'59dfcba7-48aa-43ec-8fb6-4f5465378ab5'::uuid,'1d551a33-39b7-4779-a524-9d802300f9a7'::uuid,'5'::bigint,gen_random_uuid(),'abc'::text,'1000000000'::numeric,public.ST_GeomFromEWKT('SRID=4326;POINT(1 2)')) ON CONFLICT(version_id,fid) DO UPDATE SET feature_revision=EXCLUDED.feature_revision,name=EXCLUDED.name,amount=EXCLUDED.amount,geom=EXCLUDED.geom"
	PL/pgSQL function raw_apply_rows(uuid,uuid,uuid,jsonb,boolean) line 89 at EXECUTE
	PL/pgSQL function apply_group(uuid,uuid,jsonb) line 64 at assignment
	PL/pgSQL function apply_rows(uuid,uuid,uuid,jsonb,boolean) line 5 at RETURN
2026-10-03 11:19:06.185 PDT [451032] STATEMENT:  SELECT managed.apply_rows('59c83c1d-648d-4fed-8bbb-0252ea41317c','59dfcba7-48aa-43ec-8fb6-4f5465378ab5','3e4cc67a-7448-4372-bfc3-3950991baec8','[{"fid":"1d551a33-39b7-4779-a524-9d802300f9a7","values":{"name":"abc","amount":"1000000000"},"geometry":"SRID=4326;POINT(1 2)"}]'::jsonb,true)
2026-10-03 11:19:06.287 PDT [451036] ERROR:  permission denied for schema managed at character 8
2026-10-03 11:19:06.287 PDT [451036] STATEMENT:  SELECT managed.apply_rows('4d85467e-08b2-4873-a827-467e67874f51','d3beeae9-5366-4de5-8710-6e22cccc4266','dbe9769c-6508-4548-85e1-e41e57858005','[{"fid":"e4e01e1c-9a55-4f31-ae94-45ce4f38a499","values":{"name":"München","amount":"1.125"},"geometry":"SRID=4326;POINT(1 2)"}]'::jsonb,false)
2026-10-03 11:19:06.288 PDT [451036] ERROR:  permission denied for schema managed at character 13
2026-10-03 11:19:06.288 PDT [451036] STATEMENT:  DELETE FROM managed."d_4d85467e08b24873a827467e67874f51"
2026-10-03 11:19:06.288 PDT [451036] ERROR:  permission denied for schema managed
2026-10-03 11:19:06.288 PDT [451036] STATEMENT:  TRUNCATE managed."d_4d85467e08b24873a827467e67874f51"
2026-10-03 11:19:06.288 PDT [451036] ERROR:  permission denied for schema managed at character 8
2026-10-03 11:19:06.288 PDT [451036] STATEMENT:  UPDATE managed.feature_identity SET object_id=42
2026-10-03 11:19:06.288 PDT [451036] ERROR:  permission denied for schema managed at character 13
2026-10-03 11:19:06.288 PDT [451036] STATEMENT:  DELETE FROM managed.dataset
2026-10-03 11:19:06.288 PDT [451036] ERROR:  permission denied for schema managed at character 14
2026-10-03 11:19:06.288 PDT [451036] STATEMENT:  CREATE TABLE managed.bypass(x int)
2026-10-03 11:19:06.288 PDT [451036] ERROR:  permission denied for schema managed at character 15
2026-10-03 11:19:06.288 PDT [451036] STATEMENT:  SELECT setval('managed.oid_4d85467e08b24873a827467e67874f51',1)
2026-10-03 11:19:06.290 PDT [451037] ERROR:  permission denied for function apply_rows
2026-10-03 11:19:06.290 PDT [451037] STATEMENT:  SELECT managed.apply_rows('4d85467e-08b2-4873-a827-467e67874f51','d3beeae9-5366-4de5-8710-6e22cccc4266','dbe9769c-6508-4548-85e1-e41e57858005','[{"fid":"17c67be5-99cd-4b38-aba1-2395eb4333f3","values":{"name":"München","amount":"1.125"},"geometry":"SRID=4326;POINT(1 2)"}]'::jsonb,false)
2026-10-03 11:19:06.290 PDT [451037] ERROR:  permission denied for table d_4d85467e08b24873a827467e67874f51
2026-10-03 11:19:06.290 PDT [451037] STATEMENT:  DELETE FROM managed."d_4d85467e08b24873a827467e67874f51"
2026-10-03 11:19:06.291 PDT [451037] ERROR:  permission denied for table d_4d85467e08b24873a827467e67874f51
2026-10-03 11:19:06.291 PDT [451037] STATEMENT:  TRUNCATE managed."d_4d85467e08b24873a827467e67874f51"
2026-10-03 11:19:06.291 PDT [451037] ERROR:  permission denied for table feature_identity
2026-10-03 11:19:06.291 PDT [451037] STATEMENT:  UPDATE managed.feature_identity SET object_id=42
2026-10-03 11:19:06.291 PDT [451037] ERROR:  permission denied for table dataset
2026-10-03 11:19:06.291 PDT [451037] STATEMENT:  DELETE FROM managed.dataset
2026-10-03 11:19:06.291 PDT [451037] ERROR:  permission denied for schema managed at character 14
2026-10-03 11:19:06.291 PDT [451037] STATEMENT:  CREATE TABLE managed.bypass(x int)
2026-10-03 11:19:06.291 PDT [451037] ERROR:  permission denied for sequence oid_4d85467e08b24873a827467e67874f51
2026-10-03 11:19:06.291 PDT [451037] STATEMENT:  SELECT setval('managed.oid_4d85467e08b24873a827467e67874f51',1)
2026-10-03 11:19:06.312 PDT [451038] ERROR:  permission denied for table d_4d85467e08b24873a827467e67874f51
2026-10-03 11:19:06.312 PDT [451038] STATEMENT:  DELETE FROM managed."d_4d85467e08b24873a827467e67874f51"
2026-10-03 11:19:06.313 PDT [451038] ERROR:  permission denied for table d_4d85467e08b24873a827467e67874f51
2026-10-03 11:19:06.313 PDT [451038] STATEMENT:  TRUNCATE managed."d_4d85467e08b24873a827467e67874f51"
2026-10-03 11:19:06.313 PDT [451038] ERROR:  permission denied for table feature_identity
2026-10-03 11:19:06.313 PDT [451038] STATEMENT:  UPDATE managed.feature_identity SET object_id=42
2026-10-03 11:19:06.313 PDT [451038] ERROR:  permission denied for table dataset
2026-10-03 11:19:06.313 PDT [451038] STATEMENT:  DELETE FROM managed.dataset
2026-10-03 11:19:06.313 PDT [451038] ERROR:  permission denied for schema managed at character 14
2026-10-03 11:19:06.313 PDT [451038] STATEMENT:  CREATE TABLE managed.bypass(x int)
2026-10-03 11:19:06.313 PDT [451038] ERROR:  permission denied for sequence oid_4d85467e08b24873a827467e67874f51
2026-10-03 11:19:06.313 PDT [451038] STATEMENT:  SELECT setval('managed.oid_4d85467e08b24873a827467e67874f51',1)
2026-10-03 11:19:06.954 PDT [451050] ERROR:  INVALID_MANAGED_REQUEST
2026-10-03 11:19:06.954 PDT [451050] CONTEXT:  PL/pgSQL function apply_rows(uuid,uuid,uuid,jsonb,boolean) line 4 at RAISE
2026-10-03 11:19:06.954 PDT [451050] STATEMENT:  SELECT managed.apply_rows('be83dcd7-c42d-4bc0-8773-2c10b83c067d','77a417b9-7209-479f-9357-970349811f37','b00f1cc6-7a4d-42ce-b939-873de64b55eb','null'::jsonb,true)
2026-10-03 11:19:06.955 PDT [451050] ERROR:  INVALID_MANAGED_REQUEST
2026-10-03 11:19:06.955 PDT [451050] CONTEXT:  PL/pgSQL function apply_rows(uuid,uuid,uuid,jsonb,boolean) line 4 at RAISE
2026-10-03 11:19:06.955 PDT [451050] STATEMENT:  SELECT managed.apply_rows('be83dcd7-c42d-4bc0-8773-2c10b83c067d','77a417b9-7209-479f-9357-970349811f37','b00f1cc6-7a4d-42ce-b939-873de64b55eb','{}'::jsonb,true)
2026-10-03 11:19:06.956 PDT [451050] ERROR:  INVALID_FEATURE_ROW
2026-10-03 11:19:06.956 PDT [451050] CONTEXT:  PL/pgSQL function apply_group(uuid,uuid,jsonb) line 35 at RAISE
	PL/pgSQL function apply_rows(uuid,uuid,uuid,jsonb,boolean) line 5 at RETURN
2026-10-03 11:19:06.956 PDT [451050] STATEMENT:  SELECT managed.apply_rows('be83dcd7-c42d-4bc0-8773-2c10b83c067d','77a417b9-7209-479f-9357-970349811f37','b00f1cc6-7a4d-42ce-b939-873de64b55eb','[null]'::jsonb,true)
2026-10-03 11:19:06.957 PDT [451050] ERROR:  INVALID_FEATURE_ROW
2026-10-03 11:19:06.957 PDT [451050] CONTEXT:  PL/pgSQL function apply_group(uuid,uuid,jsonb) line 35 at RAISE
	PL/pgSQL function apply_rows(uuid,uuid,uuid,jsonb,boolean) line 5 at RETURN
2026-10-03 11:19:06.957 PDT [451050] STATEMENT:  SELECT managed.apply_rows('be83dcd7-c42d-4bc0-8773-2c10b83c067d','77a417b9-7209-479f-9357-970349811f37','b00f1cc6-7a4d-42ce-b939-873de64b55eb','[{}]'::jsonb,true)
2026-10-03 11:19:06.959 PDT [451050] ERROR:  FIELD_SET_MISMATCH
2026-10-03 11:19:06.959 PDT [451050] CONTEXT:  PL/pgSQL function raw_apply_rows(uuid,uuid,uuid,jsonb,boolean) line 39 at RAISE
	PL/pgSQL function apply_group(uuid,uuid,jsonb) line 64 at assignment
	PL/pgSQL function apply_rows(uuid,uuid,uuid,jsonb,boolean) line 5 at RETURN
2026-10-03 11:19:06.959 PDT [451050] STATEMENT:  SELECT managed.apply_rows('be83dcd7-c42d-4bc0-8773-2c10b83c067d','77a417b9-7209-479f-9357-970349811f37','b00f1cc6-7a4d-42ce-b939-873de64b55eb','[{"fid":"8ff33394-0ef0-4e8b-b2a7-a735f4d95bcf","values":{"name":"a"},"geometry":"SRID=4326;POINT(1 2)"}]'::jsonb,true)
2026-10-03 11:19:06.960 PDT [451050] ERROR:  FIELD_SET_MISMATCH
2026-10-03 11:19:06.960 PDT [451050] CONTEXT:  PL/pgSQL function raw_apply_rows(uuid,uuid,uuid,jsonb,boolean) line 39 at RAISE
	PL/pgSQL function apply_group(uuid,uuid,jsonb) line 64 at assignment
	PL/pgSQL function apply_rows(uuid,uuid,uuid,jsonb,boolean) line 5 at RETURN
2026-10-03 11:19:06.960 PDT [451050] STATEMENT:  SELECT managed.apply_rows('be83dcd7-c42d-4bc0-8773-2c10b83c067d','77a417b9-7209-479f-9357-970349811f37','b00f1cc6-7a4d-42ce-b939-873de64b55eb','[{"fid":"606548da-c805-45da-9be1-c684a9f8edb0","values":{"name":"a","amount":"1","extra":1},"geometry":"SRID=4326;POINT(1 2)"}]'::jsonb,true)
2026-10-03 11:19:06.961 PDT [451050] ERROR:  NULL_NOT_ALLOWED
2026-10-03 11:19:06.961 PDT [451050] CONTEXT:  PL/pgSQL function raw_apply_rows(uuid,uuid,uuid,jsonb,boolean) line 56 at RAISE
	PL/pgSQL function apply_group(uuid,uuid,jsonb) line 64 at assignment
	PL/pgSQL function apply_rows(uuid,uuid,uuid,jsonb,boolean) line 5 at RETURN
2026-10-03 11:19:06.961 PDT [451050] STATEMENT:  SELECT managed.apply_rows('be83dcd7-c42d-4bc0-8773-2c10b83c067d','77a417b9-7209-479f-9357-970349811f37','b00f1cc6-7a4d-42ce-b939-873de64b55eb','[{"fid":"4c65f36e-2e7f-46f9-b2df-f7b52b5793be","values":{"name":"a","amount":null},"geometry":"SRID=4326;POINT(1 2)"}]'::jsonb,true)
2026-10-03 11:19:06.961 PDT [451050] ERROR:  INVALID_MANAGED_REQUEST
2026-10-03 11:19:06.961 PDT [451050] CONTEXT:  PL/pgSQL function apply_rows(uuid,uuid,uuid,jsonb,boolean) line 4 at RAISE
2026-10-03 11:19:06.961 PDT [451050] STATEMENT:  SELECT managed.apply_rows('be83dcd7-c42d-4bc0-8773-2c10b83c067d',NULL,'b00f1cc6-7a4d-42ce-b939-873de64b55eb','[{"fid":"ec3a8f82-d6b2-4829-b85c-805598939033","values":{"name":"München","amount":"1.125"},"geometry":"SRID=4326;POINT(1 2)"}]'::jsonb,false)
2026-10-03 11:19:06.961 PDT [451050] ERROR:  INVALID_MANAGED_REQUEST
2026-10-03 11:19:06.961 PDT [451050] CONTEXT:  PL/pgSQL function apply_rows(uuid,uuid,uuid,jsonb,boolean) line 4 at RAISE
2026-10-03 11:19:06.961 PDT [451050] STATEMENT:  SELECT managed.apply_rows('be83dcd7-c42d-4bc0-8773-2c10b83c067d','77a417b9-7209-479f-9357-970349811f37',NULL,'[{"fid":"e8c76b70-1b08-444c-9e0b-27b9613efea0","values":{"name":"München","amount":"1.125"},"geometry":"SRID=4326;POINT(1 2)"}]'::jsonb,false)
2026-10-03 11:19:06.962 PDT [451050] ERROR:  INVALID_MANAGED_REQUEST
2026-10-03 11:19:06.962 PDT [451050] CONTEXT:  PL/pgSQL function apply_rows(uuid,uuid,uuid,jsonb,boolean) line 4 at RAISE
2026-10-03 11:19:06.962 PDT [451050] STATEMENT:  SELECT managed.apply_rows('be83dcd7-c42d-4bc0-8773-2c10b83c067d','77a417b9-7209-479f-9357-970349811f37','b00f1cc6-7a4d-42ce-b939-873de64b55eb','[{"fid":"8c0ac7b4-bd45-4c40-83c2-636ca7e8740d","values":{"name":"München","amount":"1.125"},"geometry":"SRID=4326;POINT(1 2)"}]'::jsonb,NULL)
2026-10-03 11:19:07.006 PDT [451051] ERROR:  IMMUTABLE_MANAGED_IDENTITY
2026-10-03 11:19:07.006 PDT [451051] CONTEXT:  PL/pgSQL function managed.immutable() line 2 at RAISE
2026-10-03 11:19:07.006 PDT [451051] STATEMENT:  UPDATE managed.schema_revision SET canonical_text=canonical_text
2026-10-03 11:19:07.006 PDT [451051] ERROR:  IMMUTABLE_MANAGED_IDENTITY
2026-10-03 11:19:07.006 PDT [451051] CONTEXT:  PL/pgSQL function managed.immutable() line 2 at RAISE
2026-10-03 11:19:07.006 PDT [451051] STATEMENT:  DELETE FROM managed.schema_revision
2026-10-03 11:19:07.006 PDT [451051] ERROR:  IMMUTABLE_MANAGED_IDENTITY
2026-10-03 11:19:07.006 PDT [451051] CONTEXT:  PL/pgSQL function managed.immutable() line 2 at RAISE
2026-10-03 11:19:07.006 PDT [451051] STATEMENT:  UPDATE managed.dataset SET dataset_id=dataset_id
2026-10-03 11:19:07.021 PDT [451051] ERROR:  IMMUTABLE_MANAGED_IDENTITY
2026-10-03 11:19:07.021 PDT [451051] CONTEXT:  PL/pgSQL function managed.immutable() line 2 at RAISE
2026-10-03 11:19:07.021 PDT [451051] STATEMENT:  DELETE FROM managed.feature_identity WHERE dataset_id='c1eba469-068f-400f-9dcd-0a3f5f524c45'
2026-10-03 11:19:07.215 PDT [451058] ERROR:  STALE_HEAD
2026-10-03 11:19:07.215 PDT [451058] CONTEXT:  PL/pgSQL function apply_group(uuid,uuid,jsonb) line 15 at RAISE
	PL/pgSQL function apply_rows(uuid,uuid,uuid,jsonb,boolean) line 5 at RETURN
2026-10-03 11:19:07.215 PDT [451058] STATEMENT:  SELECT managed.apply_rows('201ed758-1e9b-4abf-99f5-ed27fb84354e','ede237f6-813c-4ef5-818e-0d0007ddfff1','5981a30f-b90a-4e60-aa2e-bc8a21b58b7b','[{"fid":"65232b0e-ad04-41f3-ac77-a38ddd0b52b7","values":{"name":"München","amount":"1.125"},"geometry":"SRID=4326;POINT(1 2)"}]'::jsonb,false)
2026-10-03 11:19:07.595 PDT [450997] LOG:  received fast shutdown request
2026-10-03 11:19:07.600 PDT [450997] LOG:  aborting any active transactions
2026-10-03 11:19:07.600 PDT [450997] LOG:  background worker "logical replication launcher" (PID 451003) exited with exit code 1
2026-10-03 11:19:07.600 PDT [450998] LOG:  shutting down
2026-10-03 11:19:07.606 PDT [450998] LOG:  checkpoint starting: shutdown immediate
2026-10-03 11:19:18.830 PDT [450998] LOG:  checkpoint complete: wrote 12653 buffers (77.2%); 0 WAL file(s) added, 0 removed, 5 recycled; write=0.149 s, sync=10.982 s, total=11.230 s; sync files=2423, longest=0.017 s, average=0.005 s; distance=87591 kB, estimate=87591 kB
2026-10-03 11:19:18.841 PDT [450997] LOG:  database system is shut down
