2026-10-03 12:44:15.316 PDT [466698] LOG:  starting PostgreSQL 15.19 on x86_64-pc-linux-gnu, compiled by gcc (GCC) 15.2.0, 64-bit
2026-10-03 12:44:15.316 PDT [466698] LOG:  listening on Unix socket "/tmp/ambisgis-fnd04-socket-8k1zf5us/.s.PGSQL.55484"
2026-10-03 12:44:15.343 PDT [466704] LOG:  database system was shut down at 2026-10-03 12:44:15 PDT
2026-10-03 12:44:15.372 PDT [466698] LOG:  database system is ready to accept connections
2026-10-03 12:44:16.101 PDT [466728] ERROR:  value "2147483648" is out of range for type integer at character 383
2026-10-03 12:44:16.101 PDT [466728] QUERY:  INSERT INTO managed.d_a35759201d06451e83cc397c8ff38dbb (dataset_id,version_group_id,version_id,fid,object_id,feature_revision,small,large,flag,related,day,instant) VALUES ('a3575920-1d06-451e-83cc-397c8ff38dbb'::uuid,'d6181999-5017-437d-a938-694ad9fc2cb5'::uuid,'413bc905-75f4-435a-8610-54b2a8ae6f1a'::uuid,'fd6da25d-ce5e-46ca-98bd-a784286d47d4'::uuid,'1'::bigint,gen_random_uuid(),'2147483648'::integer,'9223372036854775807'::bigint,'true'::boolean,NULL::uuid,'2024-02-29'::date,'2024-01-01T01:30:00.123456+01:30'::timestamptz) ON CONFLICT(version_id,fid) DO UPDATE SET feature_revision=EXCLUDED.feature_revision,small=EXCLUDED.small,large=EXCLUDED.large,flag=EXCLUDED.flag,related=EXCLUDED.related,day=EXCLUDED.day,instant=EXCLUDED.instant
2026-10-03 12:44:16.101 PDT [466728] CONTEXT:  PL/pgSQL function raw_apply_rows(uuid,uuid,uuid,jsonb,boolean) line 89 at EXECUTE
	PL/pgSQL function apply_group(uuid,uuid,jsonb) line 68 at assignment
	PL/pgSQL function apply_rows(uuid,uuid,uuid,jsonb,boolean) line 9 at RETURN
2026-10-03 12:44:16.101 PDT [466728] STATEMENT:  SELECT managed.apply_rows('a3575920-1d06-451e-83cc-397c8ff38dbb','413bc905-75f4-435a-8610-54b2a8ae6f1a','df9f9c0c-b961-4a52-b33b-8a97927fd276','[{"fid":"fd6da25d-ce5e-46ca-98bd-a784286d47d4","values":{"small":2147483648,"large":"9223372036854775807","flag":true,"related":null,"day":"2024-02-29","instant":"2024-01-01T01:30:00.123456+01:30"}}]'::jsonb,true)
2026-10-03 12:44:16.103 PDT [466728] ERROR:  INVALID_TYPED_VALUE
2026-10-03 12:44:16.103 PDT [466728] CONTEXT:  PL/pgSQL function raw_apply_rows(uuid,uuid,uuid,jsonb,boolean) line 68 at RAISE
	PL/pgSQL function apply_group(uuid,uuid,jsonb) line 68 at assignment
	PL/pgSQL function apply_rows(uuid,uuid,uuid,jsonb,boolean) line 9 at RETURN
2026-10-03 12:44:16.103 PDT [466728] STATEMENT:  SELECT managed.apply_rows('a3575920-1d06-451e-83cc-397c8ff38dbb','413bc905-75f4-435a-8610-54b2a8ae6f1a','df9f9c0c-b961-4a52-b33b-8a97927fd276','[{"fid":"fd6da25d-ce5e-46ca-98bd-a784286d47d4","values":{"small":true,"large":"9223372036854775807","flag":true,"related":null,"day":"2024-02-29","instant":"2024-01-01T01:30:00.123456+01:30"}}]'::jsonb,true)
2026-10-03 12:44:16.104 PDT [466728] ERROR:  INVALID_TYPED_VALUE
2026-10-03 12:44:16.104 PDT [466728] CONTEXT:  PL/pgSQL function raw_apply_rows(uuid,uuid,uuid,jsonb,boolean) line 68 at RAISE
	PL/pgSQL function apply_group(uuid,uuid,jsonb) line 68 at assignment
	PL/pgSQL function apply_rows(uuid,uuid,uuid,jsonb,boolean) line 9 at RETURN
2026-10-03 12:44:16.104 PDT [466728] STATEMENT:  SELECT managed.apply_rows('a3575920-1d06-451e-83cc-397c8ff38dbb','413bc905-75f4-435a-8610-54b2a8ae6f1a','df9f9c0c-b961-4a52-b33b-8a97927fd276','[{"fid":"fd6da25d-ce5e-46ca-98bd-a784286d47d4","values":{"small":2147483647,"large":9223372036854775807,"flag":true,"related":null,"day":"2024-02-29","instant":"2024-01-01T01:30:00.123456+01:30"}}]'::jsonb,true)
2026-10-03 12:44:16.105 PDT [466728] ERROR:  value "9223372036854775808" is out of range for type bigint at character 405
2026-10-03 12:44:16.105 PDT [466728] QUERY:  INSERT INTO managed.d_a35759201d06451e83cc397c8ff38dbb (dataset_id,version_group_id,version_id,fid,object_id,feature_revision,small,large,flag,related,day,instant) VALUES ('a3575920-1d06-451e-83cc-397c8ff38dbb'::uuid,'d6181999-5017-437d-a938-694ad9fc2cb5'::uuid,'413bc905-75f4-435a-8610-54b2a8ae6f1a'::uuid,'fd6da25d-ce5e-46ca-98bd-a784286d47d4'::uuid,'1'::bigint,gen_random_uuid(),'2147483647'::integer,'9223372036854775808'::bigint,'true'::boolean,NULL::uuid,'2024-02-29'::date,'2024-01-01T01:30:00.123456+01:30'::timestamptz) ON CONFLICT(version_id,fid) DO UPDATE SET feature_revision=EXCLUDED.feature_revision,small=EXCLUDED.small,large=EXCLUDED.large,flag=EXCLUDED.flag,related=EXCLUDED.related,day=EXCLUDED.day,instant=EXCLUDED.instant
2026-10-03 12:44:16.105 PDT [466728] CONTEXT:  PL/pgSQL function raw_apply_rows(uuid,uuid,uuid,jsonb,boolean) line 89 at EXECUTE
	PL/pgSQL function apply_group(uuid,uuid,jsonb) line 68 at assignment
	PL/pgSQL function apply_rows(uuid,uuid,uuid,jsonb,boolean) line 9 at RETURN
2026-10-03 12:44:16.105 PDT [466728] STATEMENT:  SELECT managed.apply_rows('a3575920-1d06-451e-83cc-397c8ff38dbb','413bc905-75f4-435a-8610-54b2a8ae6f1a','df9f9c0c-b961-4a52-b33b-8a97927fd276','[{"fid":"fd6da25d-ce5e-46ca-98bd-a784286d47d4","values":{"small":2147483647,"large":"9223372036854775808","flag":true,"related":null,"day":"2024-02-29","instant":"2024-01-01T01:30:00.123456+01:30"}}]'::jsonb,true)
2026-10-03 12:44:16.106 PDT [466728] ERROR:  INVALID_TYPED_VALUE
2026-10-03 12:44:16.106 PDT [466728] CONTEXT:  PL/pgSQL function raw_apply_rows(uuid,uuid,uuid,jsonb,boolean) line 68 at RAISE
	PL/pgSQL function apply_group(uuid,uuid,jsonb) line 68 at assignment
	PL/pgSQL function apply_rows(uuid,uuid,uuid,jsonb,boolean) line 9 at RETURN
2026-10-03 12:44:16.106 PDT [466728] STATEMENT:  SELECT managed.apply_rows('a3575920-1d06-451e-83cc-397c8ff38dbb','413bc905-75f4-435a-8610-54b2a8ae6f1a','df9f9c0c-b961-4a52-b33b-8a97927fd276','[{"fid":"fd6da25d-ce5e-46ca-98bd-a784286d47d4","values":{"small":2147483647,"large":"9223372036854775807","flag":"true","related":null,"day":"2024-02-29","instant":"2024-01-01T01:30:00.123456+01:30"}}]'::jsonb,true)
2026-10-03 12:44:16.107 PDT [466728] ERROR:  date/time field value out of range: "2023-02-29" at character 462
2026-10-03 12:44:16.107 PDT [466728] QUERY:  INSERT INTO managed.d_a35759201d06451e83cc397c8ff38dbb (dataset_id,version_group_id,version_id,fid,object_id,feature_revision,small,large,flag,related,day,instant) VALUES ('a3575920-1d06-451e-83cc-397c8ff38dbb'::uuid,'d6181999-5017-437d-a938-694ad9fc2cb5'::uuid,'413bc905-75f4-435a-8610-54b2a8ae6f1a'::uuid,'fd6da25d-ce5e-46ca-98bd-a784286d47d4'::uuid,'1'::bigint,gen_random_uuid(),'2147483647'::integer,'9223372036854775807'::bigint,'true'::boolean,NULL::uuid,'2023-02-29'::date,'2024-01-01T01:30:00.123456+01:30'::timestamptz) ON CONFLICT(version_id,fid) DO UPDATE SET feature_revision=EXCLUDED.feature_revision,small=EXCLUDED.small,large=EXCLUDED.large,flag=EXCLUDED.flag,related=EXCLUDED.related,day=EXCLUDED.day,instant=EXCLUDED.instant
2026-10-03 12:44:16.107 PDT [466728] CONTEXT:  PL/pgSQL function raw_apply_rows(uuid,uuid,uuid,jsonb,boolean) line 89 at EXECUTE
	PL/pgSQL function apply_group(uuid,uuid,jsonb) line 68 at assignment
	PL/pgSQL function apply_rows(uuid,uuid,uuid,jsonb,boolean) line 9 at RETURN
2026-10-03 12:44:16.107 PDT [466728] STATEMENT:  SELECT managed.apply_rows('a3575920-1d06-451e-83cc-397c8ff38dbb','413bc905-75f4-435a-8610-54b2a8ae6f1a','df9f9c0c-b961-4a52-b33b-8a97927fd276','[{"fid":"fd6da25d-ce5e-46ca-98bd-a784286d47d4","values":{"small":2147483647,"large":"9223372036854775807","flag":true,"related":null,"day":"2023-02-29","instant":"2024-01-01T01:30:00.123456+01:30"}}]'::jsonb,true)
2026-10-03 12:44:16.108 PDT [466728] ERROR:  INVALID_TYPED_VALUE
2026-10-03 12:44:16.108 PDT [466728] CONTEXT:  PL/pgSQL function raw_apply_rows(uuid,uuid,uuid,jsonb,boolean) line 68 at RAISE
	PL/pgSQL function apply_group(uuid,uuid,jsonb) line 68 at assignment
	PL/pgSQL function apply_rows(uuid,uuid,uuid,jsonb,boolean) line 9 at RETURN
2026-10-03 12:44:16.108 PDT [466728] STATEMENT:  SELECT managed.apply_rows('a3575920-1d06-451e-83cc-397c8ff38dbb','413bc905-75f4-435a-8610-54b2a8ae6f1a','df9f9c0c-b961-4a52-b33b-8a97927fd276','[{"fid":"fd6da25d-ce5e-46ca-98bd-a784286d47d4","values":{"small":2147483647,"large":"9223372036854775807","flag":true,"related":null,"day":"2024-02-29","instant":"2024-01-01T24:00:00Z"}}]'::jsonb,true)
2026-10-03 12:44:16.109 PDT [466728] ERROR:  INVALID_TYPED_VALUE
2026-10-03 12:44:16.109 PDT [466728] CONTEXT:  PL/pgSQL function raw_apply_rows(uuid,uuid,uuid,jsonb,boolean) line 68 at RAISE
	PL/pgSQL function apply_group(uuid,uuid,jsonb) line 68 at assignment
	PL/pgSQL function apply_rows(uuid,uuid,uuid,jsonb,boolean) line 9 at RETURN
2026-10-03 12:44:16.109 PDT [466728] STATEMENT:  SELECT managed.apply_rows('a3575920-1d06-451e-83cc-397c8ff38dbb','413bc905-75f4-435a-8610-54b2a8ae6f1a','df9f9c0c-b961-4a52-b33b-8a97927fd276','[{"fid":"fd6da25d-ce5e-46ca-98bd-a784286d47d4","values":{"small":2147483647,"large":"9223372036854775807","flag":true,"related":null,"day":"2024-02-29","instant":"2024-01-01T00:00:00.1234567Z"}}]'::jsonb,true)
2026-10-03 12:44:16.110 PDT [466728] ERROR:  INVALID_TYPED_VALUE
2026-10-03 12:44:16.110 PDT [466728] CONTEXT:  PL/pgSQL function raw_apply_rows(uuid,uuid,uuid,jsonb,boolean) line 68 at RAISE
	PL/pgSQL function apply_group(uuid,uuid,jsonb) line 68 at assignment
	PL/pgSQL function apply_rows(uuid,uuid,uuid,jsonb,boolean) line 9 at RETURN
2026-10-03 12:44:16.110 PDT [466728] STATEMENT:  SELECT managed.apply_rows('a3575920-1d06-451e-83cc-397c8ff38dbb','413bc905-75f4-435a-8610-54b2a8ae6f1a','df9f9c0c-b961-4a52-b33b-8a97927fd276','[{"fid":"fd6da25d-ce5e-46ca-98bd-a784286d47d4","values":{"small":2147483647,"large":"9223372036854775807","flag":true,"related":null,"day":"2024-02-29","instant":"2024-01-01T00:00:00"}}]'::jsonb,true)
2026-10-03 12:44:16.110 PDT [466728] ERROR:  INVALID_TYPED_VALUE
2026-10-03 12:44:16.110 PDT [466728] CONTEXT:  PL/pgSQL function raw_apply_rows(uuid,uuid,uuid,jsonb,boolean) line 68 at RAISE
	PL/pgSQL function apply_group(uuid,uuid,jsonb) line 68 at assignment
	PL/pgSQL function apply_rows(uuid,uuid,uuid,jsonb,boolean) line 9 at RETURN
2026-10-03 12:44:16.110 PDT [466728] STATEMENT:  SELECT managed.apply_rows('a3575920-1d06-451e-83cc-397c8ff38dbb','413bc905-75f4-435a-8610-54b2a8ae6f1a','df9f9c0c-b961-4a52-b33b-8a97927fd276','[{"fid":"fd6da25d-ce5e-46ca-98bd-a784286d47d4","values":{"small":2147483647,"large":"9223372036854775807","flag":true,"related":"bad","day":"2024-02-29","instant":"2024-01-01T01:30:00.123456+01:30"}}]'::jsonb,true)
2026-10-03 12:44:16.136 PDT [466728] ERROR:  nextval: reached maximum value of sequence "oid_a35759201d06451e83cc397c8ff38dbb" (9223372036854775807)
2026-10-03 12:44:16.136 PDT [466728] CONTEXT:  PL/pgSQL function raw_apply_rows(uuid,uuid,uuid,jsonb,boolean) line 46 at assignment
	PL/pgSQL function apply_group(uuid,uuid,jsonb) line 68 at assignment
	PL/pgSQL function apply_rows(uuid,uuid,uuid,jsonb,boolean) line 9 at RETURN
2026-10-03 12:44:16.136 PDT [466728] STATEMENT:  SELECT managed.apply_rows('a3575920-1d06-451e-83cc-397c8ff38dbb','413bc905-75f4-435a-8610-54b2a8ae6f1a','2bc8f4fe-1e04-48a6-af41-555bf9ac87b1','[{"fid":"a9fb1d3f-186a-4550-a5a0-f3abc966bc8f","values":{"small":2147483647,"large":"9223372036854775807","flag":true,"related":null,"day":"2024-02-29","instant":"2024-01-01T01:30:00.123456+01:30"}}]'::jsonb,true)
2026-10-03 12:44:16.942 PDT [466751] ERROR:  STALE_HEAD
2026-10-03 12:44:16.942 PDT [466751] CONTEXT:  PL/pgSQL function apply_group(uuid,uuid,jsonb) line 15 at RAISE
	PL/pgSQL function apply_rows(uuid,uuid,uuid,jsonb,boolean) line 9 at RETURN
2026-10-03 12:44:16.942 PDT [466751] STATEMENT:  SELECT managed.apply_rows('3a320a5b-abd2-4df8-aea3-da1f8492fe4a','867a6eb5-17e8-4202-947a-08b4ecda4452','af80b95a-e12e-4b24-8383-8f1227ac182c','[{"fid":"97633ca0-6d8d-460d-8a52-27624e42e9f9","values":{"name":"München","amount":"1.125"},"geometry":"SRID=4326;POINT(1 2)"}]'::jsonb,false)
2026-10-03 12:44:16.950 PDT [466751] ERROR:  insert or update on table "d_3a320a5babd24df8aea3da1f8492fe4a" violates foreign key constraint "d_3a320a5babd24df8aea3da1f8492_version_group_id_version_id_fkey"
2026-10-03 12:44:16.950 PDT [466751] DETAIL:  Key (version_group_id, version_id)=(1629c87c-8c13-4176-a755-af277fbade6a, 2244ea8f-8ae2-4b21-9d4a-51dbb567e041) is not present in table "version".
2026-10-03 12:44:16.950 PDT [466751] STATEMENT:  UPDATE managed."d_3a320a5babd24df8aea3da1f8492fe4a" SET version_id='2244ea8f-8ae2-4b21-9d4a-51dbb567e041'
2026-10-03 12:44:16.950 PDT [466751] ERROR:  new row for relation "d_3a320a5babd24df8aea3da1f8492fe4a" violates check constraint "d_3a320a5babd24df8aea3da1f8492fe4a_dataset_id_check"
2026-10-03 12:44:16.950 PDT [466751] DETAIL:  Failing row contains (7ed8b1cd-b9c9-4203-9aee-635b6e0ccda7, 1629c87c-8c13-4176-a755-af277fbade6a, 867a6eb5-17e8-4202-947a-08b4ecda4452, b4628d0a-05e7-4211-b80c-b434a1495f50, 1, ad382631-061e-495e-be7f-6fffb26b6f57, München, 1.125, 0101000020E6100000000000000000F03F0000000000000040).
2026-10-03 12:44:16.950 PDT [466751] STATEMENT:  UPDATE managed."d_3a320a5babd24df8aea3da1f8492fe4a" SET dataset_id='7ed8b1cd-b9c9-4203-9aee-635b6e0ccda7'
2026-10-03 12:44:16.951 PDT [466751] ERROR:  insert or update on table "d_3a320a5babd24df8aea3da1f8492fe4a" violates foreign key constraint "d_3a320a5babd24df8aea3da1f8492fe4_dataset_id_fid_object_id_fkey"
2026-10-03 12:44:16.951 PDT [466751] DETAIL:  Key (dataset_id, fid, object_id)=(3a320a5b-abd2-4df8-aea3-da1f8492fe4a, b4628d0a-05e7-4211-b80c-b434a1495f50, 999) is not present in table "feature_identity".
2026-10-03 12:44:16.951 PDT [466751] STATEMENT:  UPDATE managed."d_3a320a5babd24df8aea3da1f8492fe4a" SET object_id=999
2026-10-03 12:44:16.951 PDT [466751] ERROR:  NAMED_VERSION_REQUIRES_BRANCH_RESERVATION
2026-10-03 12:44:16.951 PDT [466751] CONTEXT:  PL/pgSQL function branch_version_guard() line 6 at RAISE
2026-10-03 12:44:16.951 PDT [466751] STATEMENT:  COMMIT
2026-10-03 12:44:16.951 PDT [466751] ERROR:  DATASET_VERSION_MISMATCH
2026-10-03 12:44:16.951 PDT [466751] CONTEXT:  PL/pgSQL function apply_rows(uuid,uuid,uuid,jsonb,boolean) line 7 at RAISE
2026-10-03 12:44:16.951 PDT [466751] STATEMENT:  SELECT managed.apply_rows('3a320a5b-abd2-4df8-aea3-da1f8492fe4a','2244ea8f-8ae2-4b21-9d4a-51dbb567e041','f4ad5485-5422-4cfd-88af-d5a016364472','[{"fid":"b4628d0a-05e7-4211-b80c-b434a1495f50","values":{"name":"München","amount":"1.125"},"geometry":"SRID=4326;POINT(1 2)"}]'::jsonb,false)
2026-10-03 12:44:17.032 PDT [466752] ERROR:  new row for relation "d_54d14cd1e06f45a4ae55516b654c95be" violates check constraint "d_54d14cd1e06f45a4ae55516b654c95be_amount_check"
2026-10-03 12:44:17.032 PDT [466752] DETAIL:  Failing row contains (54d14cd1-e06f-45a4-ae55-516b654c95be, 33ced7fd-5e84-4d01-90b9-c1dd8495f70d, 13cc3f7a-764f-473a-93ce-e69235f1280f, ae6ddf20-3280-4d94-bbce-beb6b85365f7, 1, 8018f167-ec26-46f4-b91b-26f29e368d6b, 東京😀abcdΩ, 1.0001, 0101000020E6100000000000000000F03F0000000000000040).
2026-10-03 12:44:17.032 PDT [466752] STATEMENT:  UPDATE managed."d_54d14cd1e06f45a4ae55516b654c95be" SET amount=1.0001
2026-10-03 12:44:17.032 PDT [466752] ERROR:  new row for relation "d_54d14cd1e06f45a4ae55516b654c95be" violates check constraint "d_54d14cd1e06f45a4ae55516b654c95be_amount_check"
2026-10-03 12:44:17.032 PDT [466752] DETAIL:  Failing row contains (54d14cd1-e06f-45a4-ae55-516b654c95be, 33ced7fd-5e84-4d01-90b9-c1dd8495f70d, 13cc3f7a-764f-473a-93ce-e69235f1280f, ae6ddf20-3280-4d94-bbce-beb6b85365f7, 1, 8018f167-ec26-46f4-b91b-26f29e368d6b, 東京😀abcdΩ, NaN, 0101000020E6100000000000000000F03F0000000000000040).
2026-10-03 12:44:17.032 PDT [466752] STATEMENT:  UPDATE managed."d_54d14cd1e06f45a4ae55516b654c95be" SET amount='NaN'::numeric
2026-10-03 12:44:17.032 PDT [466752] ERROR:  new row for relation "d_54d14cd1e06f45a4ae55516b654c95be" violates check constraint "d_54d14cd1e06f45a4ae55516b654c95be_amount_check"
2026-10-03 12:44:17.032 PDT [466752] DETAIL:  Failing row contains (54d14cd1-e06f-45a4-ae55-516b654c95be, 33ced7fd-5e84-4d01-90b9-c1dd8495f70d, 13cc3f7a-764f-473a-93ce-e69235f1280f, ae6ddf20-3280-4d94-bbce-beb6b85365f7, 1, 8018f167-ec26-46f4-b91b-26f29e368d6b, 東京😀abcdΩ, Infinity, 0101000020E6100000000000000000F03F0000000000000040).
2026-10-03 12:44:17.032 PDT [466752] STATEMENT:  UPDATE managed."d_54d14cd1e06f45a4ae55516b654c95be" SET amount='Infinity'::numeric
2026-10-03 12:44:17.032 PDT [466752] ERROR:  new row for relation "d_54d14cd1e06f45a4ae55516b654c95be" violates check constraint "d_54d14cd1e06f45a4ae55516b654c95be_name_check"
2026-10-03 12:44:17.032 PDT [466752] DETAIL:  Failing row contains (54d14cd1-e06f-45a4-ae55-516b654c95be, 33ced7fd-5e84-4d01-90b9-c1dd8495f70d, 13cc3f7a-764f-473a-93ce-e69235f1280f, ae6ddf20-3280-4d94-bbce-beb6b85365f7, 1, 8018f167-ec26-46f4-b91b-26f29e368d6b, 123456789, -999999999.999, 0101000020E6100000000000000000F03F0000000000000040).
2026-10-03 12:44:17.032 PDT [466752] STATEMENT:  UPDATE managed."d_54d14cd1e06f45a4ae55516b654c95be" SET name='123456789'
2026-10-03 12:44:17.033 PDT [466752] ERROR:  new row for relation "d_54d14cd1e06f45a4ae55516b654c95be" violates check constraint "d_54d14cd1e06f45a4ae55516b654c95be_name_check"
2026-10-03 12:44:17.033 PDT [466752] DETAIL:  Failing row contains (54d14cd1-e06f-45a4-ae55-516b654c95be, 33ced7fd-5e84-4d01-90b9-c1dd8495f70d, 13cc3f7a-764f-473a-93ce-e69235f1280f, ae6ddf20-3280-4d94-bbce-beb6b85365f7, 1, 8018f167-ec26-46f4-b91b-26f29e368d6b, 12345678 , -999999999.999, 0101000020E6100000000000000000F03F0000000000000040).
2026-10-03 12:44:17.033 PDT [466752] STATEMENT:  UPDATE managed."d_54d14cd1e06f45a4ae55516b654c95be" SET name='12345678 '
2026-10-03 12:44:17.034 PDT [466752] ERROR:  INVALID_TYPED_VALUE
2026-10-03 12:44:17.034 PDT [466752] CONTEXT:  PL/pgSQL function raw_apply_rows(uuid,uuid,uuid,jsonb,boolean) line 68 at RAISE
	PL/pgSQL function apply_group(uuid,uuid,jsonb) line 68 at assignment
	PL/pgSQL function apply_rows(uuid,uuid,uuid,jsonb,boolean) line 9 at RETURN
2026-10-03 12:44:17.034 PDT [466752] STATEMENT:  SELECT managed.apply_rows('54d14cd1-e06f-45a4-ae55-516b654c95be','13cc3f7a-764f-473a-93ce-e69235f1280f','5eeae7f9-a375-441f-a547-8204f5e43041','[{"fid":"8a974aee-1a4d-42f2-a54e-61bab36f46a2","values":{"name":"","amount":1.125},"geometry":"SRID=4326;POINT(1 2)"}]'::jsonb,true)
2026-10-03 12:44:17.288 PDT [466758] ERROR:  division by zero
2026-10-03 12:44:17.288 PDT [466758] STATEMENT:  CREATE TABLE managed.partial(x int); SELECT 1/0;
2026-10-03 12:44:17.355 PDT [466764] ERROR:  null value in column "geom" of relation "d_e7dd5c2805f747628d12d456e7b8ccf8" violates not-null constraint
2026-10-03 12:44:17.355 PDT [466764] DETAIL:  Failing row contains (e7dd5c28-05f7-4762-8d12-d456e7b8ccf8, 21ae507a-1660-4333-96ce-65039d4c1374, f5323f88-d27c-4ad5-9841-b6d60d8464fb, 6af4819d-6db6-4b39-9aa2-185095c662af, 1, 5bcc8577-7330-4c47-9430-e57e8b65a046, München, 1.125, null).
2026-10-03 12:44:17.355 PDT [466764] CONTEXT:  SQL statement "INSERT INTO managed.d_e7dd5c2805f747628d12d456e7b8ccf8 (dataset_id,version_group_id,version_id,fid,object_id,feature_revision,name,amount,geom) VALUES ('e7dd5c28-05f7-4762-8d12-d456e7b8ccf8'::uuid,'21ae507a-1660-4333-96ce-65039d4c1374'::uuid,'f5323f88-d27c-4ad5-9841-b6d60d8464fb'::uuid,'6af4819d-6db6-4b39-9aa2-185095c662af'::uuid,'1'::bigint,gen_random_uuid(),'München'::text,'1.125'::numeric,NULL) ON CONFLICT(version_id,fid) DO UPDATE SET feature_revision=EXCLUDED.feature_revision,name=EXCLUDED.name,amount=EXCLUDED.amount,geom=EXCLUDED.geom"
	PL/pgSQL function raw_apply_rows(uuid,uuid,uuid,jsonb,boolean) line 89 at EXECUTE
	PL/pgSQL function apply_group(uuid,uuid,jsonb) line 68 at assignment
	PL/pgSQL function apply_rows(uuid,uuid,uuid,jsonb,boolean) line 9 at RETURN
2026-10-03 12:44:17.355 PDT [466764] STATEMENT:  SELECT managed.apply_rows('e7dd5c28-05f7-4762-8d12-d456e7b8ccf8','f5323f88-d27c-4ad5-9841-b6d60d8464fb','8cb22bfe-bf21-4940-afbe-224d13ce4a82','[{"fid":"6af4819d-6db6-4b39-9aa2-185095c662af","values":{"name":"München","amount":"1.125"},"geometry":null}]'::jsonb,true)
2026-10-03 12:44:17.357 PDT [466764] ERROR:  new row for relation "d_e7dd5c2805f747628d12d456e7b8ccf8" violates check constraint "d_e7dd5c2805f747628d12d456e7b8ccf8_geom_check"
2026-10-03 12:44:17.357 PDT [466764] DETAIL:  Failing row contains (e7dd5c28-05f7-4762-8d12-d456e7b8ccf8, 21ae507a-1660-4333-96ce-65039d4c1374, f5323f88-d27c-4ad5-9841-b6d60d8464fb, 7b9e78cf-c434-4f1b-8ef4-d61a6f3c1196, 2, 9ab44832-494a-45bd-af7d-cac222a4ee3e, München, 1.125, 0101000020E6100000000000000000F87F000000000000F87F).
2026-10-03 12:44:17.357 PDT [466764] CONTEXT:  SQL statement "INSERT INTO managed.d_e7dd5c2805f747628d12d456e7b8ccf8 (dataset_id,version_group_id,version_id,fid,object_id,feature_revision,name,amount,geom) VALUES ('e7dd5c28-05f7-4762-8d12-d456e7b8ccf8'::uuid,'21ae507a-1660-4333-96ce-65039d4c1374'::uuid,'f5323f88-d27c-4ad5-9841-b6d60d8464fb'::uuid,'7b9e78cf-c434-4f1b-8ef4-d61a6f3c1196'::uuid,'2'::bigint,gen_random_uuid(),'München'::text,'1.125'::numeric,public.ST_GeomFromEWKT('SRID=4326;POINT EMPTY')) ON CONFLICT(version_id,fid) DO UPDATE SET feature_revision=EXCLUDED.feature_revision,name=EXCLUDED.name,amount=EXCLUDED.amount,geom=EXCLUDED.geom"
	PL/pgSQL function raw_apply_rows(uuid,uuid,uuid,jsonb,boolean) line 89 at EXECUTE
	PL/pgSQL function apply_group(uuid,uuid,jsonb) line 68 at assignment
	PL/pgSQL function apply_rows(uuid,uuid,uuid,jsonb,boolean) line 9 at RETURN
2026-10-03 12:44:17.357 PDT [466764] STATEMENT:  SELECT managed.apply_rows('e7dd5c28-05f7-4762-8d12-d456e7b8ccf8','f5323f88-d27c-4ad5-9841-b6d60d8464fb','8cb22bfe-bf21-4940-afbe-224d13ce4a82','[{"fid":"7b9e78cf-c434-4f1b-8ef4-d61a6f3c1196","values":{"name":"München","amount":"1.125"},"geometry":"SRID=4326;POINT EMPTY"}]'::jsonb,true)
2026-10-03 12:44:17.358 PDT [466764] ERROR:  new row for relation "d_e7dd5c2805f747628d12d456e7b8ccf8" violates check constraint "d_e7dd5c2805f747628d12d456e7b8ccf8_geom_check"
2026-10-03 12:44:17.358 PDT [466764] DETAIL:  Failing row contains (e7dd5c28-05f7-4762-8d12-d456e7b8ccf8, 21ae507a-1660-4333-96ce-65039d4c1374, f5323f88-d27c-4ad5-9841-b6d60d8464fb, 01eca5e8-62e3-4340-a273-7e555a60db07, 3, 61bcfb4a-119b-461b-868c-4e238caf4f2f, München, 1.125, 0101000020E6100000000000000000F87F0000000000000040).
2026-10-03 12:44:17.358 PDT [466764] CONTEXT:  SQL statement "INSERT INTO managed.d_e7dd5c2805f747628d12d456e7b8ccf8 (dataset_id,version_group_id,version_id,fid,object_id,feature_revision,name,amount,geom) VALUES ('e7dd5c28-05f7-4762-8d12-d456e7b8ccf8'::uuid,'21ae507a-1660-4333-96ce-65039d4c1374'::uuid,'f5323f88-d27c-4ad5-9841-b6d60d8464fb'::uuid,'01eca5e8-62e3-4340-a273-7e555a60db07'::uuid,'3'::bigint,gen_random_uuid(),'München'::text,'1.125'::numeric,public.ST_GeomFromEWKT('SRID=4326;POINT(NaN 2)')) ON CONFLICT(version_id,fid) DO UPDATE SET feature_revision=EXCLUDED.feature_revision,name=EXCLUDED.name,amount=EXCLUDED.amount,geom=EXCLUDED.geom"
	PL/pgSQL function raw_apply_rows(uuid,uuid,uuid,jsonb,boolean) line 89 at EXECUTE
	PL/pgSQL function apply_group(uuid,uuid,jsonb) line 68 at assignment
	PL/pgSQL function apply_rows(uuid,uuid,uuid,jsonb,boolean) line 9 at RETURN
2026-10-03 12:44:17.358 PDT [466764] STATEMENT:  SELECT managed.apply_rows('e7dd5c28-05f7-4762-8d12-d456e7b8ccf8','f5323f88-d27c-4ad5-9841-b6d60d8464fb','8cb22bfe-bf21-4940-afbe-224d13ce4a82','[{"fid":"01eca5e8-62e3-4340-a273-7e555a60db07","values":{"name":"München","amount":"1.125"},"geometry":"SRID=4326;POINT(NaN 2)"}]'::jsonb,true)
2026-10-03 12:44:17.359 PDT [466764] ERROR:  parse error - invalid geometry
2026-10-03 12:44:17.359 PDT [466764] HINT:  "SRID=4326;POINT(In" <-- parse error at position 18 within geometry
2026-10-03 12:44:17.359 PDT [466764] CONTEXT:  SQL statement "INSERT INTO managed.d_e7dd5c2805f747628d12d456e7b8ccf8 (dataset_id,version_group_id,version_id,fid,object_id,feature_revision,name,amount,geom) VALUES ('e7dd5c28-05f7-4762-8d12-d456e7b8ccf8'::uuid,'21ae507a-1660-4333-96ce-65039d4c1374'::uuid,'f5323f88-d27c-4ad5-9841-b6d60d8464fb'::uuid,'9de65989-e266-441e-a030-852605e8ecd5'::uuid,'4'::bigint,gen_random_uuid(),'München'::text,'1.125'::numeric,public.ST_GeomFromEWKT('SRID=4326;POINT(Infinity 2)')) ON CONFLICT(version_id,fid) DO UPDATE SET feature_revision=EXCLUDED.feature_revision,name=EXCLUDED.name,amount=EXCLUDED.amount,geom=EXCLUDED.geom"
	PL/pgSQL function raw_apply_rows(uuid,uuid,uuid,jsonb,boolean) line 89 at EXECUTE
	PL/pgSQL function apply_group(uuid,uuid,jsonb) line 68 at assignment
	PL/pgSQL function apply_rows(uuid,uuid,uuid,jsonb,boolean) line 9 at RETURN
2026-10-03 12:44:17.359 PDT [466764] STATEMENT:  SELECT managed.apply_rows('e7dd5c28-05f7-4762-8d12-d456e7b8ccf8','f5323f88-d27c-4ad5-9841-b6d60d8464fb','8cb22bfe-bf21-4940-afbe-224d13ce4a82','[{"fid":"9de65989-e266-441e-a030-852605e8ecd5","values":{"name":"München","amount":"1.125"},"geometry":"SRID=4326;POINT(Infinity 2)"}]'::jsonb,true)
2026-10-03 12:44:17.361 PDT [466764] ERROR:  INVALID_GEOMETRY_INPUT
2026-10-03 12:44:17.361 PDT [466764] CONTEXT:  PL/pgSQL function raw_apply_rows(uuid,uuid,uuid,jsonb,boolean) line 84 at RAISE
	PL/pgSQL function apply_group(uuid,uuid,jsonb) line 68 at assignment
	PL/pgSQL function apply_rows(uuid,uuid,uuid,jsonb,boolean) line 9 at RETURN
2026-10-03 12:44:17.361 PDT [466764] STATEMENT:  SELECT managed.apply_rows('e7dd5c28-05f7-4762-8d12-d456e7b8ccf8','f5323f88-d27c-4ad5-9841-b6d60d8464fb','8cb22bfe-bf21-4940-afbe-224d13ce4a82','[{"fid":"45f0048b-af3f-43d1-8e7e-a4961af975f5","values":{"name":"München","amount":"1.125"},"geometry":"POINT(1 2)"}]'::jsonb,true)
2026-10-03 12:44:17.511 PDT [466764] ERROR:  new row for relation "d_4999b48591f94897a9841b137b94d8cb" violates check constraint "d_4999b48591f94897a9841b137b94d8cb_geom_check"
2026-10-03 12:44:17.511 PDT [466764] DETAIL:  Failing row contains (4999b485-91f9-4897-a984-1b137b94d8cb, 9dc7d3d1-3f9d-429a-9621-3561346d3dcf, a690f408-b5e0-47eb-bed0-a7bc07182b4c, 2edd8ac4-4ad9-4320-88ca-8c88c234633b, 1, 3731d119-ae31-47d4-ac93-3f87bb9939e6, München, 1.125, 01010000A0E6100000000000000000F03F0000000000000040000000000000F8...).
2026-10-03 12:44:17.511 PDT [466764] CONTEXT:  SQL statement "INSERT INTO managed.d_4999b48591f94897a9841b137b94d8cb (dataset_id,version_group_id,version_id,fid,object_id,feature_revision,name,amount,geom) VALUES ('4999b485-91f9-4897-a984-1b137b94d8cb'::uuid,'9dc7d3d1-3f9d-429a-9621-3561346d3dcf'::uuid,'a690f408-b5e0-47eb-bed0-a7bc07182b4c'::uuid,'2edd8ac4-4ad9-4320-88ca-8c88c234633b'::uuid,'1'::bigint,gen_random_uuid(),'München'::text,'1.125'::numeric,public.ST_GeomFromEWKT('SRID=4326;POINT Z(1 2 NaN)')) ON CONFLICT(version_id,fid) DO UPDATE SET feature_revision=EXCLUDED.feature_revision,name=EXCLUDED.name,amount=EXCLUDED.amount,geom=EXCLUDED.geom"
	PL/pgSQL function raw_apply_rows(uuid,uuid,uuid,jsonb,boolean) line 89 at EXECUTE
	PL/pgSQL function apply_group(uuid,uuid,jsonb) line 68 at assignment
	PL/pgSQL function apply_rows(uuid,uuid,uuid,jsonb,boolean) line 9 at RETURN
2026-10-03 12:44:17.511 PDT [466764] STATEMENT:  SELECT managed.apply_rows('4999b485-91f9-4897-a984-1b137b94d8cb','a690f408-b5e0-47eb-bed0-a7bc07182b4c','4840489a-a6f5-48ca-b029-fbf3910d07dd','[{"fid":"2edd8ac4-4ad9-4320-88ca-8c88c234633b","values":{"name":"München","amount":"1.125"},"geometry":"SRID=4326;POINT Z(1 2 NaN)"}]'::jsonb,true)
2026-10-03 12:44:17.596 PDT [466764] ERROR:  parse error - invalid geometry
2026-10-03 12:44:17.596 PDT [466764] HINT:  "SRID=4326;POINT M(1 2 In" <-- parse error at position 24 within geometry
2026-10-03 12:44:17.596 PDT [466764] CONTEXT:  SQL statement "INSERT INTO managed.d_a7bea0f7b37c42a0bce882d199f7e6f6 (dataset_id,version_group_id,version_id,fid,object_id,feature_revision,name,amount,geom) VALUES ('a7bea0f7-b37c-42a0-bce8-82d199f7e6f6'::uuid,'234c3a8b-f718-4823-a1c6-06699302bf00'::uuid,'6b0daf89-f572-476b-8384-4184bd095390'::uuid,'ee49f7d4-e38e-4bdc-b8fb-deed36f0c1d8'::uuid,'1'::bigint,gen_random_uuid(),'München'::text,'1.125'::numeric,public.ST_GeomFromEWKT('SRID=4326;POINT M(1 2 Infinity)')) ON CONFLICT(version_id,fid) DO UPDATE SET feature_revision=EXCLUDED.feature_revision,name=EXCLUDED.name,amount=EXCLUDED.amount,geom=EXCLUDED.geom"
	PL/pgSQL function raw_apply_rows(uuid,uuid,uuid,jsonb,boolean) line 89 at EXECUTE
	PL/pgSQL function apply_group(uuid,uuid,jsonb) line 68 at assignment
	PL/pgSQL function apply_rows(uuid,uuid,uuid,jsonb,boolean) line 9 at RETURN
2026-10-03 12:44:17.596 PDT [466764] STATEMENT:  SELECT managed.apply_rows('a7bea0f7-b37c-42a0-bce8-82d199f7e6f6','6b0daf89-f572-476b-8384-4184bd095390','5f56d312-3689-41f2-b1d8-a5e471c785ac','[{"fid":"ee49f7d4-e38e-4bdc-b8fb-deed36f0c1d8","values":{"name":"München","amount":"1.125"},"geometry":"SRID=4326;POINT M(1 2 Infinity)"}]'::jsonb,true)
2026-10-03 12:44:17.681 PDT [466764] ERROR:  new row for relation "d_ba7bd66c0d294f50ab8a9e19809a6460" violates check constraint "d_ba7bd66c0d294f50ab8a9e19809a6460_geom_check"
2026-10-03 12:44:17.681 PDT [466764] DETAIL:  Failing row contains (ba7bd66c-0d29-4f50-ab8a-9e19809a6460, d7eed8fa-9ea1-4583-8db8-7d30c6b04cef, 19f9bd4d-6699-4009-9096-2cf8d0d263d5, 72b7ce21-fa14-4e78-8f07-b8a16e96e312, 1, 20b06e59-6f0a-456c-bea4-1d4c35ce5dc8, München, 1.125, 01010000E0E6100000000000000000F03F000000000000004000000000000008...).
2026-10-03 12:44:17.681 PDT [466764] CONTEXT:  SQL statement "INSERT INTO managed.d_ba7bd66c0d294f50ab8a9e19809a6460 (dataset_id,version_group_id,version_id,fid,object_id,feature_revision,name,amount,geom) VALUES ('ba7bd66c-0d29-4f50-ab8a-9e19809a6460'::uuid,'d7eed8fa-9ea1-4583-8db8-7d30c6b04cef'::uuid,'19f9bd4d-6699-4009-9096-2cf8d0d263d5'::uuid,'72b7ce21-fa14-4e78-8f07-b8a16e96e312'::uuid,'1'::bigint,gen_random_uuid(),'München'::text,'1.125'::numeric,public.ST_GeomFromEWKT('SRID=4326;POINT ZM(1 2 3 NaN)')) ON CONFLICT(version_id,fid) DO UPDATE SET feature_revision=EXCLUDED.feature_revision,name=EXCLUDED.name,amount=EXCLUDED.amount,geom=EXCLUDED.geom"
	PL/pgSQL function raw_apply_rows(uuid,uuid,uuid,jsonb,boolean) line 89 at EXECUTE
	PL/pgSQL function apply_group(uuid,uuid,jsonb) line 68 at assignment
	PL/pgSQL function apply_rows(uuid,uuid,uuid,jsonb,boolean) line 9 at RETURN
2026-10-03 12:44:17.681 PDT [466764] STATEMENT:  SELECT managed.apply_rows('ba7bd66c-0d29-4f50-ab8a-9e19809a6460','19f9bd4d-6699-4009-9096-2cf8d0d263d5','fdd01200-9eb6-4206-930c-00b4979e2d71','[{"fid":"72b7ce21-fa14-4e78-8f07-b8a16e96e312","values":{"name":"München","amount":"1.125"},"geometry":"SRID=4326;POINT ZM(1 2 3 NaN)"}]'::jsonb,true)
2026-10-03 12:44:17.766 PDT [466764] ERROR:  new row for relation "d_fe2f492ccd2044b8ab523c0301811684" violates check constraint "d_fe2f492ccd2044b8ab523c0301811684_geom_check"
2026-10-03 12:44:17.766 PDT [466764] DETAIL:  Failing row contains (fe2f492c-cd20-44b8-ab52-3c0301811684, 3432b32e-86a9-4c97-87a5-6215cde6a422, dd8fb96d-0349-446d-97da-d29eb573c90b, 42b401d0-7e9b-4bf2-8caa-f42a7740ffff, 1, 8532e1eb-e598-4b86-af6a-fc9598b712c2, München, 1.125, 0103000020E61000000100000005000000000000000000000000000000000000...).
2026-10-03 12:44:17.766 PDT [466764] CONTEXT:  SQL statement "INSERT INTO managed.d_fe2f492ccd2044b8ab523c0301811684 (dataset_id,version_group_id,version_id,fid,object_id,feature_revision,name,amount,geom) VALUES ('fe2f492c-cd20-44b8-ab52-3c0301811684'::uuid,'3432b32e-86a9-4c97-87a5-6215cde6a422'::uuid,'dd8fb96d-0349-446d-97da-d29eb573c90b'::uuid,'42b401d0-7e9b-4bf2-8caa-f42a7740ffff'::uuid,'1'::bigint,gen_random_uuid(),'München'::text,'1.125'::numeric,public.ST_GeomFromEWKT('SRID=4326;POLYGON((0 0,2 2,0 2,2 0,0 0))')) ON CONFLICT(version_id,fid) DO UPDATE SET feature_revision=EXCLUDED.feature_revision,name=EXCLUDED.name,amount=EXCLUDED.amount,geom=EXCLUDED.geom"
	PL/pgSQL function raw_apply_rows(uuid,uuid,uuid,jsonb,boolean) line 89 at EXECUTE
	PL/pgSQL function apply_group(uuid,uuid,jsonb) line 68 at assignment
	PL/pgSQL function apply_rows(uuid,uuid,uuid,jsonb,boolean) line 9 at RETURN
2026-10-03 12:44:17.766 PDT [466764] STATEMENT:  SELECT managed.apply_rows('fe2f492c-cd20-44b8-ab52-3c0301811684','dd8fb96d-0349-446d-97da-d29eb573c90b','d54e3ebc-58b2-4b8a-8183-168b72774676','[{"fid":"42b401d0-7e9b-4bf2-8caa-f42a7740ffff","values":{"name":"München","amount":"1.125"},"geometry":"SRID=4326;POLYGON((0 0,2 2,0 2,2 0,0 0))"}]'::jsonb,true)
2026-10-03 12:44:17.866 PDT [466765] ERROR:  new row for relation "d_b9a9636074da4db59d5c1f772e17b7c6" violates check constraint "d_b9a9636074da4db59d5c1f772e17b7c6_geom_check"
2026-10-03 12:44:17.866 PDT [466765] DETAIL:  Failing row contains (b9a96360-74da-4db5-9d5c-1f772e17b7c6, c34643d1-19f4-4d95-ad2a-5435aee709dd, 54abb836-ff31-49c0-a931-577bec6db79a, 753755a2-2ffe-4ff8-a143-769a4ee53129, 2, dfa926ce-f7d8-410d-ad1c-918071487316, München, 1.125, 0101000000000000000000F03F0000000000000040).
2026-10-03 12:44:17.866 PDT [466765] CONTEXT:  SQL statement "INSERT INTO managed.d_b9a9636074da4db59d5c1f772e17b7c6 (dataset_id,version_group_id,version_id,fid,object_id,feature_revision,name,amount,geom) VALUES ('b9a96360-74da-4db5-9d5c-1f772e17b7c6'::uuid,'c34643d1-19f4-4d95-ad2a-5435aee709dd'::uuid,'54abb836-ff31-49c0-a931-577bec6db79a'::uuid,'753755a2-2ffe-4ff8-a143-769a4ee53129'::uuid,'2'::bigint,gen_random_uuid(),'München'::text,'1.125'::numeric,public.ST_GeomFromEWKT('SRID=0;POINT (1 2)')) ON CONFLICT(version_id,fid) DO UPDATE SET feature_revision=EXCLUDED.feature_revision,name=EXCLUDED.name,amount=EXCLUDED.amount,geom=EXCLUDED.geom"
	PL/pgSQL function raw_apply_rows(uuid,uuid,uuid,jsonb,boolean) line 89 at EXECUTE
	PL/pgSQL function apply_group(uuid,uuid,jsonb) line 68 at assignment
	PL/pgSQL function apply_rows(uuid,uuid,uuid,jsonb,boolean) line 9 at RETURN
2026-10-03 12:44:17.866 PDT [466765] STATEMENT:  SELECT managed.apply_rows('b9a96360-74da-4db5-9d5c-1f772e17b7c6','54abb836-ff31-49c0-a931-577bec6db79a','1e56a467-58f5-4691-adc5-21702a45d89b','[{"fid":"753755a2-2ffe-4ff8-a143-769a4ee53129","values":{"name":"München","amount":"1.125"},"geometry":"SRID=0;POINT (1 2)"}]'::jsonb,true)
2026-10-03 12:44:17.867 PDT [466765] ERROR:  new row for relation "d_b9a9636074da4db59d5c1f772e17b7c6" violates check constraint "d_b9a9636074da4db59d5c1f772e17b7c6_geom_check"
2026-10-03 12:44:17.867 PDT [466765] DETAIL:  Failing row contains (b9a96360-74da-4db5-9d5c-1f772e17b7c6, c34643d1-19f4-4d95-ad2a-5435aee709dd, 54abb836-ff31-49c0-a931-577bec6db79a, 704ae12b-d8ff-4373-9f46-d1f5ee54d703, 3, 00482425-37df-4dac-8592-0c6112b95f1e, München, 1.125, 0101000020B6080000000000000000F03F0000000000000040).
2026-10-03 12:44:17.867 PDT [466765] CONTEXT:  SQL statement "INSERT INTO managed.d_b9a9636074da4db59d5c1f772e17b7c6 (dataset_id,version_group_id,version_id,fid,object_id,feature_revision,name,amount,geom) VALUES ('b9a96360-74da-4db5-9d5c-1f772e17b7c6'::uuid,'c34643d1-19f4-4d95-ad2a-5435aee709dd'::uuid,'54abb836-ff31-49c0-a931-577bec6db79a'::uuid,'704ae12b-d8ff-4373-9f46-d1f5ee54d703'::uuid,'3'::bigint,gen_random_uuid(),'München'::text,'1.125'::numeric,public.ST_GeomFromEWKT('SRID=2230;POINT (1 2)')) ON CONFLICT(version_id,fid) DO UPDATE SET feature_revision=EXCLUDED.feature_revision,name=EXCLUDED.name,amount=EXCLUDED.amount,geom=EXCLUDED.geom"
	PL/pgSQL function raw_apply_rows(uuid,uuid,uuid,jsonb,boolean) line 89 at EXECUTE
	PL/pgSQL function apply_group(uuid,uuid,jsonb) line 68 at assignment
	PL/pgSQL function apply_rows(uuid,uuid,uuid,jsonb,boolean) line 9 at RETURN
2026-10-03 12:44:17.867 PDT [466765] STATEMENT:  SELECT managed.apply_rows('b9a96360-74da-4db5-9d5c-1f772e17b7c6','54abb836-ff31-49c0-a931-577bec6db79a','1e56a467-58f5-4691-adc5-21702a45d89b','[{"fid":"704ae12b-d8ff-4373-9f46-d1f5ee54d703","values":{"name":"München","amount":"1.125"},"geometry":"SRID=2230;POINT (1 2)"}]'::jsonb,true)
2026-10-03 12:44:17.869 PDT [466765] ERROR:  new row for relation "d_b9a9636074da4db59d5c1f772e17b7c6" violates check constraint "d_b9a9636074da4db59d5c1f772e17b7c6_geom_check"
2026-10-03 12:44:17.869 PDT [466765] DETAIL:  Failing row contains (b9a96360-74da-4db5-9d5c-1f772e17b7c6, c34643d1-19f4-4d95-ad2a-5435aee709dd, 54abb836-ff31-49c0-a931-577bec6db79a, 052cd396-d75b-40f5-8191-c9999e4ad12a, 4, 3a2fd302-c5f4-4647-8476-26b34457a7c5, München, 1.125, 01010000A0E6100000000000000000F03F000000000000004000000000000008...).
2026-10-03 12:44:17.869 PDT [466765] CONTEXT:  SQL statement "INSERT INTO managed.d_b9a9636074da4db59d5c1f772e17b7c6 (dataset_id,version_group_id,version_id,fid,object_id,feature_revision,name,amount,geom) VALUES ('b9a96360-74da-4db5-9d5c-1f772e17b7c6'::uuid,'c34643d1-19f4-4d95-ad2a-5435aee709dd'::uuid,'54abb836-ff31-49c0-a931-577bec6db79a'::uuid,'052cd396-d75b-40f5-8191-c9999e4ad12a'::uuid,'4'::bigint,gen_random_uuid(),'München'::text,'1.125'::numeric,public.ST_GeomFromEWKT('SRID=4326;POINT Z(1 2 3)')) ON CONFLICT(version_id,fid) DO UPDATE SET feature_revision=EXCLUDED.feature_revision,name=EXCLUDED.name,amount=EXCLUDED.amount,geom=EXCLUDED.geom"
	PL/pgSQL function raw_apply_rows(uuid,uuid,uuid,jsonb,boolean) line 89 at EXECUTE
	PL/pgSQL function apply_group(uuid,uuid,jsonb) line 68 at assignment
	PL/pgSQL function apply_rows(uuid,uuid,uuid,jsonb,boolean) line 9 at RETURN
2026-10-03 12:44:17.869 PDT [466765] STATEMENT:  SELECT managed.apply_rows('b9a96360-74da-4db5-9d5c-1f772e17b7c6','54abb836-ff31-49c0-a931-577bec6db79a','1e56a467-58f5-4691-adc5-21702a45d89b','[{"fid":"052cd396-d75b-40f5-8191-c9999e4ad12a","values":{"name":"München","amount":"1.125"},"geometry":"SRID=4326;POINT Z(1 2 3)"}]'::jsonb,true)
2026-10-03 12:44:17.871 PDT [466765] ERROR:  new row for relation "d_b9a9636074da4db59d5c1f772e17b7c6" violates check constraint "d_b9a9636074da4db59d5c1f772e17b7c6_geom_check"
2026-10-03 12:44:17.871 PDT [466765] DETAIL:  Failing row contains (b9a96360-74da-4db5-9d5c-1f772e17b7c6, c34643d1-19f4-4d95-ad2a-5435aee709dd, 54abb836-ff31-49c0-a931-577bec6db79a, 1f814150-2601-4450-a6a8-0e2e22518263, 5, eb07f242-5eb7-48f7-91b1-33058df439d0, München, 1.125, 0104000020E6100000010000000101000000000000000000F03F000000000000...).
2026-10-03 12:44:17.871 PDT [466765] CONTEXT:  SQL statement "INSERT INTO managed.d_b9a9636074da4db59d5c1f772e17b7c6 (dataset_id,version_group_id,version_id,fid,object_id,feature_revision,name,amount,geom) VALUES ('b9a96360-74da-4db5-9d5c-1f772e17b7c6'::uuid,'c34643d1-19f4-4d95-ad2a-5435aee709dd'::uuid,'54abb836-ff31-49c0-a931-577bec6db79a'::uuid,'1f814150-2601-4450-a6a8-0e2e22518263'::uuid,'5'::bigint,gen_random_uuid(),'München'::text,'1.125'::numeric,public.ST_GeomFromEWKT('SRID=4326;MULTIPOINT ((1 2))')) ON CONFLICT(version_id,fid) DO UPDATE SET feature_revision=EXCLUDED.feature_revision,name=EXCLUDED.name,amount=EXCLUDED.amount,geom=EXCLUDED.geom"
	PL/pgSQL function raw_apply_rows(uuid,uuid,uuid,jsonb,boolean) line 89 at EXECUTE
	PL/pgSQL function apply_group(uuid,uuid,jsonb) line 68 at assignment
	PL/pgSQL function apply_rows(uuid,uuid,uuid,jsonb,boolean) line 9 at RETURN
2026-10-03 12:44:17.871 PDT [466765] STATEMENT:  SELECT managed.apply_rows('b9a96360-74da-4db5-9d5c-1f772e17b7c6','54abb836-ff31-49c0-a931-577bec6db79a','1e56a467-58f5-4691-adc5-21702a45d89b','[{"fid":"1f814150-2601-4450-a6a8-0e2e22518263","values":{"name":"München","amount":"1.125"},"geometry":"SRID=4326;MULTIPOINT ((1 2))"}]'::jsonb,true)
2026-10-03 12:44:17.965 PDT [466765] ERROR:  new row for relation "d_d5cd2bc0513047f9ab10e829a0559308" violates check constraint "d_d5cd2bc0513047f9ab10e829a0559308_geom_check"
2026-10-03 12:44:17.965 PDT [466765] DETAIL:  Failing row contains (d5cd2bc0-5130-47f9-ab10-e829a0559308, 24497dec-36e0-438e-8034-7ae140f0ae8e, def79e86-8cbf-47be-995c-52f81db778eb, fd30a502-8e4c-4fff-8d1d-662b509a613d, 2, 5442dc6f-c354-43ee-81f9-70af592f557f, München, 1.125, 0101000080000000000000F03F00000000000000400000000000000840).
2026-10-03 12:44:17.965 PDT [466765] CONTEXT:  SQL statement "INSERT INTO managed.d_d5cd2bc0513047f9ab10e829a0559308 (dataset_id,version_group_id,version_id,fid,object_id,feature_revision,name,amount,geom) VALUES ('d5cd2bc0-5130-47f9-ab10-e829a0559308'::uuid,'24497dec-36e0-438e-8034-7ae140f0ae8e'::uuid,'def79e86-8cbf-47be-995c-52f81db778eb'::uuid,'fd30a502-8e4c-4fff-8d1d-662b509a613d'::uuid,'2'::bigint,gen_random_uuid(),'München'::text,'1.125'::numeric,public.ST_GeomFromEWKT('SRID=0;POINT Z(1 2 3)')) ON CONFLICT(version_id,fid) DO UPDATE SET feature_revision=EXCLUDED.feature_revision,name=EXCLUDED.name,amount=EXCLUDED.amount,geom=EXCLUDED.geom"
	PL/pgSQL function raw_apply_rows(uuid,uuid,uuid,jsonb,boolean) line 89 at EXECUTE
	PL/pgSQL function apply_group(uuid,uuid,jsonb) line 68 at assignment
	PL/pgSQL function apply_rows(uuid,uuid,uuid,jsonb,boolean) line 9 at RETURN
2026-10-03 12:44:17.965 PDT [466765] STATEMENT:  SELECT managed.apply_rows('d5cd2bc0-5130-47f9-ab10-e829a0559308','def79e86-8cbf-47be-995c-52f81db778eb','e26adc66-a644-4c02-b1b3-19db47a91ac5','[{"fid":"fd30a502-8e4c-4fff-8d1d-662b509a613d","values":{"name":"München","amount":"1.125"},"geometry":"SRID=0;POINT Z(1 2 3)"}]'::jsonb,true)
2026-10-03 12:44:17.966 PDT [466765] ERROR:  new row for relation "d_d5cd2bc0513047f9ab10e829a0559308" violates check constraint "d_d5cd2bc0513047f9ab10e829a0559308_geom_check"
2026-10-03 12:44:17.966 PDT [466765] DETAIL:  Failing row contains (d5cd2bc0-5130-47f9-ab10-e829a0559308, 24497dec-36e0-438e-8034-7ae140f0ae8e, def79e86-8cbf-47be-995c-52f81db778eb, c81b1231-29c7-4a08-a791-ccf9c2a3811c, 3, 649a4efd-2460-43c0-bc29-ccd08c21f496, München, 1.125, 01010000A0B6080000000000000000F03F000000000000004000000000000008...).
2026-10-03 12:44:17.966 PDT [466765] CONTEXT:  SQL statement "INSERT INTO managed.d_d5cd2bc0513047f9ab10e829a0559308 (dataset_id,version_group_id,version_id,fid,object_id,feature_revision,name,amount,geom) VALUES ('d5cd2bc0-5130-47f9-ab10-e829a0559308'::uuid,'24497dec-36e0-438e-8034-7ae140f0ae8e'::uuid,'def79e86-8cbf-47be-995c-52f81db778eb'::uuid,'c81b1231-29c7-4a08-a791-ccf9c2a3811c'::uuid,'3'::bigint,gen_random_uuid(),'München'::text,'1.125'::numeric,public.ST_GeomFromEWKT('SRID=2230;POINT Z(1 2 3)')) ON CONFLICT(version_id,fid) DO UPDATE SET feature_revision=EXCLUDED.feature_revision,name=EXCLUDED.name,amount=EXCLUDED.amount,geom=EXCLUDED.geom"
	PL/pgSQL function raw_apply_rows(uuid,uuid,uuid,jsonb,boolean) line 89 at EXECUTE
	PL/pgSQL function apply_group(uuid,uuid,jsonb) line 68 at assignment
	PL/pgSQL function apply_rows(uuid,uuid,uuid,jsonb,boolean) line 9 at RETURN
2026-10-03 12:44:17.966 PDT [466765] STATEMENT:  SELECT managed.apply_rows('d5cd2bc0-5130-47f9-ab10-e829a0559308','def79e86-8cbf-47be-995c-52f81db778eb','e26adc66-a644-4c02-b1b3-19db47a91ac5','[{"fid":"c81b1231-29c7-4a08-a791-ccf9c2a3811c","values":{"name":"München","amount":"1.125"},"geometry":"SRID=2230;POINT Z(1 2 3)"}]'::jsonb,true)
2026-10-03 12:44:17.967 PDT [466765] ERROR:  new row for relation "d_d5cd2bc0513047f9ab10e829a0559308" violates check constraint "d_d5cd2bc0513047f9ab10e829a0559308_geom_check"
2026-10-03 12:44:17.967 PDT [466765] DETAIL:  Failing row contains (d5cd2bc0-5130-47f9-ab10-e829a0559308, 24497dec-36e0-438e-8034-7ae140f0ae8e, def79e86-8cbf-47be-995c-52f81db778eb, 3ed1f760-0cc7-40f4-9966-48b6e78f237d, 4, 07c82db7-3427-44f0-bd7d-321206e1f384, München, 1.125, 0101000020E6100000000000000000F03F0000000000000040).
2026-10-03 12:44:17.967 PDT [466765] CONTEXT:  SQL statement "INSERT INTO managed.d_d5cd2bc0513047f9ab10e829a0559308 (dataset_id,version_group_id,version_id,fid,object_id,feature_revision,name,amount,geom) VALUES ('d5cd2bc0-5130-47f9-ab10-e829a0559308'::uuid,'24497dec-36e0-438e-8034-7ae140f0ae8e'::uuid,'def79e86-8cbf-47be-995c-52f81db778eb'::uuid,'3ed1f760-0cc7-40f4-9966-48b6e78f237d'::uuid,'4'::bigint,gen_random_uuid(),'München'::text,'1.125'::numeric,public.ST_GeomFromEWKT('SRID=4326;POINT (1 2)')) ON CONFLICT(version_id,fid) DO UPDATE SET feature_revision=EXCLUDED.feature_revision,name=EXCLUDED.name,amount=EXCLUDED.amount,geom=EXCLUDED.geom"
	PL/pgSQL function raw_apply_rows(uuid,uuid,uuid,jsonb,boolean) line 89 at EXECUTE
	PL/pgSQL function apply_group(uuid,uuid,jsonb) line 68 at assignment
	PL/pgSQL function apply_rows(uuid,uuid,uuid,jsonb,boolean) line 9 at RETURN
2026-10-03 12:44:17.967 PDT [466765] STATEMENT:  SELECT managed.apply_rows('d5cd2bc0-5130-47f9-ab10-e829a0559308','def79e86-8cbf-47be-995c-52f81db778eb','e26adc66-a644-4c02-b1b3-19db47a91ac5','[{"fid":"3ed1f760-0cc7-40f4-9966-48b6e78f237d","values":{"name":"München","amount":"1.125"},"geometry":"SRID=4326;POINT (1 2)"}]'::jsonb,true)
2026-10-03 12:44:17.968 PDT [466765] ERROR:  new row for relation "d_d5cd2bc0513047f9ab10e829a0559308" violates check constraint "d_d5cd2bc0513047f9ab10e829a0559308_geom_check"
2026-10-03 12:44:17.968 PDT [466765] DETAIL:  Failing row contains (d5cd2bc0-5130-47f9-ab10-e829a0559308, 24497dec-36e0-438e-8034-7ae140f0ae8e, def79e86-8cbf-47be-995c-52f81db778eb, e49c7c07-628b-4a8b-9020-bfff3f7c7818, 5, 8adba7e2-32da-4fe8-b394-a6d5cec330b4, München, 1.125, 01040000A0E6100000010000000101000080000000000000F03F000000000000...).
2026-10-03 12:44:17.968 PDT [466765] CONTEXT:  SQL statement "INSERT INTO managed.d_d5cd2bc0513047f9ab10e829a0559308 (dataset_id,version_group_id,version_id,fid,object_id,feature_revision,name,amount,geom) VALUES ('d5cd2bc0-5130-47f9-ab10-e829a0559308'::uuid,'24497dec-36e0-438e-8034-7ae140f0ae8e'::uuid,'def79e86-8cbf-47be-995c-52f81db778eb'::uuid,'e49c7c07-628b-4a8b-9020-bfff3f7c7818'::uuid,'5'::bigint,gen_random_uuid(),'München'::text,'1.125'::numeric,public.ST_GeomFromEWKT('SRID=4326;MULTIPOINT Z((1 2 3))')) ON CONFLICT(version_id,fid) DO UPDATE SET feature_revision=EXCLUDED.feature_revision,name=EXCLUDED.name,amount=EXCLUDED.amount,geom=EXCLUDED.geom"
	PL/pgSQL function raw_apply_rows(uuid,uuid,uuid,jsonb,boolean) line 89 at EXECUTE
	PL/pgSQL function apply_group(uuid,uuid,jsonb) line 68 at assignment
	PL/pgSQL function apply_rows(uuid,uuid,uuid,jsonb,boolean) line 9 at RETURN
2026-10-03 12:44:17.968 PDT [466765] STATEMENT:  SELECT managed.apply_rows('d5cd2bc0-5130-47f9-ab10-e829a0559308','def79e86-8cbf-47be-995c-52f81db778eb','e26adc66-a644-4c02-b1b3-19db47a91ac5','[{"fid":"e49c7c07-628b-4a8b-9020-bfff3f7c7818","values":{"name":"München","amount":"1.125"},"geometry":"SRID=4326;MULTIPOINT Z((1 2 3))"}]'::jsonb,true)
2026-10-03 12:44:18.060 PDT [466765] ERROR:  new row for relation "d_4c3d92369184457bb80a7b71036fe9d4" violates check constraint "d_4c3d92369184457bb80a7b71036fe9d4_geom_check"
2026-10-03 12:44:18.060 PDT [466765] DETAIL:  Failing row contains (4c3d9236-9184-457b-b80a-7b71036fe9d4, a052c4e8-72dc-444f-81c3-808ec8d61db7, 121abe9c-6982-4ad9-b4d5-83c59e9d2ee1, 5b87b259-fb9c-4be9-b9d5-3a468ae28980, 2, 5f7347ab-d15f-4fb2-b25d-f3f2faefc7a0, München, 1.125, 0101000040000000000000F03F00000000000000400000000000001040).
2026-10-03 12:44:18.060 PDT [466765] CONTEXT:  SQL statement "INSERT INTO managed.d_4c3d92369184457bb80a7b71036fe9d4 (dataset_id,version_group_id,version_id,fid,object_id,feature_revision,name,amount,geom) VALUES ('4c3d9236-9184-457b-b80a-7b71036fe9d4'::uuid,'a052c4e8-72dc-444f-81c3-808ec8d61db7'::uuid,'121abe9c-6982-4ad9-b4d5-83c59e9d2ee1'::uuid,'5b87b259-fb9c-4be9-b9d5-3a468ae28980'::uuid,'2'::bigint,gen_random_uuid(),'München'::text,'1.125'::numeric,public.ST_GeomFromEWKT('SRID=0;POINT M(1 2 4)')) ON CONFLICT(version_id,fid) DO UPDATE SET feature_revision=EXCLUDED.feature_revision,name=EXCLUDED.name,amount=EXCLUDED.amount,geom=EXCLUDED.geom"
	PL/pgSQL function raw_apply_rows(uuid,uuid,uuid,jsonb,boolean) line 89 at EXECUTE
	PL/pgSQL function apply_group(uuid,uuid,jsonb) line 68 at assignment
	PL/pgSQL function apply_rows(uuid,uuid,uuid,jsonb,boolean) line 9 at RETURN
2026-10-03 12:44:18.060 PDT [466765] STATEMENT:  SELECT managed.apply_rows('4c3d9236-9184-457b-b80a-7b71036fe9d4','121abe9c-6982-4ad9-b4d5-83c59e9d2ee1','ea045918-c0a9-478c-b0d4-08e736f478fc','[{"fid":"5b87b259-fb9c-4be9-b9d5-3a468ae28980","values":{"name":"München","amount":"1.125"},"geometry":"SRID=0;POINT M(1 2 4)"}]'::jsonb,true)
2026-10-03 12:44:18.061 PDT [466765] ERROR:  new row for relation "d_4c3d92369184457bb80a7b71036fe9d4" violates check constraint "d_4c3d92369184457bb80a7b71036fe9d4_geom_check"
2026-10-03 12:44:18.061 PDT [466765] DETAIL:  Failing row contains (4c3d9236-9184-457b-b80a-7b71036fe9d4, a052c4e8-72dc-444f-81c3-808ec8d61db7, 121abe9c-6982-4ad9-b4d5-83c59e9d2ee1, 3d4e9568-adba-40ed-a7aa-e394b16e5dac, 3, e7777008-28f3-4f59-9634-9442d20f9c91, München, 1.125, 0101000060B6080000000000000000F03F000000000000004000000000000010...).
2026-10-03 12:44:18.061 PDT [466765] CONTEXT:  SQL statement "INSERT INTO managed.d_4c3d92369184457bb80a7b71036fe9d4 (dataset_id,version_group_id,version_id,fid,object_id,feature_revision,name,amount,geom) VALUES ('4c3d9236-9184-457b-b80a-7b71036fe9d4'::uuid,'a052c4e8-72dc-444f-81c3-808ec8d61db7'::uuid,'121abe9c-6982-4ad9-b4d5-83c59e9d2ee1'::uuid,'3d4e9568-adba-40ed-a7aa-e394b16e5dac'::uuid,'3'::bigint,gen_random_uuid(),'München'::text,'1.125'::numeric,public.ST_GeomFromEWKT('SRID=2230;POINT M(1 2 4)')) ON CONFLICT(version_id,fid) DO UPDATE SET feature_revision=EXCLUDED.feature_revision,name=EXCLUDED.name,amount=EXCLUDED.amount,geom=EXCLUDED.geom"
	PL/pgSQL function raw_apply_rows(uuid,uuid,uuid,jsonb,boolean) line 89 at EXECUTE
	PL/pgSQL function apply_group(uuid,uuid,jsonb) line 68 at assignment
	PL/pgSQL function apply_rows(uuid,uuid,uuid,jsonb,boolean) line 9 at RETURN
2026-10-03 12:44:18.061 PDT [466765] STATEMENT:  SELECT managed.apply_rows('4c3d9236-9184-457b-b80a-7b71036fe9d4','121abe9c-6982-4ad9-b4d5-83c59e9d2ee1','ea045918-c0a9-478c-b0d4-08e736f478fc','[{"fid":"3d4e9568-adba-40ed-a7aa-e394b16e5dac","values":{"name":"München","amount":"1.125"},"geometry":"SRID=2230;POINT M(1 2 4)"}]'::jsonb,true)
2026-10-03 12:44:18.062 PDT [466765] ERROR:  new row for relation "d_4c3d92369184457bb80a7b71036fe9d4" violates check constraint "d_4c3d92369184457bb80a7b71036fe9d4_geom_check"
2026-10-03 12:44:18.062 PDT [466765] DETAIL:  Failing row contains (4c3d9236-9184-457b-b80a-7b71036fe9d4, a052c4e8-72dc-444f-81c3-808ec8d61db7, 121abe9c-6982-4ad9-b4d5-83c59e9d2ee1, 9e342dd8-890e-4af0-b9eb-9535bfb94c95, 4, f5cdc386-5bee-4556-a400-b135732dda94, München, 1.125, 0101000020E6100000000000000000F03F0000000000000040).
2026-10-03 12:44:18.062 PDT [466765] CONTEXT:  SQL statement "INSERT INTO managed.d_4c3d92369184457bb80a7b71036fe9d4 (dataset_id,version_group_id,version_id,fid,object_id,feature_revision,name,amount,geom) VALUES ('4c3d9236-9184-457b-b80a-7b71036fe9d4'::uuid,'a052c4e8-72dc-444f-81c3-808ec8d61db7'::uuid,'121abe9c-6982-4ad9-b4d5-83c59e9d2ee1'::uuid,'9e342dd8-890e-4af0-b9eb-9535bfb94c95'::uuid,'4'::bigint,gen_random_uuid(),'München'::text,'1.125'::numeric,public.ST_GeomFromEWKT('SRID=4326;POINT (1 2)')) ON CONFLICT(version_id,fid) DO UPDATE SET feature_revision=EXCLUDED.feature_revision,name=EXCLUDED.name,amount=EXCLUDED.amount,geom=EXCLUDED.geom"
	PL/pgSQL function raw_apply_rows(uuid,uuid,uuid,jsonb,boolean) line 89 at EXECUTE
	PL/pgSQL function apply_group(uuid,uuid,jsonb) line 68 at assignment
	PL/pgSQL function apply_rows(uuid,uuid,uuid,jsonb,boolean) line 9 at RETURN
2026-10-03 12:44:18.062 PDT [466765] STATEMENT:  SELECT managed.apply_rows('4c3d9236-9184-457b-b80a-7b71036fe9d4','121abe9c-6982-4ad9-b4d5-83c59e9d2ee1','ea045918-c0a9-478c-b0d4-08e736f478fc','[{"fid":"9e342dd8-890e-4af0-b9eb-9535bfb94c95","values":{"name":"München","amount":"1.125"},"geometry":"SRID=4326;POINT (1 2)"}]'::jsonb,true)
2026-10-03 12:44:18.063 PDT [466765] ERROR:  new row for relation "d_4c3d92369184457bb80a7b71036fe9d4" violates check constraint "d_4c3d92369184457bb80a7b71036fe9d4_geom_check"
2026-10-03 12:44:18.063 PDT [466765] DETAIL:  Failing row contains (4c3d9236-9184-457b-b80a-7b71036fe9d4, a052c4e8-72dc-444f-81c3-808ec8d61db7, 121abe9c-6982-4ad9-b4d5-83c59e9d2ee1, cb59205a-22bb-4214-83b6-e1eb51d212d9, 5, a34ce979-33c3-436e-8119-361dce9ac759, München, 1.125, 0104000060E6100000010000000101000040000000000000F03F000000000000...).
2026-10-03 12:44:18.063 PDT [466765] CONTEXT:  SQL statement "INSERT INTO managed.d_4c3d92369184457bb80a7b71036fe9d4 (dataset_id,version_group_id,version_id,fid,object_id,feature_revision,name,amount,geom) VALUES ('4c3d9236-9184-457b-b80a-7b71036fe9d4'::uuid,'a052c4e8-72dc-444f-81c3-808ec8d61db7'::uuid,'121abe9c-6982-4ad9-b4d5-83c59e9d2ee1'::uuid,'cb59205a-22bb-4214-83b6-e1eb51d212d9'::uuid,'5'::bigint,gen_random_uuid(),'München'::text,'1.125'::numeric,public.ST_GeomFromEWKT('SRID=4326;MULTIPOINT M((1 2 4))')) ON CONFLICT(version_id,fid) DO UPDATE SET feature_revision=EXCLUDED.feature_revision,name=EXCLUDED.name,amount=EXCLUDED.amount,geom=EXCLUDED.geom"
	PL/pgSQL function raw_apply_rows(uuid,uuid,uuid,jsonb,boolean) line 89 at EXECUTE
	PL/pgSQL function apply_group(uuid,uuid,jsonb) line 68 at assignment
	PL/pgSQL function apply_rows(uuid,uuid,uuid,jsonb,boolean) line 9 at RETURN
2026-10-03 12:44:18.063 PDT [466765] STATEMENT:  SELECT managed.apply_rows('4c3d9236-9184-457b-b80a-7b71036fe9d4','121abe9c-6982-4ad9-b4d5-83c59e9d2ee1','ea045918-c0a9-478c-b0d4-08e736f478fc','[{"fid":"cb59205a-22bb-4214-83b6-e1eb51d212d9","values":{"name":"München","amount":"1.125"},"geometry":"SRID=4326;MULTIPOINT M((1 2 4))"}]'::jsonb,true)
2026-10-03 12:44:18.160 PDT [466765] ERROR:  new row for relation "d_90c4c8aa68544fe0a50a32fa1a2aa734" violates check constraint "d_90c4c8aa68544fe0a50a32fa1a2aa734_geom_check"
2026-10-03 12:44:18.160 PDT [466765] DETAIL:  Failing row contains (90c4c8aa-6854-4fe0-a50a-32fa1a2aa734, d184e251-2d2d-43ef-a38a-034ade62d5f5, 193f4c55-2510-4abb-8e24-64244d38bb7d, 1e2e7374-1b94-4bf6-80a8-f1cfa9d62fdb, 2, 279f8be4-9d88-43ac-9f08-e6499f39b619, München, 1.125, 01010000C0000000000000F03F00000000000000400000000000000840000000...).
2026-10-03 12:44:18.160 PDT [466765] CONTEXT:  SQL statement "INSERT INTO managed.d_90c4c8aa68544fe0a50a32fa1a2aa734 (dataset_id,version_group_id,version_id,fid,object_id,feature_revision,name,amount,geom) VALUES ('90c4c8aa-6854-4fe0-a50a-32fa1a2aa734'::uuid,'d184e251-2d2d-43ef-a38a-034ade62d5f5'::uuid,'193f4c55-2510-4abb-8e24-64244d38bb7d'::uuid,'1e2e7374-1b94-4bf6-80a8-f1cfa9d62fdb'::uuid,'2'::bigint,gen_random_uuid(),'München'::text,'1.125'::numeric,public.ST_GeomFromEWKT('SRID=0;POINT ZM(1 2 3 4)')) ON CONFLICT(version_id,fid) DO UPDATE SET feature_revision=EXCLUDED.feature_revision,name=EXCLUDED.name,amount=EXCLUDED.amount,geom=EXCLUDED.geom"
	PL/pgSQL function raw_apply_rows(uuid,uuid,uuid,jsonb,boolean) line 89 at EXECUTE
	PL/pgSQL function apply_group(uuid,uuid,jsonb) line 68 at assignment
	PL/pgSQL function apply_rows(uuid,uuid,uuid,jsonb,boolean) line 9 at RETURN
2026-10-03 12:44:18.160 PDT [466765] STATEMENT:  SELECT managed.apply_rows('90c4c8aa-6854-4fe0-a50a-32fa1a2aa734','193f4c55-2510-4abb-8e24-64244d38bb7d','4892dd78-12fb-4779-84d1-f8bfb8fe1d1d','[{"fid":"1e2e7374-1b94-4bf6-80a8-f1cfa9d62fdb","values":{"name":"München","amount":"1.125"},"geometry":"SRID=0;POINT ZM(1 2 3 4)"}]'::jsonb,true)
2026-10-03 12:44:18.161 PDT [466765] ERROR:  new row for relation "d_90c4c8aa68544fe0a50a32fa1a2aa734" violates check constraint "d_90c4c8aa68544fe0a50a32fa1a2aa734_geom_check"
2026-10-03 12:44:18.161 PDT [466765] DETAIL:  Failing row contains (90c4c8aa-6854-4fe0-a50a-32fa1a2aa734, d184e251-2d2d-43ef-a38a-034ade62d5f5, 193f4c55-2510-4abb-8e24-64244d38bb7d, 58c0aba5-067a-480f-9912-7c8cbe932675, 3, a9fbe631-545e-48f1-9b88-5c6035d77993, München, 1.125, 01010000E0B6080000000000000000F03F000000000000004000000000000008...).
2026-10-03 12:44:18.161 PDT [466765] CONTEXT:  SQL statement "INSERT INTO managed.d_90c4c8aa68544fe0a50a32fa1a2aa734 (dataset_id,version_group_id,version_id,fid,object_id,feature_revision,name,amount,geom) VALUES ('90c4c8aa-6854-4fe0-a50a-32fa1a2aa734'::uuid,'d184e251-2d2d-43ef-a38a-034ade62d5f5'::uuid,'193f4c55-2510-4abb-8e24-64244d38bb7d'::uuid,'58c0aba5-067a-480f-9912-7c8cbe932675'::uuid,'3'::bigint,gen_random_uuid(),'München'::text,'1.125'::numeric,public.ST_GeomFromEWKT('SRID=2230;POINT ZM(1 2 3 4)')) ON CONFLICT(version_id,fid) DO UPDATE SET feature_revision=EXCLUDED.feature_revision,name=EXCLUDED.name,amount=EXCLUDED.amount,geom=EXCLUDED.geom"
	PL/pgSQL function raw_apply_rows(uuid,uuid,uuid,jsonb,boolean) line 89 at EXECUTE
	PL/pgSQL function apply_group(uuid,uuid,jsonb) line 68 at assignment
	PL/pgSQL function apply_rows(uuid,uuid,uuid,jsonb,boolean) line 9 at RETURN
2026-10-03 12:44:18.161 PDT [466765] STATEMENT:  SELECT managed.apply_rows('90c4c8aa-6854-4fe0-a50a-32fa1a2aa734','193f4c55-2510-4abb-8e24-64244d38bb7d','4892dd78-12fb-4779-84d1-f8bfb8fe1d1d','[{"fid":"58c0aba5-067a-480f-9912-7c8cbe932675","values":{"name":"München","amount":"1.125"},"geometry":"SRID=2230;POINT ZM(1 2 3 4)"}]'::jsonb,true)
2026-10-03 12:44:18.161 PDT [466765] ERROR:  new row for relation "d_90c4c8aa68544fe0a50a32fa1a2aa734" violates check constraint "d_90c4c8aa68544fe0a50a32fa1a2aa734_geom_check"
2026-10-03 12:44:18.161 PDT [466765] DETAIL:  Failing row contains (90c4c8aa-6854-4fe0-a50a-32fa1a2aa734, d184e251-2d2d-43ef-a38a-034ade62d5f5, 193f4c55-2510-4abb-8e24-64244d38bb7d, 8eee401c-1d30-489b-90f0-71ca65ba770d, 4, bb74b9ef-367f-4039-bdd2-13c764f8542a, München, 1.125, 0101000020E6100000000000000000F03F0000000000000040).
2026-10-03 12:44:18.161 PDT [466765] CONTEXT:  SQL statement "INSERT INTO managed.d_90c4c8aa68544fe0a50a32fa1a2aa734 (dataset_id,version_group_id,version_id,fid,object_id,feature_revision,name,amount,geom) VALUES ('90c4c8aa-6854-4fe0-a50a-32fa1a2aa734'::uuid,'d184e251-2d2d-43ef-a38a-034ade62d5f5'::uuid,'193f4c55-2510-4abb-8e24-64244d38bb7d'::uuid,'8eee401c-1d30-489b-90f0-71ca65ba770d'::uuid,'4'::bigint,gen_random_uuid(),'München'::text,'1.125'::numeric,public.ST_GeomFromEWKT('SRID=4326;POINT (1 2)')) ON CONFLICT(version_id,fid) DO UPDATE SET feature_revision=EXCLUDED.feature_revision,name=EXCLUDED.name,amount=EXCLUDED.amount,geom=EXCLUDED.geom"
	PL/pgSQL function raw_apply_rows(uuid,uuid,uuid,jsonb,boolean) line 89 at EXECUTE
	PL/pgSQL function apply_group(uuid,uuid,jsonb) line 68 at assignment
	PL/pgSQL function apply_rows(uuid,uuid,uuid,jsonb,boolean) line 9 at RETURN
2026-10-03 12:44:18.161 PDT [466765] STATEMENT:  SELECT managed.apply_rows('90c4c8aa-6854-4fe0-a50a-32fa1a2aa734','193f4c55-2510-4abb-8e24-64244d38bb7d','4892dd78-12fb-4779-84d1-f8bfb8fe1d1d','[{"fid":"8eee401c-1d30-489b-90f0-71ca65ba770d","values":{"name":"München","amount":"1.125"},"geometry":"SRID=4326;POINT (1 2)"}]'::jsonb,true)
2026-10-03 12:44:18.162 PDT [466765] ERROR:  new row for relation "d_90c4c8aa68544fe0a50a32fa1a2aa734" violates check constraint "d_90c4c8aa68544fe0a50a32fa1a2aa734_geom_check"
2026-10-03 12:44:18.162 PDT [466765] DETAIL:  Failing row contains (90c4c8aa-6854-4fe0-a50a-32fa1a2aa734, d184e251-2d2d-43ef-a38a-034ade62d5f5, 193f4c55-2510-4abb-8e24-64244d38bb7d, d89a95e1-9000-4183-bfeb-3bc10a8c29bb, 5, 5536e50a-eaaf-4a41-baae-e1900b76a0d7, München, 1.125, 01040000E0E61000000100000001010000C0000000000000F03F000000000000...).
2026-10-03 12:44:18.162 PDT [466765] CONTEXT:  SQL statement "INSERT INTO managed.d_90c4c8aa68544fe0a50a32fa1a2aa734 (dataset_id,version_group_id,version_id,fid,object_id,feature_revision,name,amount,geom) VALUES ('90c4c8aa-6854-4fe0-a50a-32fa1a2aa734'::uuid,'d184e251-2d2d-43ef-a38a-034ade62d5f5'::uuid,'193f4c55-2510-4abb-8e24-64244d38bb7d'::uuid,'d89a95e1-9000-4183-bfeb-3bc10a8c29bb'::uuid,'5'::bigint,gen_random_uuid(),'München'::text,'1.125'::numeric,public.ST_GeomFromEWKT('SRID=4326;MULTIPOINT ZM((1 2 3 4))')) ON CONFLICT(version_id,fid) DO UPDATE SET feature_revision=EXCLUDED.feature_revision,name=EXCLUDED.name,amount=EXCLUDED.amount,geom=EXCLUDED.geom"
	PL/pgSQL function raw_apply_rows(uuid,uuid,uuid,jsonb,boolean) line 89 at EXECUTE
	PL/pgSQL function apply_group(uuid,uuid,jsonb) line 68 at assignment
	PL/pgSQL function apply_rows(uuid,uuid,uuid,jsonb,boolean) line 9 at RETURN
2026-10-03 12:44:18.162 PDT [466765] STATEMENT:  SELECT managed.apply_rows('90c4c8aa-6854-4fe0-a50a-32fa1a2aa734','193f4c55-2510-4abb-8e24-64244d38bb7d','4892dd78-12fb-4779-84d1-f8bfb8fe1d1d','[{"fid":"d89a95e1-9000-4183-bfeb-3bc10a8c29bb","values":{"name":"München","amount":"1.125"},"geometry":"SRID=4326;MULTIPOINT ZM((1 2 3 4))"}]'::jsonb,true)
2026-10-03 12:44:18.255 PDT [466765] ERROR:  new row for relation "d_5eec53b270a043dba85ba821d0e90d6e" violates check constraint "d_5eec53b270a043dba85ba821d0e90d6e_geom_check"
2026-10-03 12:44:18.255 PDT [466765] DETAIL:  Failing row contains (5eec53b2-70a0-43db-a85b-a821d0e90d6e, 1b84502e-e74d-4e27-acdc-78b665a164d6, d4e61c7d-7282-4615-9c50-f396ae0327a2, 491b2187-4c08-4ead-8405-d94076e1a078, 2, efd49b0e-88f9-4442-b8ab-9c7af4ed9d44, München, 1.125, 0101000000000000000000F03F0000000000000040).
2026-10-03 12:44:18.255 PDT [466765] CONTEXT:  SQL statement "INSERT INTO managed.d_5eec53b270a043dba85ba821d0e90d6e (dataset_id,version_group_id,version_id,fid,object_id,feature_revision,name,amount,geom) VALUES ('5eec53b2-70a0-43db-a85b-a821d0e90d6e'::uuid,'1b84502e-e74d-4e27-acdc-78b665a164d6'::uuid,'d4e61c7d-7282-4615-9c50-f396ae0327a2'::uuid,'491b2187-4c08-4ead-8405-d94076e1a078'::uuid,'2'::bigint,gen_random_uuid(),'München'::text,'1.125'::numeric,public.ST_GeomFromEWKT('SRID=0;POINT (1 2)')) ON CONFLICT(version_id,fid) DO UPDATE SET feature_revision=EXCLUDED.feature_revision,name=EXCLUDED.name,amount=EXCLUDED.amount,geom=EXCLUDED.geom"
	PL/pgSQL function raw_apply_rows(uuid,uuid,uuid,jsonb,boolean) line 89 at EXECUTE
	PL/pgSQL function apply_group(uuid,uuid,jsonb) line 68 at assignment
	PL/pgSQL function apply_rows(uuid,uuid,uuid,jsonb,boolean) line 9 at RETURN
2026-10-03 12:44:18.255 PDT [466765] STATEMENT:  SELECT managed.apply_rows('5eec53b2-70a0-43db-a85b-a821d0e90d6e','d4e61c7d-7282-4615-9c50-f396ae0327a2','2e55b2e7-e8f6-45cb-8220-94405d9322fd','[{"fid":"491b2187-4c08-4ead-8405-d94076e1a078","values":{"name":"München","amount":"1.125"},"geometry":"SRID=0;POINT (1 2)"}]'::jsonb,true)
2026-10-03 12:44:18.256 PDT [466765] ERROR:  new row for relation "d_5eec53b270a043dba85ba821d0e90d6e" violates check constraint "d_5eec53b270a043dba85ba821d0e90d6e_geom_check"
2026-10-03 12:44:18.256 PDT [466765] DETAIL:  Failing row contains (5eec53b2-70a0-43db-a85b-a821d0e90d6e, 1b84502e-e74d-4e27-acdc-78b665a164d6, d4e61c7d-7282-4615-9c50-f396ae0327a2, 59eb6543-f3f0-4b05-a487-4ba3451b1927, 3, db4e6433-21aa-4fb2-9def-b9a177a07175, München, 1.125, 0101000020E6100000000000000000F03F0000000000000040).
2026-10-03 12:44:18.256 PDT [466765] CONTEXT:  SQL statement "INSERT INTO managed.d_5eec53b270a043dba85ba821d0e90d6e (dataset_id,version_group_id,version_id,fid,object_id,feature_revision,name,amount,geom) VALUES ('5eec53b2-70a0-43db-a85b-a821d0e90d6e'::uuid,'1b84502e-e74d-4e27-acdc-78b665a164d6'::uuid,'d4e61c7d-7282-4615-9c50-f396ae0327a2'::uuid,'59eb6543-f3f0-4b05-a487-4ba3451b1927'::uuid,'3'::bigint,gen_random_uuid(),'München'::text,'1.125'::numeric,public.ST_GeomFromEWKT('SRID=4326;POINT (1 2)')) ON CONFLICT(version_id,fid) DO UPDATE SET feature_revision=EXCLUDED.feature_revision,name=EXCLUDED.name,amount=EXCLUDED.amount,geom=EXCLUDED.geom"
	PL/pgSQL function raw_apply_rows(uuid,uuid,uuid,jsonb,boolean) line 89 at EXECUTE
	PL/pgSQL function apply_group(uuid,uuid,jsonb) line 68 at assignment
	PL/pgSQL function apply_rows(uuid,uuid,uuid,jsonb,boolean) line 9 at RETURN
2026-10-03 12:44:18.256 PDT [466765] STATEMENT:  SELECT managed.apply_rows('5eec53b2-70a0-43db-a85b-a821d0e90d6e','d4e61c7d-7282-4615-9c50-f396ae0327a2','2e55b2e7-e8f6-45cb-8220-94405d9322fd','[{"fid":"59eb6543-f3f0-4b05-a487-4ba3451b1927","values":{"name":"München","amount":"1.125"},"geometry":"SRID=4326;POINT (1 2)"}]'::jsonb,true)
2026-10-03 12:44:18.257 PDT [466765] ERROR:  new row for relation "d_5eec53b270a043dba85ba821d0e90d6e" violates check constraint "d_5eec53b270a043dba85ba821d0e90d6e_geom_check"
2026-10-03 12:44:18.257 PDT [466765] DETAIL:  Failing row contains (5eec53b2-70a0-43db-a85b-a821d0e90d6e, 1b84502e-e74d-4e27-acdc-78b665a164d6, d4e61c7d-7282-4615-9c50-f396ae0327a2, 9b6a9748-c0d2-4bc6-8c71-509c4fb69b81, 4, ebcaec84-0918-4ca3-ad0a-b39eabc37abc, München, 1.125, 01010000A0B6080000000000000000F03F000000000000004000000000000008...).
2026-10-03 12:44:18.257 PDT [466765] CONTEXT:  SQL statement "INSERT INTO managed.d_5eec53b270a043dba85ba821d0e90d6e (dataset_id,version_group_id,version_id,fid,object_id,feature_revision,name,amount,geom) VALUES ('5eec53b2-70a0-43db-a85b-a821d0e90d6e'::uuid,'1b84502e-e74d-4e27-acdc-78b665a164d6'::uuid,'d4e61c7d-7282-4615-9c50-f396ae0327a2'::uuid,'9b6a9748-c0d2-4bc6-8c71-509c4fb69b81'::uuid,'4'::bigint,gen_random_uuid(),'München'::text,'1.125'::numeric,public.ST_GeomFromEWKT('SRID=2230;POINT Z(1 2 3)')) ON CONFLICT(version_id,fid) DO UPDATE SET feature_revision=EXCLUDED.feature_revision,name=EXCLUDED.name,amount=EXCLUDED.amount,geom=EXCLUDED.geom"
	PL/pgSQL function raw_apply_rows(uuid,uuid,uuid,jsonb,boolean) line 89 at EXECUTE
	PL/pgSQL function apply_group(uuid,uuid,jsonb) line 68 at assignment
	PL/pgSQL function apply_rows(uuid,uuid,uuid,jsonb,boolean) line 9 at RETURN
2026-10-03 12:44:18.257 PDT [466765] STATEMENT:  SELECT managed.apply_rows('5eec53b2-70a0-43db-a85b-a821d0e90d6e','d4e61c7d-7282-4615-9c50-f396ae0327a2','2e55b2e7-e8f6-45cb-8220-94405d9322fd','[{"fid":"9b6a9748-c0d2-4bc6-8c71-509c4fb69b81","values":{"name":"München","amount":"1.125"},"geometry":"SRID=2230;POINT Z(1 2 3)"}]'::jsonb,true)
2026-10-03 12:44:18.258 PDT [466765] ERROR:  new row for relation "d_5eec53b270a043dba85ba821d0e90d6e" violates check constraint "d_5eec53b270a043dba85ba821d0e90d6e_geom_check"
2026-10-03 12:44:18.258 PDT [466765] DETAIL:  Failing row contains (5eec53b2-70a0-43db-a85b-a821d0e90d6e, 1b84502e-e74d-4e27-acdc-78b665a164d6, d4e61c7d-7282-4615-9c50-f396ae0327a2, e8b43d03-fc09-4d1a-8c14-87425b1ddcdb, 5, 438dd3b6-d5ef-4b44-950c-4425fc7ff66b, München, 1.125, 0104000020B6080000010000000101000000000000000000F03F000000000000...).
2026-10-03 12:44:18.258 PDT [466765] CONTEXT:  SQL statement "INSERT INTO managed.d_5eec53b270a043dba85ba821d0e90d6e (dataset_id,version_group_id,version_id,fid,object_id,feature_revision,name,amount,geom) VALUES ('5eec53b2-70a0-43db-a85b-a821d0e90d6e'::uuid,'1b84502e-e74d-4e27-acdc-78b665a164d6'::uuid,'d4e61c7d-7282-4615-9c50-f396ae0327a2'::uuid,'e8b43d03-fc09-4d1a-8c14-87425b1ddcdb'::uuid,'5'::bigint,gen_random_uuid(),'München'::text,'1.125'::numeric,public.ST_GeomFromEWKT('SRID=2230;MULTIPOINT ((1 2))')) ON CONFLICT(version_id,fid) DO UPDATE SET feature_revision=EXCLUDED.feature_revision,name=EXCLUDED.name,amount=EXCLUDED.amount,geom=EXCLUDED.geom"
	PL/pgSQL function raw_apply_rows(uuid,uuid,uuid,jsonb,boolean) line 89 at EXECUTE
	PL/pgSQL function apply_group(uuid,uuid,jsonb) line 68 at assignment
	PL/pgSQL function apply_rows(uuid,uuid,uuid,jsonb,boolean) line 9 at RETURN
2026-10-03 12:44:18.258 PDT [466765] STATEMENT:  SELECT managed.apply_rows('5eec53b2-70a0-43db-a85b-a821d0e90d6e','d4e61c7d-7282-4615-9c50-f396ae0327a2','2e55b2e7-e8f6-45cb-8220-94405d9322fd','[{"fid":"e8b43d03-fc09-4d1a-8c14-87425b1ddcdb","values":{"name":"München","amount":"1.125"},"geometry":"SRID=2230;MULTIPOINT ((1 2))"}]'::jsonb,true)
2026-10-03 12:44:18.354 PDT [466765] ERROR:  new row for relation "d_ad7a3adb54844ee084a5e2beca8b4bf5" violates check constraint "d_ad7a3adb54844ee084a5e2beca8b4bf5_geom_check"
2026-10-03 12:44:18.354 PDT [466765] DETAIL:  Failing row contains (ad7a3adb-5484-4ee0-84a5-e2beca8b4bf5, 523f0507-a70c-4303-b62c-a0ffc23c59bf, b9b67711-8ea6-4443-bcdf-24e0d3db8a56, 7dcbaf0a-91a8-465b-8b6d-cce794209a1c, 2, aea877c3-eb11-4881-942a-f861955376c2, München, 1.125, 0101000080000000000000F03F00000000000000400000000000000840).
2026-10-03 12:44:18.354 PDT [466765] CONTEXT:  SQL statement "INSERT INTO managed.d_ad7a3adb54844ee084a5e2beca8b4bf5 (dataset_id,version_group_id,version_id,fid,object_id,feature_revision,name,amount,geom) VALUES ('ad7a3adb-5484-4ee0-84a5-e2beca8b4bf5'::uuid,'523f0507-a70c-4303-b62c-a0ffc23c59bf'::uuid,'b9b67711-8ea6-4443-bcdf-24e0d3db8a56'::uuid,'7dcbaf0a-91a8-465b-8b6d-cce794209a1c'::uuid,'2'::bigint,gen_random_uuid(),'München'::text,'1.125'::numeric,public.ST_GeomFromEWKT('SRID=0;POINT Z(1 2 3)')) ON CONFLICT(version_id,fid) DO UPDATE SET feature_revision=EXCLUDED.feature_revision,name=EXCLUDED.name,amount=EXCLUDED.amount,geom=EXCLUDED.geom"
	PL/pgSQL function raw_apply_rows(uuid,uuid,uuid,jsonb,boolean) line 89 at EXECUTE
	PL/pgSQL function apply_group(uuid,uuid,jsonb) line 68 at assignment
	PL/pgSQL function apply_rows(uuid,uuid,uuid,jsonb,boolean) line 9 at RETURN
2026-10-03 12:44:18.354 PDT [466765] STATEMENT:  SELECT managed.apply_rows('ad7a3adb-5484-4ee0-84a5-e2beca8b4bf5','b9b67711-8ea6-4443-bcdf-24e0d3db8a56','60c81d2b-7b36-4e50-894b-97bf87140871','[{"fid":"7dcbaf0a-91a8-465b-8b6d-cce794209a1c","values":{"name":"München","amount":"1.125"},"geometry":"SRID=0;POINT Z(1 2 3)"}]'::jsonb,true)
2026-10-03 12:44:18.356 PDT [466765] ERROR:  new row for relation "d_ad7a3adb54844ee084a5e2beca8b4bf5" violates check constraint "d_ad7a3adb54844ee084a5e2beca8b4bf5_geom_check"
2026-10-03 12:44:18.356 PDT [466765] DETAIL:  Failing row contains (ad7a3adb-5484-4ee0-84a5-e2beca8b4bf5, 523f0507-a70c-4303-b62c-a0ffc23c59bf, b9b67711-8ea6-4443-bcdf-24e0d3db8a56, ced982c3-8e01-4f1e-9ab2-257087a9b15a, 3, 3738e21a-5e45-4e68-982b-3df35bad9370, München, 1.125, 01010000A0E6100000000000000000F03F000000000000004000000000000008...).
2026-10-03 12:44:18.356 PDT [466765] CONTEXT:  SQL statement "INSERT INTO managed.d_ad7a3adb54844ee084a5e2beca8b4bf5 (dataset_id,version_group_id,version_id,fid,object_id,feature_revision,name,amount,geom) VALUES ('ad7a3adb-5484-4ee0-84a5-e2beca8b4bf5'::uuid,'523f0507-a70c-4303-b62c-a0ffc23c59bf'::uuid,'b9b67711-8ea6-4443-bcdf-24e0d3db8a56'::uuid,'ced982c3-8e01-4f1e-9ab2-257087a9b15a'::uuid,'3'::bigint,gen_random_uuid(),'München'::text,'1.125'::numeric,public.ST_GeomFromEWKT('SRID=4326;POINT Z(1 2 3)')) ON CONFLICT(version_id,fid) DO UPDATE SET feature_revision=EXCLUDED.feature_revision,name=EXCLUDED.name,amount=EXCLUDED.amount,geom=EXCLUDED.geom"
	PL/pgSQL function raw_apply_rows(uuid,uuid,uuid,jsonb,boolean) line 89 at EXECUTE
	PL/pgSQL function apply_group(uuid,uuid,jsonb) line 68 at assignment
	PL/pgSQL function apply_rows(uuid,uuid,uuid,jsonb,boolean) line 9 at RETURN
2026-10-03 12:44:18.356 PDT [466765] STATEMENT:  SELECT managed.apply_rows('ad7a3adb-5484-4ee0-84a5-e2beca8b4bf5','b9b67711-8ea6-4443-bcdf-24e0d3db8a56','60c81d2b-7b36-4e50-894b-97bf87140871','[{"fid":"ced982c3-8e01-4f1e-9ab2-257087a9b15a","values":{"name":"München","amount":"1.125"},"geometry":"SRID=4326;POINT Z(1 2 3)"}]'::jsonb,true)
2026-10-03 12:44:18.357 PDT [466765] ERROR:  new row for relation "d_ad7a3adb54844ee084a5e2beca8b4bf5" violates check constraint "d_ad7a3adb54844ee084a5e2beca8b4bf5_geom_check"
2026-10-03 12:44:18.357 PDT [466765] DETAIL:  Failing row contains (ad7a3adb-5484-4ee0-84a5-e2beca8b4bf5, 523f0507-a70c-4303-b62c-a0ffc23c59bf, b9b67711-8ea6-4443-bcdf-24e0d3db8a56, 756cc230-6999-4939-8ebf-2c89fc30b3e4, 4, 828e56bf-4403-4d76-82a6-5074389187a7, München, 1.125, 0101000020B6080000000000000000F03F0000000000000040).
2026-10-03 12:44:18.357 PDT [466765] CONTEXT:  SQL statement "INSERT INTO managed.d_ad7a3adb54844ee084a5e2beca8b4bf5 (dataset_id,version_group_id,version_id,fid,object_id,feature_revision,name,amount,geom) VALUES ('ad7a3adb-5484-4ee0-84a5-e2beca8b4bf5'::uuid,'523f0507-a70c-4303-b62c-a0ffc23c59bf'::uuid,'b9b67711-8ea6-4443-bcdf-24e0d3db8a56'::uuid,'756cc230-6999-4939-8ebf-2c89fc30b3e4'::uuid,'4'::bigint,gen_random_uuid(),'München'::text,'1.125'::numeric,public.ST_GeomFromEWKT('SRID=2230;POINT (1 2)')) ON CONFLICT(version_id,fid) DO UPDATE SET feature_revision=EXCLUDED.feature_revision,name=EXCLUDED.name,amount=EXCLUDED.amount,geom=EXCLUDED.geom"
	PL/pgSQL function raw_apply_rows(uuid,uuid,uuid,jsonb,boolean) line 89 at EXECUTE
	PL/pgSQL function apply_group(uuid,uuid,jsonb) line 68 at assignment
	PL/pgSQL function apply_rows(uuid,uuid,uuid,jsonb,boolean) line 9 at RETURN
2026-10-03 12:44:18.357 PDT [466765] STATEMENT:  SELECT managed.apply_rows('ad7a3adb-5484-4ee0-84a5-e2beca8b4bf5','b9b67711-8ea6-4443-bcdf-24e0d3db8a56','60c81d2b-7b36-4e50-894b-97bf87140871','[{"fid":"756cc230-6999-4939-8ebf-2c89fc30b3e4","values":{"name":"München","amount":"1.125"},"geometry":"SRID=2230;POINT (1 2)"}]'::jsonb,true)
2026-10-03 12:44:18.358 PDT [466765] ERROR:  new row for relation "d_ad7a3adb54844ee084a5e2beca8b4bf5" violates check constraint "d_ad7a3adb54844ee084a5e2beca8b4bf5_geom_check"
2026-10-03 12:44:18.358 PDT [466765] DETAIL:  Failing row contains (ad7a3adb-5484-4ee0-84a5-e2beca8b4bf5, 523f0507-a70c-4303-b62c-a0ffc23c59bf, b9b67711-8ea6-4443-bcdf-24e0d3db8a56, 6c3b650a-edce-4d2b-b287-9fa47ab801ab, 5, 3ba20e34-424e-4d65-80f4-15b2d56b17ca, München, 1.125, 01040000A0B6080000010000000101000080000000000000F03F000000000000...).
2026-10-03 12:44:18.358 PDT [466765] CONTEXT:  SQL statement "INSERT INTO managed.d_ad7a3adb54844ee084a5e2beca8b4bf5 (dataset_id,version_group_id,version_id,fid,object_id,feature_revision,name,amount,geom) VALUES ('ad7a3adb-5484-4ee0-84a5-e2beca8b4bf5'::uuid,'523f0507-a70c-4303-b62c-a0ffc23c59bf'::uuid,'b9b67711-8ea6-4443-bcdf-24e0d3db8a56'::uuid,'6c3b650a-edce-4d2b-b287-9fa47ab801ab'::uuid,'5'::bigint,gen_random_uuid(),'München'::text,'1.125'::numeric,public.ST_GeomFromEWKT('SRID=2230;MULTIPOINT Z((1 2 3))')) ON CONFLICT(version_id,fid) DO UPDATE SET feature_revision=EXCLUDED.feature_revision,name=EXCLUDED.name,amount=EXCLUDED.amount,geom=EXCLUDED.geom"
	PL/pgSQL function raw_apply_rows(uuid,uuid,uuid,jsonb,boolean) line 89 at EXECUTE
	PL/pgSQL function apply_group(uuid,uuid,jsonb) line 68 at assignment
	PL/pgSQL function apply_rows(uuid,uuid,uuid,jsonb,boolean) line 9 at RETURN
2026-10-03 12:44:18.358 PDT [466765] STATEMENT:  SELECT managed.apply_rows('ad7a3adb-5484-4ee0-84a5-e2beca8b4bf5','b9b67711-8ea6-4443-bcdf-24e0d3db8a56','60c81d2b-7b36-4e50-894b-97bf87140871','[{"fid":"6c3b650a-edce-4d2b-b287-9fa47ab801ab","values":{"name":"München","amount":"1.125"},"geometry":"SRID=2230;MULTIPOINT Z((1 2 3))"}]'::jsonb,true)
2026-10-03 12:44:18.454 PDT [466765] ERROR:  new row for relation "d_c65d32c248a34a0d9d911c07b26efbcc" violates check constraint "d_c65d32c248a34a0d9d911c07b26efbcc_geom_check"
2026-10-03 12:44:18.454 PDT [466765] DETAIL:  Failing row contains (c65d32c2-48a3-4a0d-9d91-1c07b26efbcc, d81ce0bc-171c-4679-a4ac-22da6b6aa378, 1e3ebb6c-2604-4a36-acbe-a3edc8263048, a4ee3df1-60a7-4630-b645-d0ef6d2cd163, 2, 1064f790-97fc-41c1-9793-76f47e7cfe6f, München, 1.125, 0101000040000000000000F03F00000000000000400000000000001040).
2026-10-03 12:44:18.454 PDT [466765] CONTEXT:  SQL statement "INSERT INTO managed.d_c65d32c248a34a0d9d911c07b26efbcc (dataset_id,version_group_id,version_id,fid,object_id,feature_revision,name,amount,geom) VALUES ('c65d32c2-48a3-4a0d-9d91-1c07b26efbcc'::uuid,'d81ce0bc-171c-4679-a4ac-22da6b6aa378'::uuid,'1e3ebb6c-2604-4a36-acbe-a3edc8263048'::uuid,'a4ee3df1-60a7-4630-b645-d0ef6d2cd163'::uuid,'2'::bigint,gen_random_uuid(),'München'::text,'1.125'::numeric,public.ST_GeomFromEWKT('SRID=0;POINT M(1 2 4)')) ON CONFLICT(version_id,fid) DO UPDATE SET feature_revision=EXCLUDED.feature_revision,name=EXCLUDED.name,amount=EXCLUDED.amount,geom=EXCLUDED.geom"
	PL/pgSQL function raw_apply_rows(uuid,uuid,uuid,jsonb,boolean) line 89 at EXECUTE
	PL/pgSQL function apply_group(uuid,uuid,jsonb) line 68 at assignment
	PL/pgSQL function apply_rows(uuid,uuid,uuid,jsonb,boolean) line 9 at RETURN
2026-10-03 12:44:18.454 PDT [466765] STATEMENT:  SELECT managed.apply_rows('c65d32c2-48a3-4a0d-9d91-1c07b26efbcc','1e3ebb6c-2604-4a36-acbe-a3edc8263048','209e6bfa-3ff6-4c22-a525-242cdd5f7994','[{"fid":"a4ee3df1-60a7-4630-b645-d0ef6d2cd163","values":{"name":"München","amount":"1.125"},"geometry":"SRID=0;POINT M(1 2 4)"}]'::jsonb,true)
2026-10-03 12:44:18.456 PDT [466765] ERROR:  new row for relation "d_c65d32c248a34a0d9d911c07b26efbcc" violates check constraint "d_c65d32c248a34a0d9d911c07b26efbcc_geom_check"
2026-10-03 12:44:18.456 PDT [466765] DETAIL:  Failing row contains (c65d32c2-48a3-4a0d-9d91-1c07b26efbcc, d81ce0bc-171c-4679-a4ac-22da6b6aa378, 1e3ebb6c-2604-4a36-acbe-a3edc8263048, 5acab4b8-4d1b-4cda-8bd2-851e7ce56e7d, 3, 118c7d55-de39-4b4f-883b-5f68fc3543c0, München, 1.125, 0101000060E6100000000000000000F03F000000000000004000000000000010...).
2026-10-03 12:44:18.456 PDT [466765] CONTEXT:  SQL statement "INSERT INTO managed.d_c65d32c248a34a0d9d911c07b26efbcc (dataset_id,version_group_id,version_id,fid,object_id,feature_revision,name,amount,geom) VALUES ('c65d32c2-48a3-4a0d-9d91-1c07b26efbcc'::uuid,'d81ce0bc-171c-4679-a4ac-22da6b6aa378'::uuid,'1e3ebb6c-2604-4a36-acbe-a3edc8263048'::uuid,'5acab4b8-4d1b-4cda-8bd2-851e7ce56e7d'::uuid,'3'::bigint,gen_random_uuid(),'München'::text,'1.125'::numeric,public.ST_GeomFromEWKT('SRID=4326;POINT M(1 2 4)')) ON CONFLICT(version_id,fid) DO UPDATE SET feature_revision=EXCLUDED.feature_revision,name=EXCLUDED.name,amount=EXCLUDED.amount,geom=EXCLUDED.geom"
	PL/pgSQL function raw_apply_rows(uuid,uuid,uuid,jsonb,boolean) line 89 at EXECUTE
	PL/pgSQL function apply_group(uuid,uuid,jsonb) line 68 at assignment
	PL/pgSQL function apply_rows(uuid,uuid,uuid,jsonb,boolean) line 9 at RETURN
2026-10-03 12:44:18.456 PDT [466765] STATEMENT:  SELECT managed.apply_rows('c65d32c2-48a3-4a0d-9d91-1c07b26efbcc','1e3ebb6c-2604-4a36-acbe-a3edc8263048','209e6bfa-3ff6-4c22-a525-242cdd5f7994','[{"fid":"5acab4b8-4d1b-4cda-8bd2-851e7ce56e7d","values":{"name":"München","amount":"1.125"},"geometry":"SRID=4326;POINT M(1 2 4)"}]'::jsonb,true)
2026-10-03 12:44:18.457 PDT [466765] ERROR:  new row for relation "d_c65d32c248a34a0d9d911c07b26efbcc" violates check constraint "d_c65d32c248a34a0d9d911c07b26efbcc_geom_check"
2026-10-03 12:44:18.457 PDT [466765] DETAIL:  Failing row contains (c65d32c2-48a3-4a0d-9d91-1c07b26efbcc, d81ce0bc-171c-4679-a4ac-22da6b6aa378, 1e3ebb6c-2604-4a36-acbe-a3edc8263048, 99146b4c-b03d-401b-9d6d-9e70ca49900e, 4, 2679d50a-0daf-4d49-bf75-38007e65ae3b, München, 1.125, 0101000020B6080000000000000000F03F0000000000000040).
2026-10-03 12:44:18.457 PDT [466765] CONTEXT:  SQL statement "INSERT INTO managed.d_c65d32c248a34a0d9d911c07b26efbcc (dataset_id,version_group_id,version_id,fid,object_id,feature_revision,name,amount,geom) VALUES ('c65d32c2-48a3-4a0d-9d91-1c07b26efbcc'::uuid,'d81ce0bc-171c-4679-a4ac-22da6b6aa378'::uuid,'1e3ebb6c-2604-4a36-acbe-a3edc8263048'::uuid,'99146b4c-b03d-401b-9d6d-9e70ca49900e'::uuid,'4'::bigint,gen_random_uuid(),'München'::text,'1.125'::numeric,public.ST_GeomFromEWKT('SRID=2230;POINT (1 2)')) ON CONFLICT(version_id,fid) DO UPDATE SET feature_revision=EXCLUDED.feature_revision,name=EXCLUDED.name,amount=EXCLUDED.amount,geom=EXCLUDED.geom"
	PL/pgSQL function raw_apply_rows(uuid,uuid,uuid,jsonb,boolean) line 89 at EXECUTE
	PL/pgSQL function apply_group(uuid,uuid,jsonb) line 68 at assignment
	PL/pgSQL function apply_rows(uuid,uuid,uuid,jsonb,boolean) line 9 at RETURN
2026-10-03 12:44:18.457 PDT [466765] STATEMENT:  SELECT managed.apply_rows('c65d32c2-48a3-4a0d-9d91-1c07b26efbcc','1e3ebb6c-2604-4a36-acbe-a3edc8263048','209e6bfa-3ff6-4c22-a525-242cdd5f7994','[{"fid":"99146b4c-b03d-401b-9d6d-9e70ca49900e","values":{"name":"München","amount":"1.125"},"geometry":"SRID=2230;POINT (1 2)"}]'::jsonb,true)
2026-10-03 12:44:18.459 PDT [466765] ERROR:  new row for relation "d_c65d32c248a34a0d9d911c07b26efbcc" violates check constraint "d_c65d32c248a34a0d9d911c07b26efbcc_geom_check"
2026-10-03 12:44:18.459 PDT [466765] DETAIL:  Failing row contains (c65d32c2-48a3-4a0d-9d91-1c07b26efbcc, d81ce0bc-171c-4679-a4ac-22da6b6aa378, 1e3ebb6c-2604-4a36-acbe-a3edc8263048, af238e3a-752a-4545-b15e-afb5b3f41307, 5, 4df45ce0-35fa-4f37-8d93-e2c7d4898f4d, München, 1.125, 0104000060B6080000010000000101000040000000000000F03F000000000000...).
2026-10-03 12:44:18.459 PDT [466765] CONTEXT:  SQL statement "INSERT INTO managed.d_c65d32c248a34a0d9d911c07b26efbcc (dataset_id,version_group_id,version_id,fid,object_id,feature_revision,name,amount,geom) VALUES ('c65d32c2-48a3-4a0d-9d91-1c07b26efbcc'::uuid,'d81ce0bc-171c-4679-a4ac-22da6b6aa378'::uuid,'1e3ebb6c-2604-4a36-acbe-a3edc8263048'::uuid,'af238e3a-752a-4545-b15e-afb5b3f41307'::uuid,'5'::bigint,gen_random_uuid(),'München'::text,'1.125'::numeric,public.ST_GeomFromEWKT('SRID=2230;MULTIPOINT M((1 2 4))')) ON CONFLICT(version_id,fid) DO UPDATE SET feature_revision=EXCLUDED.feature_revision,name=EXCLUDED.name,amount=EXCLUDED.amount,geom=EXCLUDED.geom"
	PL/pgSQL function raw_apply_rows(uuid,uuid,uuid,jsonb,boolean) line 89 at EXECUTE
	PL/pgSQL function apply_group(uuid,uuid,jsonb) line 68 at assignment
	PL/pgSQL function apply_rows(uuid,uuid,uuid,jsonb,boolean) line 9 at RETURN
2026-10-03 12:44:18.459 PDT [466765] STATEMENT:  SELECT managed.apply_rows('c65d32c2-48a3-4a0d-9d91-1c07b26efbcc','1e3ebb6c-2604-4a36-acbe-a3edc8263048','209e6bfa-3ff6-4c22-a525-242cdd5f7994','[{"fid":"af238e3a-752a-4545-b15e-afb5b3f41307","values":{"name":"München","amount":"1.125"},"geometry":"SRID=2230;MULTIPOINT M((1 2 4))"}]'::jsonb,true)
2026-10-03 12:44:18.554 PDT [466765] ERROR:  new row for relation "d_b10b98a9b2014c76aa4d6865d5004a5c" violates check constraint "d_b10b98a9b2014c76aa4d6865d5004a5c_geom_check"
2026-10-03 12:44:18.554 PDT [466765] DETAIL:  Failing row contains (b10b98a9-b201-4c76-aa4d-6865d5004a5c, 5c94b3b9-b047-4de1-84f7-5c832a8c8cd4, 23805c8c-40f5-40a0-a02a-830880d26c9c, ba6e70f9-24e4-4b02-be5b-ec76d60e1281, 2, 5b429126-4cd8-4f86-a876-c474adfab22b, München, 1.125, 01010000C0000000000000F03F00000000000000400000000000000840000000...).
2026-10-03 12:44:18.554 PDT [466765] CONTEXT:  SQL statement "INSERT INTO managed.d_b10b98a9b2014c76aa4d6865d5004a5c (dataset_id,version_group_id,version_id,fid,object_id,feature_revision,name,amount,geom) VALUES ('b10b98a9-b201-4c76-aa4d-6865d5004a5c'::uuid,'5c94b3b9-b047-4de1-84f7-5c832a8c8cd4'::uuid,'23805c8c-40f5-40a0-a02a-830880d26c9c'::uuid,'ba6e70f9-24e4-4b02-be5b-ec76d60e1281'::uuid,'2'::bigint,gen_random_uuid(),'München'::text,'1.125'::numeric,public.ST_GeomFromEWKT('SRID=0;POINT ZM(1 2 3 4)')) ON CONFLICT(version_id,fid) DO UPDATE SET feature_revision=EXCLUDED.feature_revision,name=EXCLUDED.name,amount=EXCLUDED.amount,geom=EXCLUDED.geom"
	PL/pgSQL function raw_apply_rows(uuid,uuid,uuid,jsonb,boolean) line 89 at EXECUTE
	PL/pgSQL function apply_group(uuid,uuid,jsonb) line 68 at assignment
	PL/pgSQL function apply_rows(uuid,uuid,uuid,jsonb,boolean) line 9 at RETURN
2026-10-03 12:44:18.554 PDT [466765] STATEMENT:  SELECT managed.apply_rows('b10b98a9-b201-4c76-aa4d-6865d5004a5c','23805c8c-40f5-40a0-a02a-830880d26c9c','badbfd20-6268-4b17-aa9f-c16a64ba8d1f','[{"fid":"ba6e70f9-24e4-4b02-be5b-ec76d60e1281","values":{"name":"München","amount":"1.125"},"geometry":"SRID=0;POINT ZM(1 2 3 4)"}]'::jsonb,true)
2026-10-03 12:44:18.555 PDT [466765] ERROR:  new row for relation "d_b10b98a9b2014c76aa4d6865d5004a5c" violates check constraint "d_b10b98a9b2014c76aa4d6865d5004a5c_geom_check"
2026-10-03 12:44:18.555 PDT [466765] DETAIL:  Failing row contains (b10b98a9-b201-4c76-aa4d-6865d5004a5c, 5c94b3b9-b047-4de1-84f7-5c832a8c8cd4, 23805c8c-40f5-40a0-a02a-830880d26c9c, 4953bafb-0651-4deb-83ae-33f30e19f82a, 3, 4ac0ed50-0c8a-4e08-b387-e0dc17717631, München, 1.125, 01010000E0E6100000000000000000F03F000000000000004000000000000008...).
2026-10-03 12:44:18.555 PDT [466765] CONTEXT:  SQL statement "INSERT INTO managed.d_b10b98a9b2014c76aa4d6865d5004a5c (dataset_id,version_group_id,version_id,fid,object_id,feature_revision,name,amount,geom) VALUES ('b10b98a9-b201-4c76-aa4d-6865d5004a5c'::uuid,'5c94b3b9-b047-4de1-84f7-5c832a8c8cd4'::uuid,'23805c8c-40f5-40a0-a02a-830880d26c9c'::uuid,'4953bafb-0651-4deb-83ae-33f30e19f82a'::uuid,'3'::bigint,gen_random_uuid(),'München'::text,'1.125'::numeric,public.ST_GeomFromEWKT('SRID=4326;POINT ZM(1 2 3 4)')) ON CONFLICT(version_id,fid) DO UPDATE SET feature_revision=EXCLUDED.feature_revision,name=EXCLUDED.name,amount=EXCLUDED.amount,geom=EXCLUDED.geom"
	PL/pgSQL function raw_apply_rows(uuid,uuid,uuid,jsonb,boolean) line 89 at EXECUTE
	PL/pgSQL function apply_group(uuid,uuid,jsonb) line 68 at assignment
	PL/pgSQL function apply_rows(uuid,uuid,uuid,jsonb,boolean) line 9 at RETURN
2026-10-03 12:44:18.555 PDT [466765] STATEMENT:  SELECT managed.apply_rows('b10b98a9-b201-4c76-aa4d-6865d5004a5c','23805c8c-40f5-40a0-a02a-830880d26c9c','badbfd20-6268-4b17-aa9f-c16a64ba8d1f','[{"fid":"4953bafb-0651-4deb-83ae-33f30e19f82a","values":{"name":"München","amount":"1.125"},"geometry":"SRID=4326;POINT ZM(1 2 3 4)"}]'::jsonb,true)
2026-10-03 12:44:18.556 PDT [466765] ERROR:  new row for relation "d_b10b98a9b2014c76aa4d6865d5004a5c" violates check constraint "d_b10b98a9b2014c76aa4d6865d5004a5c_geom_check"
2026-10-03 12:44:18.556 PDT [466765] DETAIL:  Failing row contains (b10b98a9-b201-4c76-aa4d-6865d5004a5c, 5c94b3b9-b047-4de1-84f7-5c832a8c8cd4, 23805c8c-40f5-40a0-a02a-830880d26c9c, 6cf1b21f-bc55-4509-bd73-d0256ff576f9, 4, bab67209-f73d-4ce8-bf61-1b35376dac27, München, 1.125, 0101000020B6080000000000000000F03F0000000000000040).
2026-10-03 12:44:18.556 PDT [466765] CONTEXT:  SQL statement "INSERT INTO managed.d_b10b98a9b2014c76aa4d6865d5004a5c (dataset_id,version_group_id,version_id,fid,object_id,feature_revision,name,amount,geom) VALUES ('b10b98a9-b201-4c76-aa4d-6865d5004a5c'::uuid,'5c94b3b9-b047-4de1-84f7-5c832a8c8cd4'::uuid,'23805c8c-40f5-40a0-a02a-830880d26c9c'::uuid,'6cf1b21f-bc55-4509-bd73-d0256ff576f9'::uuid,'4'::bigint,gen_random_uuid(),'München'::text,'1.125'::numeric,public.ST_GeomFromEWKT('SRID=2230;POINT (1 2)')) ON CONFLICT(version_id,fid) DO UPDATE SET feature_revision=EXCLUDED.feature_revision,name=EXCLUDED.name,amount=EXCLUDED.amount,geom=EXCLUDED.geom"
	PL/pgSQL function raw_apply_rows(uuid,uuid,uuid,jsonb,boolean) line 89 at EXECUTE
	PL/pgSQL function apply_group(uuid,uuid,jsonb) line 68 at assignment
	PL/pgSQL function apply_rows(uuid,uuid,uuid,jsonb,boolean) line 9 at RETURN
2026-10-03 12:44:18.556 PDT [466765] STATEMENT:  SELECT managed.apply_rows('b10b98a9-b201-4c76-aa4d-6865d5004a5c','23805c8c-40f5-40a0-a02a-830880d26c9c','badbfd20-6268-4b17-aa9f-c16a64ba8d1f','[{"fid":"6cf1b21f-bc55-4509-bd73-d0256ff576f9","values":{"name":"München","amount":"1.125"},"geometry":"SRID=2230;POINT (1 2)"}]'::jsonb,true)
2026-10-03 12:44:18.557 PDT [466765] ERROR:  new row for relation "d_b10b98a9b2014c76aa4d6865d5004a5c" violates check constraint "d_b10b98a9b2014c76aa4d6865d5004a5c_geom_check"
2026-10-03 12:44:18.557 PDT [466765] DETAIL:  Failing row contains (b10b98a9-b201-4c76-aa4d-6865d5004a5c, 5c94b3b9-b047-4de1-84f7-5c832a8c8cd4, 23805c8c-40f5-40a0-a02a-830880d26c9c, d19b244e-5c4b-4dbb-b6db-87ffb92dd98b, 5, 64654635-f91f-4193-b68d-f4c75e0135d4, München, 1.125, 01040000E0B60800000100000001010000C0000000000000F03F000000000000...).
2026-10-03 12:44:18.557 PDT [466765] CONTEXT:  SQL statement "INSERT INTO managed.d_b10b98a9b2014c76aa4d6865d5004a5c (dataset_id,version_group_id,version_id,fid,object_id,feature_revision,name,amount,geom) VALUES ('b10b98a9-b201-4c76-aa4d-6865d5004a5c'::uuid,'5c94b3b9-b047-4de1-84f7-5c832a8c8cd4'::uuid,'23805c8c-40f5-40a0-a02a-830880d26c9c'::uuid,'d19b244e-5c4b-4dbb-b6db-87ffb92dd98b'::uuid,'5'::bigint,gen_random_uuid(),'München'::text,'1.125'::numeric,public.ST_GeomFromEWKT('SRID=2230;MULTIPOINT ZM((1 2 3 4))')) ON CONFLICT(version_id,fid) DO UPDATE SET feature_revision=EXCLUDED.feature_revision,name=EXCLUDED.name,amount=EXCLUDED.amount,geom=EXCLUDED.geom"
	PL/pgSQL function raw_apply_rows(uuid,uuid,uuid,jsonb,boolean) line 89 at EXECUTE
	PL/pgSQL function apply_group(uuid,uuid,jsonb) line 68 at assignment
	PL/pgSQL function apply_rows(uuid,uuid,uuid,jsonb,boolean) line 9 at RETURN
2026-10-03 12:44:18.557 PDT [466765] STATEMENT:  SELECT managed.apply_rows('b10b98a9-b201-4c76-aa4d-6865d5004a5c','23805c8c-40f5-40a0-a02a-830880d26c9c','badbfd20-6268-4b17-aa9f-c16a64ba8d1f','[{"fid":"d19b244e-5c4b-4dbb-b6db-87ffb92dd98b","values":{"name":"München","amount":"1.125"},"geometry":"SRID=2230;MULTIPOINT ZM((1 2 3 4))"}]'::jsonb,true)
2026-10-03 12:44:18.744 PDT [466770] ERROR:  INVALID_FEATURE_ROW
2026-10-03 12:44:18.744 PDT [466770] CONTEXT:  PL/pgSQL function apply_group(uuid,uuid,jsonb) line 39 at RAISE
	PL/pgSQL function apply_rows(uuid,uuid,uuid,jsonb,boolean) line 9 at RETURN
2026-10-03 12:44:18.744 PDT [466770] STATEMENT:  SELECT managed.apply_rows('546eb714-19a4-41c0-a1be-262a91d1d77e','88a578d7-5085-4c75-96cc-ecd8e71f5edc','56e9fd16-bb15-46c1-a677-f56cefb99a5f','[{"values":{"name":"München","amount":"1.125"},"geometry":"SRID=4326;POINT(1 2)"}]'::jsonb,true)
2026-10-03 12:44:18.746 PDT [466770] ERROR:  DUPLICATE_FEATURE_UUID
2026-10-03 12:44:18.746 PDT [466770] CONTEXT:  PL/pgSQL function raw_apply_rows(uuid,uuid,uuid,jsonb,boolean) line 35 at RAISE
	PL/pgSQL function apply_group(uuid,uuid,jsonb) line 68 at assignment
	PL/pgSQL function apply_rows(uuid,uuid,uuid,jsonb,boolean) line 9 at RETURN
2026-10-03 12:44:18.746 PDT [466770] STATEMENT:  SELECT managed.apply_rows('546eb714-19a4-41c0-a1be-262a91d1d77e','88a578d7-5085-4c75-96cc-ecd8e71f5edc','56e9fd16-bb15-46c1-a677-f56cefb99a5f','[{"fid":"1f80a753-d4c0-4f0e-8fba-d0f183c98f9a","values":{"name":"München","amount":"1.125"},"geometry":"SRID=4326;POINT(1 2)"},{"fid":"1f80a753-d4c0-4f0e-8fba-d0f183c98f9a","values":{"name":"München","amount":"1.125"},"geometry":"SRID=4326;POINT(1 2)"}]'::jsonb,true)
2026-10-03 12:44:18.844 PDT [466772] ERROR:  new row for relation "d_89deacb2dea9456390dcd9a3cd28b159" violates check constraint "d_89deacb2dea9456390dcd9a3cd28b159_name_check"
2026-10-03 12:44:18.844 PDT [466772] DETAIL:  Failing row contains (89deacb2-dea9-4563-90dc-d9a3cd28b159, 50f57f39-8342-4d12-a54e-e7b82a9bb641, add1cf0c-0821-477a-b126-30c076aafcb1, aedf8471-b450-4de3-8438-299a29d82418, 3, ee0d3fb9-cdac-40d0-978a-bf65d5aabcbd, 123456789, 1.125, 0101000020E6100000000000000000F03F0000000000000040).
2026-10-03 12:44:18.844 PDT [466772] CONTEXT:  SQL statement "INSERT INTO managed.d_89deacb2dea9456390dcd9a3cd28b159 (dataset_id,version_group_id,version_id,fid,object_id,feature_revision,name,amount,geom) VALUES ('89deacb2-dea9-4563-90dc-d9a3cd28b159'::uuid,'50f57f39-8342-4d12-a54e-e7b82a9bb641'::uuid,'add1cf0c-0821-477a-b126-30c076aafcb1'::uuid,'aedf8471-b450-4de3-8438-299a29d82418'::uuid,'3'::bigint,gen_random_uuid(),'123456789'::text,'1.125'::numeric,public.ST_GeomFromEWKT('SRID=4326;POINT(1 2)')) ON CONFLICT(version_id,fid) DO UPDATE SET feature_revision=EXCLUDED.feature_revision,name=EXCLUDED.name,amount=EXCLUDED.amount,geom=EXCLUDED.geom"
	PL/pgSQL function raw_apply_rows(uuid,uuid,uuid,jsonb,boolean) line 89 at EXECUTE
	PL/pgSQL function apply_group(uuid,uuid,jsonb) line 68 at assignment
	PL/pgSQL function apply_rows(uuid,uuid,uuid,jsonb,boolean) line 9 at RETURN
2026-10-03 12:44:18.844 PDT [466772] STATEMENT:  SELECT managed.apply_rows('89deacb2-dea9-4563-90dc-d9a3cd28b159','add1cf0c-0821-477a-b126-30c076aafcb1','d102da7a-dcf4-468a-a92b-8bd77e95987c','[{"fid":"9618edc4-7a5d-4066-807d-a9ab08baa31d","values":{"name":"München","amount":"1.125"},"geometry":"SRID=4326;POINT(1 2)"},{"fid":"aedf8471-b450-4de3-8438-299a29d82418","values":{"name":"123456789","amount":"1.125"},"geometry":"SRID=4326;POINT(1 2)"}]'::jsonb,true)
2026-10-03 12:44:18.845 PDT [466772] ERROR:  new row for relation "d_89deacb2dea9456390dcd9a3cd28b159" violates check constraint "d_89deacb2dea9456390dcd9a3cd28b159_amount_check"
2026-10-03 12:44:18.845 PDT [466772] DETAIL:  Failing row contains (89deacb2-dea9-4563-90dc-d9a3cd28b159, 50f57f39-8342-4d12-a54e-e7b82a9bb641, add1cf0c-0821-477a-b126-30c076aafcb1, 06dc0052-64a6-490f-a933-84e2975fe8d9, 4, ad3bde23-93e2-43df-a467-a8801c4409a3, abc, 1.1254, 0101000020E6100000000000000000F03F0000000000000040).
2026-10-03 12:44:18.845 PDT [466772] CONTEXT:  SQL statement "INSERT INTO managed.d_89deacb2dea9456390dcd9a3cd28b159 (dataset_id,version_group_id,version_id,fid,object_id,feature_revision,name,amount,geom) VALUES ('89deacb2-dea9-4563-90dc-d9a3cd28b159'::uuid,'50f57f39-8342-4d12-a54e-e7b82a9bb641'::uuid,'add1cf0c-0821-477a-b126-30c076aafcb1'::uuid,'06dc0052-64a6-490f-a933-84e2975fe8d9'::uuid,'4'::bigint,gen_random_uuid(),'abc'::text,'1.1254'::numeric,public.ST_GeomFromEWKT('SRID=4326;POINT(1 2)')) ON CONFLICT(version_id,fid) DO UPDATE SET feature_revision=EXCLUDED.feature_revision,name=EXCLUDED.name,amount=EXCLUDED.amount,geom=EXCLUDED.geom"
	PL/pgSQL function raw_apply_rows(uuid,uuid,uuid,jsonb,boolean) line 89 at EXECUTE
	PL/pgSQL function apply_group(uuid,uuid,jsonb) line 68 at assignment
	PL/pgSQL function apply_rows(uuid,uuid,uuid,jsonb,boolean) line 9 at RETURN
2026-10-03 12:44:18.845 PDT [466772] STATEMENT:  SELECT managed.apply_rows('89deacb2-dea9-4563-90dc-d9a3cd28b159','add1cf0c-0821-477a-b126-30c076aafcb1','d102da7a-dcf4-468a-a92b-8bd77e95987c','[{"fid":"06dc0052-64a6-490f-a933-84e2975fe8d9","values":{"name":"abc","amount":"1.1254"},"geometry":"SRID=4326;POINT(1 2)"}]'::jsonb,true)
2026-10-03 12:44:18.846 PDT [466772] ERROR:  new row for relation "d_89deacb2dea9456390dcd9a3cd28b159" violates check constraint "d_89deacb2dea9456390dcd9a3cd28b159_amount_check"
2026-10-03 12:44:18.846 PDT [466772] DETAIL:  Failing row contains (89deacb2-dea9-4563-90dc-d9a3cd28b159, 50f57f39-8342-4d12-a54e-e7b82a9bb641, add1cf0c-0821-477a-b126-30c076aafcb1, 9a7c41b6-a692-4c29-bf4b-cd64cbb56172, 5, b7d7889d-8aeb-45c7-8441-c3b03f8bae79, abc, 1000000000, 0101000020E6100000000000000000F03F0000000000000040).
2026-10-03 12:44:18.846 PDT [466772] CONTEXT:  SQL statement "INSERT INTO managed.d_89deacb2dea9456390dcd9a3cd28b159 (dataset_id,version_group_id,version_id,fid,object_id,feature_revision,name,amount,geom) VALUES ('89deacb2-dea9-4563-90dc-d9a3cd28b159'::uuid,'50f57f39-8342-4d12-a54e-e7b82a9bb641'::uuid,'add1cf0c-0821-477a-b126-30c076aafcb1'::uuid,'9a7c41b6-a692-4c29-bf4b-cd64cbb56172'::uuid,'5'::bigint,gen_random_uuid(),'abc'::text,'1000000000'::numeric,public.ST_GeomFromEWKT('SRID=4326;POINT(1 2)')) ON CONFLICT(version_id,fid) DO UPDATE SET feature_revision=EXCLUDED.feature_revision,name=EXCLUDED.name,amount=EXCLUDED.amount,geom=EXCLUDED.geom"
	PL/pgSQL function raw_apply_rows(uuid,uuid,uuid,jsonb,boolean) line 89 at EXECUTE
	PL/pgSQL function apply_group(uuid,uuid,jsonb) line 68 at assignment
	PL/pgSQL function apply_rows(uuid,uuid,uuid,jsonb,boolean) line 9 at RETURN
2026-10-03 12:44:18.846 PDT [466772] STATEMENT:  SELECT managed.apply_rows('89deacb2-dea9-4563-90dc-d9a3cd28b159','add1cf0c-0821-477a-b126-30c076aafcb1','d102da7a-dcf4-468a-a92b-8bd77e95987c','[{"fid":"9a7c41b6-a692-4c29-bf4b-cd64cbb56172","values":{"name":"abc","amount":"1000000000"},"geometry":"SRID=4326;POINT(1 2)"}]'::jsonb,true)
2026-10-03 12:44:18.941 PDT [466781] ERROR:  division by zero
2026-10-03 12:44:18.941 PDT [466781] STATEMENT:  CREATE TABLE managed.partial_migration(x int); SELECT 1/0;
2026-10-03 12:44:19.070 PDT [466784] ERROR:  permission denied for schema managed at character 8
2026-10-03 12:44:19.070 PDT [466784] STATEMENT:  SELECT managed.apply_rows('d1fe2985-d4cc-47ee-aebe-eb331a38022a','201eb7c7-7dea-43e0-b84f-e446ac86c77e','8d68220f-641c-46ad-a264-db3b49265bd3','[{"fid":"d1169877-8091-4ee1-9b4e-3be0c22abe43","values":{"name":"München","amount":"1.125"},"geometry":"SRID=4326;POINT(1 2)"}]'::jsonb,false)
2026-10-03 12:44:19.070 PDT [466784] ERROR:  permission denied for schema managed at character 13
2026-10-03 12:44:19.070 PDT [466784] STATEMENT:  DELETE FROM managed."d_d1fe2985d4cc47eeaebeeb331a38022a"
2026-10-03 12:44:19.070 PDT [466784] ERROR:  permission denied for schema managed
2026-10-03 12:44:19.070 PDT [466784] STATEMENT:  TRUNCATE managed."d_d1fe2985d4cc47eeaebeeb331a38022a"
2026-10-03 12:44:19.070 PDT [466784] ERROR:  permission denied for schema managed at character 8
2026-10-03 12:44:19.070 PDT [466784] STATEMENT:  UPDATE managed.feature_identity SET object_id=42
2026-10-03 12:44:19.070 PDT [466784] ERROR:  permission denied for schema managed at character 13
2026-10-03 12:44:19.070 PDT [466784] STATEMENT:  DELETE FROM managed.dataset
2026-10-03 12:44:19.070 PDT [466784] ERROR:  permission denied for schema managed at character 14
2026-10-03 12:44:19.070 PDT [466784] STATEMENT:  CREATE TABLE managed.bypass(x int)
2026-10-03 12:44:19.070 PDT [466784] ERROR:  permission denied for schema managed at character 15
2026-10-03 12:44:19.070 PDT [466784] STATEMENT:  SELECT setval('managed.oid_d1fe2985d4cc47eeaebeeb331a38022a',1)
2026-10-03 12:44:19.074 PDT [466785] ERROR:  permission denied for function apply_rows
2026-10-03 12:44:19.074 PDT [466785] STATEMENT:  SELECT managed.apply_rows('d1fe2985-d4cc-47ee-aebe-eb331a38022a','201eb7c7-7dea-43e0-b84f-e446ac86c77e','8d68220f-641c-46ad-a264-db3b49265bd3','[{"fid":"05cd2c64-3dc5-488d-bcc5-82beae6e4bad","values":{"name":"München","amount":"1.125"},"geometry":"SRID=4326;POINT(1 2)"}]'::jsonb,false)
2026-10-03 12:44:19.074 PDT [466785] ERROR:  permission denied for table d_d1fe2985d4cc47eeaebeeb331a38022a
2026-10-03 12:44:19.074 PDT [466785] STATEMENT:  DELETE FROM managed."d_d1fe2985d4cc47eeaebeeb331a38022a"
2026-10-03 12:44:19.074 PDT [466785] ERROR:  permission denied for table d_d1fe2985d4cc47eeaebeeb331a38022a
2026-10-03 12:44:19.074 PDT [466785] STATEMENT:  TRUNCATE managed."d_d1fe2985d4cc47eeaebeeb331a38022a"
2026-10-03 12:44:19.074 PDT [466785] ERROR:  permission denied for table feature_identity
2026-10-03 12:44:19.074 PDT [466785] STATEMENT:  UPDATE managed.feature_identity SET object_id=42
2026-10-03 12:44:19.074 PDT [466785] ERROR:  permission denied for table dataset
2026-10-03 12:44:19.074 PDT [466785] STATEMENT:  DELETE FROM managed.dataset
2026-10-03 12:44:19.074 PDT [466785] ERROR:  permission denied for schema managed at character 14
2026-10-03 12:44:19.074 PDT [466785] STATEMENT:  CREATE TABLE managed.bypass(x int)
2026-10-03 12:44:19.075 PDT [466785] ERROR:  permission denied for sequence oid_d1fe2985d4cc47eeaebeeb331a38022a
2026-10-03 12:44:19.075 PDT [466785] STATEMENT:  SELECT setval('managed.oid_d1fe2985d4cc47eeaebeeb331a38022a',1)
2026-10-03 12:44:19.093 PDT [466786] ERROR:  permission denied for table version_group
2026-10-03 12:44:19.093 PDT [466786] CONTEXT:  SQL expression "EXISTS(SELECT 1 FROM managed.version_group WHERE default_version_id=NEW.version_id)"
	PL/pgSQL function branch_version_guard() line 3 at IF
2026-10-03 12:44:19.093 PDT [466786] STATEMENT:  COMMIT
2026-10-03 12:44:20.019 PDT [466804] ERROR:  INVALID_MANAGED_REQUEST
2026-10-03 12:44:20.019 PDT [466804] CONTEXT:  PL/pgSQL function apply_rows(uuid,uuid,uuid,jsonb,boolean) line 4 at RAISE
2026-10-03 12:44:20.019 PDT [466804] STATEMENT:  SELECT managed.apply_rows('41bf3d2b-fcc7-4439-994e-0a34894868f5','27bfbfa4-5f07-4bcc-9020-a1bbb5124051','e13e0857-8435-4097-b380-fdd743a4c3f7','null'::jsonb,true)
2026-10-03 12:44:20.019 PDT [466804] ERROR:  INVALID_MANAGED_REQUEST
2026-10-03 12:44:20.019 PDT [466804] CONTEXT:  PL/pgSQL function apply_rows(uuid,uuid,uuid,jsonb,boolean) line 4 at RAISE
2026-10-03 12:44:20.019 PDT [466804] STATEMENT:  SELECT managed.apply_rows('41bf3d2b-fcc7-4439-994e-0a34894868f5','27bfbfa4-5f07-4bcc-9020-a1bbb5124051','e13e0857-8435-4097-b380-fdd743a4c3f7','{}'::jsonb,true)
2026-10-03 12:44:20.021 PDT [466804] ERROR:  INVALID_FEATURE_ROW
2026-10-03 12:44:20.021 PDT [466804] CONTEXT:  PL/pgSQL function apply_group(uuid,uuid,jsonb) line 39 at RAISE
	PL/pgSQL function apply_rows(uuid,uuid,uuid,jsonb,boolean) line 9 at RETURN
2026-10-03 12:44:20.021 PDT [466804] STATEMENT:  SELECT managed.apply_rows('41bf3d2b-fcc7-4439-994e-0a34894868f5','27bfbfa4-5f07-4bcc-9020-a1bbb5124051','e13e0857-8435-4097-b380-fdd743a4c3f7','[null]'::jsonb,true)
2026-10-03 12:44:20.022 PDT [466804] ERROR:  INVALID_FEATURE_ROW
2026-10-03 12:44:20.022 PDT [466804] CONTEXT:  PL/pgSQL function apply_group(uuid,uuid,jsonb) line 39 at RAISE
	PL/pgSQL function apply_rows(uuid,uuid,uuid,jsonb,boolean) line 9 at RETURN
2026-10-03 12:44:20.022 PDT [466804] STATEMENT:  SELECT managed.apply_rows('41bf3d2b-fcc7-4439-994e-0a34894868f5','27bfbfa4-5f07-4bcc-9020-a1bbb5124051','e13e0857-8435-4097-b380-fdd743a4c3f7','[{}]'::jsonb,true)
2026-10-03 12:44:20.024 PDT [466804] ERROR:  FIELD_SET_MISMATCH
2026-10-03 12:44:20.024 PDT [466804] CONTEXT:  PL/pgSQL function raw_apply_rows(uuid,uuid,uuid,jsonb,boolean) line 39 at RAISE
	PL/pgSQL function apply_group(uuid,uuid,jsonb) line 68 at assignment
	PL/pgSQL function apply_rows(uuid,uuid,uuid,jsonb,boolean) line 9 at RETURN
2026-10-03 12:44:20.024 PDT [466804] STATEMENT:  SELECT managed.apply_rows('41bf3d2b-fcc7-4439-994e-0a34894868f5','27bfbfa4-5f07-4bcc-9020-a1bbb5124051','e13e0857-8435-4097-b380-fdd743a4c3f7','[{"fid":"8836d4aa-0cde-4098-b376-236dbf6e75c5","values":{"name":"a"},"geometry":"SRID=4326;POINT(1 2)"}]'::jsonb,true)
2026-10-03 12:44:20.025 PDT [466804] ERROR:  FIELD_SET_MISMATCH
2026-10-03 12:44:20.025 PDT [466804] CONTEXT:  PL/pgSQL function raw_apply_rows(uuid,uuid,uuid,jsonb,boolean) line 39 at RAISE
	PL/pgSQL function apply_group(uuid,uuid,jsonb) line 68 at assignment
	PL/pgSQL function apply_rows(uuid,uuid,uuid,jsonb,boolean) line 9 at RETURN
2026-10-03 12:44:20.025 PDT [466804] STATEMENT:  SELECT managed.apply_rows('41bf3d2b-fcc7-4439-994e-0a34894868f5','27bfbfa4-5f07-4bcc-9020-a1bbb5124051','e13e0857-8435-4097-b380-fdd743a4c3f7','[{"fid":"051f77e1-f7c3-4ee0-89b9-c904461fff41","values":{"name":"a","amount":"1","extra":1},"geometry":"SRID=4326;POINT(1 2)"}]'::jsonb,true)
2026-10-03 12:44:20.026 PDT [466804] ERROR:  NULL_NOT_ALLOWED
2026-10-03 12:44:20.026 PDT [466804] CONTEXT:  PL/pgSQL function raw_apply_rows(uuid,uuid,uuid,jsonb,boolean) line 56 at RAISE
	PL/pgSQL function apply_group(uuid,uuid,jsonb) line 68 at assignment
	PL/pgSQL function apply_rows(uuid,uuid,uuid,jsonb,boolean) line 9 at RETURN
2026-10-03 12:44:20.026 PDT [466804] STATEMENT:  SELECT managed.apply_rows('41bf3d2b-fcc7-4439-994e-0a34894868f5','27bfbfa4-5f07-4bcc-9020-a1bbb5124051','e13e0857-8435-4097-b380-fdd743a4c3f7','[{"fid":"24b260ff-6fba-4eca-9e8e-be1c47577fed","values":{"name":"a","amount":null},"geometry":"SRID=4326;POINT(1 2)"}]'::jsonb,true)
2026-10-03 12:44:20.027 PDT [466804] ERROR:  INVALID_MANAGED_REQUEST
2026-10-03 12:44:20.027 PDT [466804] CONTEXT:  PL/pgSQL function apply_rows(uuid,uuid,uuid,jsonb,boolean) line 4 at RAISE
2026-10-03 12:44:20.027 PDT [466804] STATEMENT:  SELECT managed.apply_rows('41bf3d2b-fcc7-4439-994e-0a34894868f5',NULL,'e13e0857-8435-4097-b380-fdd743a4c3f7','[{"fid":"ba0a8953-defc-4c2d-9a4c-361f75f9379e","values":{"name":"München","amount":"1.125"},"geometry":"SRID=4326;POINT(1 2)"}]'::jsonb,false)
2026-10-03 12:44:20.028 PDT [466804] ERROR:  INVALID_MANAGED_REQUEST
2026-10-03 12:44:20.028 PDT [466804] CONTEXT:  PL/pgSQL function apply_rows(uuid,uuid,uuid,jsonb,boolean) line 4 at RAISE
2026-10-03 12:44:20.028 PDT [466804] STATEMENT:  SELECT managed.apply_rows('41bf3d2b-fcc7-4439-994e-0a34894868f5','27bfbfa4-5f07-4bcc-9020-a1bbb5124051',NULL,'[{"fid":"bfbfce45-f5a6-4bf4-89ef-ea2bc683ab6b","values":{"name":"München","amount":"1.125"},"geometry":"SRID=4326;POINT(1 2)"}]'::jsonb,false)
2026-10-03 12:44:20.028 PDT [466804] ERROR:  INVALID_MANAGED_REQUEST
2026-10-03 12:44:20.028 PDT [466804] CONTEXT:  PL/pgSQL function apply_rows(uuid,uuid,uuid,jsonb,boolean) line 4 at RAISE
2026-10-03 12:44:20.028 PDT [466804] STATEMENT:  SELECT managed.apply_rows('41bf3d2b-fcc7-4439-994e-0a34894868f5','27bfbfa4-5f07-4bcc-9020-a1bbb5124051','e13e0857-8435-4097-b380-fdd743a4c3f7','[{"fid":"33720370-033d-4e51-a036-1460a6d4cdcd","values":{"name":"München","amount":"1.125"},"geometry":"SRID=4326;POINT(1 2)"}]'::jsonb,NULL)
2026-10-03 12:44:20.131 PDT [466805] ERROR:  IMMUTABLE_MANAGED_IDENTITY
2026-10-03 12:44:20.131 PDT [466805] CONTEXT:  PL/pgSQL function managed.immutable() line 2 at RAISE
2026-10-03 12:44:20.131 PDT [466805] STATEMENT:  UPDATE managed.schema_revision SET canonical_text=canonical_text
2026-10-03 12:44:20.131 PDT [466805] ERROR:  IMMUTABLE_MANAGED_IDENTITY
2026-10-03 12:44:20.131 PDT [466805] CONTEXT:  PL/pgSQL function managed.immutable() line 2 at RAISE
2026-10-03 12:44:20.131 PDT [466805] STATEMENT:  DELETE FROM managed.schema_revision
2026-10-03 12:44:20.131 PDT [466805] ERROR:  IMMUTABLE_MANAGED_IDENTITY
2026-10-03 12:44:20.131 PDT [466805] CONTEXT:  PL/pgSQL function managed.immutable() line 2 at RAISE
2026-10-03 12:44:20.131 PDT [466805] STATEMENT:  UPDATE managed.dataset SET dataset_id=dataset_id
2026-10-03 12:44:20.149 PDT [466805] ERROR:  IMMUTABLE_MANAGED_IDENTITY
2026-10-03 12:44:20.149 PDT [466805] CONTEXT:  PL/pgSQL function managed.immutable() line 2 at RAISE
2026-10-03 12:44:20.149 PDT [466805] STATEMENT:  DELETE FROM managed.feature_identity WHERE dataset_id='1dfdc02e-cc3b-44ff-80f4-793e83104e83'
2026-10-03 12:44:20.542 PDT [466812] ERROR:  STALE_HEAD
2026-10-03 12:44:20.542 PDT [466812] CONTEXT:  PL/pgSQL function apply_group(uuid,uuid,jsonb) line 15 at RAISE
	PL/pgSQL function apply_rows(uuid,uuid,uuid,jsonb,boolean) line 9 at RETURN
2026-10-03 12:44:20.542 PDT [466812] STATEMENT:  SELECT managed.apply_rows('ea79caeb-27c1-487d-8235-96f2e1c6d3b1','a23b48fa-9025-4a2f-a0c2-c39affbe94f6','8942a2b9-f553-4f43-9bde-000f55b04656','[{"fid":"2becbfb7-d9fc-4f0d-b685-107cfb95468f","values":{"name":"München","amount":"1.125"},"geometry":"SRID=4326;POINT(1 2)"}]'::jsonb,false)
2026-10-03 12:44:21.044 PDT [466698] LOG:  received fast shutdown request
2026-10-03 12:44:21.050 PDT [466698] LOG:  aborting any active transactions
2026-10-03 12:44:21.051 PDT [466698] LOG:  background worker "logical replication launcher" (PID 466710) exited with exit code 1
2026-10-03 12:44:21.051 PDT [466702] LOG:  shutting down
2026-10-03 12:44:21.057 PDT [466702] LOG:  checkpoint starting: shutdown immediate
2026-10-03 12:44:30.758 PDT [466702] LOG:  checkpoint complete: wrote 12777 buffers (78.0%); 0 WAL file(s) added, 0 removed, 5 recycled; write=0.151 s, sync=9.439 s, total=9.708 s; sync files=2660, longest=0.015 s, average=0.004 s; distance=89235 kB, estimate=89235 kB
2026-10-03 12:44:30.772 PDT [466698] LOG:  database system is shut down
