2026-10-03 13:10:06.656 PDT [472070] LOG:  starting PostgreSQL 15.19 on x86_64-pc-linux-gnu, compiled by gcc (GCC) 15.2.0, 64-bit
2026-10-03 13:10:06.656 PDT [472070] LOG:  listening on Unix socket "/tmp/ambisgis-fnd04-socket-j8mh97jb/.s.PGSQL.55484"
2026-10-03 13:10:06.692 PDT [472078] LOG:  database system was shut down at 2026-10-03 13:10:06 PDT
2026-10-03 13:10:06.727 PDT [472070] LOG:  database system is ready to accept connections
2026-10-03 13:10:07.571 PDT [472109] ERROR:  value "2147483648" is out of range for type integer at character 383
2026-10-03 13:10:07.571 PDT [472109] QUERY:  INSERT INTO managed.d_7c1ecd04eba046aeafaaa03614164dc2 (dataset_id,version_group_id,version_id,fid,object_id,feature_revision,small,large,flag,related,day,instant) VALUES ('7c1ecd04-eba0-46ae-afaa-a03614164dc2'::uuid,'f58ca525-ddce-4452-8e2b-998b50673438'::uuid,'892765f7-76b0-4787-aadb-fc7c31e8bceb'::uuid,'b42a0dad-5b72-40fb-bfe0-3ba0733c6f7d'::uuid,'1'::bigint,gen_random_uuid(),'2147483648'::integer,'9223372036854775807'::bigint,'true'::boolean,NULL::uuid,'2024-02-29'::date,'2024-01-01T01:30:00.123456+01:30'::timestamptz) ON CONFLICT(version_id,fid) DO UPDATE SET feature_revision=EXCLUDED.feature_revision,small=EXCLUDED.small,large=EXCLUDED.large,flag=EXCLUDED.flag,related=EXCLUDED.related,day=EXCLUDED.day,instant=EXCLUDED.instant
2026-10-03 13:10:07.571 PDT [472109] CONTEXT:  PL/pgSQL function raw_apply_rows(uuid,uuid,uuid,jsonb,boolean) line 89 at EXECUTE
	PL/pgSQL function apply_group(uuid,uuid,jsonb) line 68 at assignment
	PL/pgSQL function apply_rows(uuid,uuid,uuid,jsonb,boolean) line 9 at RETURN
2026-10-03 13:10:07.571 PDT [472109] STATEMENT:  SELECT managed.apply_rows('7c1ecd04-eba0-46ae-afaa-a03614164dc2','892765f7-76b0-4787-aadb-fc7c31e8bceb','c5d66562-a066-44d1-bb8b-2d8daf989b3d','[{"fid":"b42a0dad-5b72-40fb-bfe0-3ba0733c6f7d","values":{"small":2147483648,"large":"9223372036854775807","flag":true,"related":null,"day":"2024-02-29","instant":"2024-01-01T01:30:00.123456+01:30"}}]'::jsonb,true)
2026-10-03 13:10:07.572 PDT [472109] ERROR:  INVALID_TYPED_VALUE
2026-10-03 13:10:07.572 PDT [472109] CONTEXT:  PL/pgSQL function raw_apply_rows(uuid,uuid,uuid,jsonb,boolean) line 68 at RAISE
	PL/pgSQL function apply_group(uuid,uuid,jsonb) line 68 at assignment
	PL/pgSQL function apply_rows(uuid,uuid,uuid,jsonb,boolean) line 9 at RETURN
2026-10-03 13:10:07.572 PDT [472109] STATEMENT:  SELECT managed.apply_rows('7c1ecd04-eba0-46ae-afaa-a03614164dc2','892765f7-76b0-4787-aadb-fc7c31e8bceb','c5d66562-a066-44d1-bb8b-2d8daf989b3d','[{"fid":"b42a0dad-5b72-40fb-bfe0-3ba0733c6f7d","values":{"small":true,"large":"9223372036854775807","flag":true,"related":null,"day":"2024-02-29","instant":"2024-01-01T01:30:00.123456+01:30"}}]'::jsonb,true)
2026-10-03 13:10:07.573 PDT [472109] ERROR:  INVALID_TYPED_VALUE
2026-10-03 13:10:07.573 PDT [472109] CONTEXT:  PL/pgSQL function raw_apply_rows(uuid,uuid,uuid,jsonb,boolean) line 68 at RAISE
	PL/pgSQL function apply_group(uuid,uuid,jsonb) line 68 at assignment
	PL/pgSQL function apply_rows(uuid,uuid,uuid,jsonb,boolean) line 9 at RETURN
2026-10-03 13:10:07.573 PDT [472109] STATEMENT:  SELECT managed.apply_rows('7c1ecd04-eba0-46ae-afaa-a03614164dc2','892765f7-76b0-4787-aadb-fc7c31e8bceb','c5d66562-a066-44d1-bb8b-2d8daf989b3d','[{"fid":"b42a0dad-5b72-40fb-bfe0-3ba0733c6f7d","values":{"small":2147483647,"large":9223372036854775807,"flag":true,"related":null,"day":"2024-02-29","instant":"2024-01-01T01:30:00.123456+01:30"}}]'::jsonb,true)
2026-10-03 13:10:07.575 PDT [472109] ERROR:  value "9223372036854775808" is out of range for type bigint at character 405
2026-10-03 13:10:07.575 PDT [472109] QUERY:  INSERT INTO managed.d_7c1ecd04eba046aeafaaa03614164dc2 (dataset_id,version_group_id,version_id,fid,object_id,feature_revision,small,large,flag,related,day,instant) VALUES ('7c1ecd04-eba0-46ae-afaa-a03614164dc2'::uuid,'f58ca525-ddce-4452-8e2b-998b50673438'::uuid,'892765f7-76b0-4787-aadb-fc7c31e8bceb'::uuid,'b42a0dad-5b72-40fb-bfe0-3ba0733c6f7d'::uuid,'1'::bigint,gen_random_uuid(),'2147483647'::integer,'9223372036854775808'::bigint,'true'::boolean,NULL::uuid,'2024-02-29'::date,'2024-01-01T01:30:00.123456+01:30'::timestamptz) ON CONFLICT(version_id,fid) DO UPDATE SET feature_revision=EXCLUDED.feature_revision,small=EXCLUDED.small,large=EXCLUDED.large,flag=EXCLUDED.flag,related=EXCLUDED.related,day=EXCLUDED.day,instant=EXCLUDED.instant
2026-10-03 13:10:07.575 PDT [472109] CONTEXT:  PL/pgSQL function raw_apply_rows(uuid,uuid,uuid,jsonb,boolean) line 89 at EXECUTE
	PL/pgSQL function apply_group(uuid,uuid,jsonb) line 68 at assignment
	PL/pgSQL function apply_rows(uuid,uuid,uuid,jsonb,boolean) line 9 at RETURN
2026-10-03 13:10:07.575 PDT [472109] STATEMENT:  SELECT managed.apply_rows('7c1ecd04-eba0-46ae-afaa-a03614164dc2','892765f7-76b0-4787-aadb-fc7c31e8bceb','c5d66562-a066-44d1-bb8b-2d8daf989b3d','[{"fid":"b42a0dad-5b72-40fb-bfe0-3ba0733c6f7d","values":{"small":2147483647,"large":"9223372036854775808","flag":true,"related":null,"day":"2024-02-29","instant":"2024-01-01T01:30:00.123456+01:30"}}]'::jsonb,true)
2026-10-03 13:10:07.577 PDT [472109] ERROR:  INVALID_TYPED_VALUE
2026-10-03 13:10:07.577 PDT [472109] CONTEXT:  PL/pgSQL function raw_apply_rows(uuid,uuid,uuid,jsonb,boolean) line 68 at RAISE
	PL/pgSQL function apply_group(uuid,uuid,jsonb) line 68 at assignment
	PL/pgSQL function apply_rows(uuid,uuid,uuid,jsonb,boolean) line 9 at RETURN
2026-10-03 13:10:07.577 PDT [472109] STATEMENT:  SELECT managed.apply_rows('7c1ecd04-eba0-46ae-afaa-a03614164dc2','892765f7-76b0-4787-aadb-fc7c31e8bceb','c5d66562-a066-44d1-bb8b-2d8daf989b3d','[{"fid":"b42a0dad-5b72-40fb-bfe0-3ba0733c6f7d","values":{"small":2147483647,"large":"9223372036854775807","flag":"true","related":null,"day":"2024-02-29","instant":"2024-01-01T01:30:00.123456+01:30"}}]'::jsonb,true)
2026-10-03 13:10:07.578 PDT [472109] ERROR:  date/time field value out of range: "2023-02-29" at character 462
2026-10-03 13:10:07.578 PDT [472109] QUERY:  INSERT INTO managed.d_7c1ecd04eba046aeafaaa03614164dc2 (dataset_id,version_group_id,version_id,fid,object_id,feature_revision,small,large,flag,related,day,instant) VALUES ('7c1ecd04-eba0-46ae-afaa-a03614164dc2'::uuid,'f58ca525-ddce-4452-8e2b-998b50673438'::uuid,'892765f7-76b0-4787-aadb-fc7c31e8bceb'::uuid,'b42a0dad-5b72-40fb-bfe0-3ba0733c6f7d'::uuid,'1'::bigint,gen_random_uuid(),'2147483647'::integer,'9223372036854775807'::bigint,'true'::boolean,NULL::uuid,'2023-02-29'::date,'2024-01-01T01:30:00.123456+01:30'::timestamptz) ON CONFLICT(version_id,fid) DO UPDATE SET feature_revision=EXCLUDED.feature_revision,small=EXCLUDED.small,large=EXCLUDED.large,flag=EXCLUDED.flag,related=EXCLUDED.related,day=EXCLUDED.day,instant=EXCLUDED.instant
2026-10-03 13:10:07.578 PDT [472109] CONTEXT:  PL/pgSQL function raw_apply_rows(uuid,uuid,uuid,jsonb,boolean) line 89 at EXECUTE
	PL/pgSQL function apply_group(uuid,uuid,jsonb) line 68 at assignment
	PL/pgSQL function apply_rows(uuid,uuid,uuid,jsonb,boolean) line 9 at RETURN
2026-10-03 13:10:07.578 PDT [472109] STATEMENT:  SELECT managed.apply_rows('7c1ecd04-eba0-46ae-afaa-a03614164dc2','892765f7-76b0-4787-aadb-fc7c31e8bceb','c5d66562-a066-44d1-bb8b-2d8daf989b3d','[{"fid":"b42a0dad-5b72-40fb-bfe0-3ba0733c6f7d","values":{"small":2147483647,"large":"9223372036854775807","flag":true,"related":null,"day":"2023-02-29","instant":"2024-01-01T01:30:00.123456+01:30"}}]'::jsonb,true)
2026-10-03 13:10:07.579 PDT [472109] ERROR:  INVALID_TYPED_VALUE
2026-10-03 13:10:07.579 PDT [472109] CONTEXT:  PL/pgSQL function raw_apply_rows(uuid,uuid,uuid,jsonb,boolean) line 68 at RAISE
	PL/pgSQL function apply_group(uuid,uuid,jsonb) line 68 at assignment
	PL/pgSQL function apply_rows(uuid,uuid,uuid,jsonb,boolean) line 9 at RETURN
2026-10-03 13:10:07.579 PDT [472109] STATEMENT:  SELECT managed.apply_rows('7c1ecd04-eba0-46ae-afaa-a03614164dc2','892765f7-76b0-4787-aadb-fc7c31e8bceb','c5d66562-a066-44d1-bb8b-2d8daf989b3d','[{"fid":"b42a0dad-5b72-40fb-bfe0-3ba0733c6f7d","values":{"small":2147483647,"large":"9223372036854775807","flag":true,"related":null,"day":"2024-02-29","instant":"2024-01-01T24:00:00Z"}}]'::jsonb,true)
2026-10-03 13:10:07.580 PDT [472109] ERROR:  INVALID_TYPED_VALUE
2026-10-03 13:10:07.580 PDT [472109] CONTEXT:  PL/pgSQL function raw_apply_rows(uuid,uuid,uuid,jsonb,boolean) line 68 at RAISE
	PL/pgSQL function apply_group(uuid,uuid,jsonb) line 68 at assignment
	PL/pgSQL function apply_rows(uuid,uuid,uuid,jsonb,boolean) line 9 at RETURN
2026-10-03 13:10:07.580 PDT [472109] STATEMENT:  SELECT managed.apply_rows('7c1ecd04-eba0-46ae-afaa-a03614164dc2','892765f7-76b0-4787-aadb-fc7c31e8bceb','c5d66562-a066-44d1-bb8b-2d8daf989b3d','[{"fid":"b42a0dad-5b72-40fb-bfe0-3ba0733c6f7d","values":{"small":2147483647,"large":"9223372036854775807","flag":true,"related":null,"day":"2024-02-29","instant":"2024-01-01T00:00:00.1234567Z"}}]'::jsonb,true)
2026-10-03 13:10:07.582 PDT [472109] ERROR:  INVALID_TYPED_VALUE
2026-10-03 13:10:07.582 PDT [472109] CONTEXT:  PL/pgSQL function raw_apply_rows(uuid,uuid,uuid,jsonb,boolean) line 68 at RAISE
	PL/pgSQL function apply_group(uuid,uuid,jsonb) line 68 at assignment
	PL/pgSQL function apply_rows(uuid,uuid,uuid,jsonb,boolean) line 9 at RETURN
2026-10-03 13:10:07.582 PDT [472109] STATEMENT:  SELECT managed.apply_rows('7c1ecd04-eba0-46ae-afaa-a03614164dc2','892765f7-76b0-4787-aadb-fc7c31e8bceb','c5d66562-a066-44d1-bb8b-2d8daf989b3d','[{"fid":"b42a0dad-5b72-40fb-bfe0-3ba0733c6f7d","values":{"small":2147483647,"large":"9223372036854775807","flag":true,"related":null,"day":"2024-02-29","instant":"2024-01-01T00:00:00"}}]'::jsonb,true)
2026-10-03 13:10:07.583 PDT [472109] ERROR:  INVALID_TYPED_VALUE
2026-10-03 13:10:07.583 PDT [472109] CONTEXT:  PL/pgSQL function raw_apply_rows(uuid,uuid,uuid,jsonb,boolean) line 68 at RAISE
	PL/pgSQL function apply_group(uuid,uuid,jsonb) line 68 at assignment
	PL/pgSQL function apply_rows(uuid,uuid,uuid,jsonb,boolean) line 9 at RETURN
2026-10-03 13:10:07.583 PDT [472109] STATEMENT:  SELECT managed.apply_rows('7c1ecd04-eba0-46ae-afaa-a03614164dc2','892765f7-76b0-4787-aadb-fc7c31e8bceb','c5d66562-a066-44d1-bb8b-2d8daf989b3d','[{"fid":"b42a0dad-5b72-40fb-bfe0-3ba0733c6f7d","values":{"small":2147483647,"large":"9223372036854775807","flag":true,"related":"bad","day":"2024-02-29","instant":"2024-01-01T01:30:00.123456+01:30"}}]'::jsonb,true)
2026-10-03 13:10:07.614 PDT [472109] ERROR:  nextval: reached maximum value of sequence "oid_7c1ecd04eba046aeafaaa03614164dc2" (9223372036854775807)
2026-10-03 13:10:07.614 PDT [472109] CONTEXT:  PL/pgSQL function raw_apply_rows(uuid,uuid,uuid,jsonb,boolean) line 46 at assignment
	PL/pgSQL function apply_group(uuid,uuid,jsonb) line 68 at assignment
	PL/pgSQL function apply_rows(uuid,uuid,uuid,jsonb,boolean) line 9 at RETURN
2026-10-03 13:10:07.614 PDT [472109] STATEMENT:  SELECT managed.apply_rows('7c1ecd04-eba0-46ae-afaa-a03614164dc2','892765f7-76b0-4787-aadb-fc7c31e8bceb','f1c7d5b4-17fb-484f-a048-3fe3ea9ce20e','[{"fid":"14e94d55-a389-406d-95c9-6b35dee3ed75","values":{"small":2147483647,"large":"9223372036854775807","flag":true,"related":null,"day":"2024-02-29","instant":"2024-01-01T01:30:00.123456+01:30"}}]'::jsonb,true)
2026-10-03 13:10:08.657 PDT [472142] ERROR:  STALE_HEAD
2026-10-03 13:10:08.657 PDT [472142] CONTEXT:  PL/pgSQL function apply_group(uuid,uuid,jsonb) line 15 at RAISE
	PL/pgSQL function apply_rows(uuid,uuid,uuid,jsonb,boolean) line 9 at RETURN
2026-10-03 13:10:08.657 PDT [472142] STATEMENT:  SELECT managed.apply_rows('ba207641-ac79-47a0-9807-1ebc4c18f7b4','1888e301-3559-4409-a8d8-20a566a07261','94282dea-b78e-4178-ac43-566bd76c13fb','[{"fid":"2ed9464e-7f1b-4d27-9d1c-d3f98117c424","values":{"name":"München","amount":"1.125"},"geometry":"SRID=4326;POINT(1 2)"}]'::jsonb,false)
2026-10-03 13:10:08.667 PDT [472142] ERROR:  insert or update on table "d_ba207641ac7947a098071ebc4c18f7b4" violates foreign key constraint "d_ba207641ac7947a098071ebc4c18_version_group_id_version_id_fkey"
2026-10-03 13:10:08.667 PDT [472142] DETAIL:  Key (version_group_id, version_id)=(907310df-a483-49b0-91c0-7c1bdb3b45cd, e6bbd94d-dde9-49c4-b11b-eaf3af41e853) is not present in table "version".
2026-10-03 13:10:08.667 PDT [472142] STATEMENT:  UPDATE managed."d_ba207641ac7947a098071ebc4c18f7b4" SET version_id='e6bbd94d-dde9-49c4-b11b-eaf3af41e853'
2026-10-03 13:10:08.667 PDT [472142] ERROR:  new row for relation "d_ba207641ac7947a098071ebc4c18f7b4" violates check constraint "d_ba207641ac7947a098071ebc4c18f7b4_dataset_id_check"
2026-10-03 13:10:08.667 PDT [472142] DETAIL:  Failing row contains (ac0503b6-cbfa-4110-b834-534e7c61e0a5, 907310df-a483-49b0-91c0-7c1bdb3b45cd, 1888e301-3559-4409-a8d8-20a566a07261, affb1f1e-e300-4b77-9ede-986daad2da42, 1, acd59034-0c18-4949-805c-1e7cd4916c49, München, 1.125, 0101000020E6100000000000000000F03F0000000000000040).
2026-10-03 13:10:08.667 PDT [472142] STATEMENT:  UPDATE managed."d_ba207641ac7947a098071ebc4c18f7b4" SET dataset_id='ac0503b6-cbfa-4110-b834-534e7c61e0a5'
2026-10-03 13:10:08.667 PDT [472142] ERROR:  insert or update on table "d_ba207641ac7947a098071ebc4c18f7b4" violates foreign key constraint "d_ba207641ac7947a098071ebc4c18f7b_dataset_id_fid_object_id_fkey"
2026-10-03 13:10:08.667 PDT [472142] DETAIL:  Key (dataset_id, fid, object_id)=(ba207641-ac79-47a0-9807-1ebc4c18f7b4, affb1f1e-e300-4b77-9ede-986daad2da42, 999) is not present in table "feature_identity".
2026-10-03 13:10:08.667 PDT [472142] STATEMENT:  UPDATE managed."d_ba207641ac7947a098071ebc4c18f7b4" SET object_id=999
2026-10-03 13:10:08.667 PDT [472142] ERROR:  NAMED_VERSION_REQUIRES_BRANCH_RESERVATION
2026-10-03 13:10:08.667 PDT [472142] CONTEXT:  PL/pgSQL function branch_version_guard() line 10 at RAISE
2026-10-03 13:10:08.667 PDT [472142] STATEMENT:  COMMIT
2026-10-03 13:10:08.668 PDT [472142] ERROR:  DATASET_VERSION_MISMATCH
2026-10-03 13:10:08.668 PDT [472142] CONTEXT:  PL/pgSQL function apply_rows(uuid,uuid,uuid,jsonb,boolean) line 7 at RAISE
2026-10-03 13:10:08.668 PDT [472142] STATEMENT:  SELECT managed.apply_rows('ba207641-ac79-47a0-9807-1ebc4c18f7b4','e6bbd94d-dde9-49c4-b11b-eaf3af41e853','11822f1a-9f1d-435c-a9b0-8e95a16df314','[{"fid":"affb1f1e-e300-4b77-9ede-986daad2da42","values":{"name":"München","amount":"1.125"},"geometry":"SRID=4326;POINT(1 2)"}]'::jsonb,false)
2026-10-03 13:10:08.793 PDT [472154] ERROR:  new row for relation "d_cf847f6cf3a645b78188c314b436e773" violates check constraint "d_cf847f6cf3a645b78188c314b436e773_amount_check"
2026-10-03 13:10:08.793 PDT [472154] DETAIL:  Failing row contains (cf847f6c-f3a6-45b7-8188-c314b436e773, 759a005c-4272-4d77-b17a-ebfd0db5abf3, 3c7b841d-01f2-4b2e-8b9e-2d31bdc25f8b, f58b8f43-85cf-457b-9216-a99f4a04b8fd, 1, cfbdaba6-100c-4fe8-8267-4e0d71937040, 東京😀abcdΩ, 1.0001, 0101000020E6100000000000000000F03F0000000000000040).
2026-10-03 13:10:08.793 PDT [472154] STATEMENT:  UPDATE managed."d_cf847f6cf3a645b78188c314b436e773" SET amount=1.0001
2026-10-03 13:10:08.793 PDT [472154] ERROR:  new row for relation "d_cf847f6cf3a645b78188c314b436e773" violates check constraint "d_cf847f6cf3a645b78188c314b436e773_amount_check"
2026-10-03 13:10:08.793 PDT [472154] DETAIL:  Failing row contains (cf847f6c-f3a6-45b7-8188-c314b436e773, 759a005c-4272-4d77-b17a-ebfd0db5abf3, 3c7b841d-01f2-4b2e-8b9e-2d31bdc25f8b, f58b8f43-85cf-457b-9216-a99f4a04b8fd, 1, cfbdaba6-100c-4fe8-8267-4e0d71937040, 東京😀abcdΩ, NaN, 0101000020E6100000000000000000F03F0000000000000040).
2026-10-03 13:10:08.793 PDT [472154] STATEMENT:  UPDATE managed."d_cf847f6cf3a645b78188c314b436e773" SET amount='NaN'::numeric
2026-10-03 13:10:08.793 PDT [472154] ERROR:  new row for relation "d_cf847f6cf3a645b78188c314b436e773" violates check constraint "d_cf847f6cf3a645b78188c314b436e773_amount_check"
2026-10-03 13:10:08.793 PDT [472154] DETAIL:  Failing row contains (cf847f6c-f3a6-45b7-8188-c314b436e773, 759a005c-4272-4d77-b17a-ebfd0db5abf3, 3c7b841d-01f2-4b2e-8b9e-2d31bdc25f8b, f58b8f43-85cf-457b-9216-a99f4a04b8fd, 1, cfbdaba6-100c-4fe8-8267-4e0d71937040, 東京😀abcdΩ, Infinity, 0101000020E6100000000000000000F03F0000000000000040).
2026-10-03 13:10:08.793 PDT [472154] STATEMENT:  UPDATE managed."d_cf847f6cf3a645b78188c314b436e773" SET amount='Infinity'::numeric
2026-10-03 13:10:08.793 PDT [472154] ERROR:  new row for relation "d_cf847f6cf3a645b78188c314b436e773" violates check constraint "d_cf847f6cf3a645b78188c314b436e773_name_check"
2026-10-03 13:10:08.793 PDT [472154] DETAIL:  Failing row contains (cf847f6c-f3a6-45b7-8188-c314b436e773, 759a005c-4272-4d77-b17a-ebfd0db5abf3, 3c7b841d-01f2-4b2e-8b9e-2d31bdc25f8b, f58b8f43-85cf-457b-9216-a99f4a04b8fd, 1, cfbdaba6-100c-4fe8-8267-4e0d71937040, 123456789, -999999999.999, 0101000020E6100000000000000000F03F0000000000000040).
2026-10-03 13:10:08.793 PDT [472154] STATEMENT:  UPDATE managed."d_cf847f6cf3a645b78188c314b436e773" SET name='123456789'
2026-10-03 13:10:08.793 PDT [472154] ERROR:  new row for relation "d_cf847f6cf3a645b78188c314b436e773" violates check constraint "d_cf847f6cf3a645b78188c314b436e773_name_check"
2026-10-03 13:10:08.793 PDT [472154] DETAIL:  Failing row contains (cf847f6c-f3a6-45b7-8188-c314b436e773, 759a005c-4272-4d77-b17a-ebfd0db5abf3, 3c7b841d-01f2-4b2e-8b9e-2d31bdc25f8b, f58b8f43-85cf-457b-9216-a99f4a04b8fd, 1, cfbdaba6-100c-4fe8-8267-4e0d71937040, 12345678 , -999999999.999, 0101000020E6100000000000000000F03F0000000000000040).
2026-10-03 13:10:08.793 PDT [472154] STATEMENT:  UPDATE managed."d_cf847f6cf3a645b78188c314b436e773" SET name='12345678 '
2026-10-03 13:10:08.795 PDT [472154] ERROR:  INVALID_TYPED_VALUE
2026-10-03 13:10:08.795 PDT [472154] CONTEXT:  PL/pgSQL function raw_apply_rows(uuid,uuid,uuid,jsonb,boolean) line 68 at RAISE
	PL/pgSQL function apply_group(uuid,uuid,jsonb) line 68 at assignment
	PL/pgSQL function apply_rows(uuid,uuid,uuid,jsonb,boolean) line 9 at RETURN
2026-10-03 13:10:08.795 PDT [472154] STATEMENT:  SELECT managed.apply_rows('cf847f6c-f3a6-45b7-8188-c314b436e773','3c7b841d-01f2-4b2e-8b9e-2d31bdc25f8b','f4fd785d-4187-444f-9c1c-55af53f5ee41','[{"fid":"86a04d93-fa1c-493b-b656-fcd7b06e5338","values":{"name":"","amount":1.125},"geometry":"SRID=4326;POINT(1 2)"}]'::jsonb,true)
2026-10-03 13:10:09.061 PDT [472164] ERROR:  division by zero
2026-10-03 13:10:09.061 PDT [472164] STATEMENT:  CREATE TABLE managed.partial(x int); SELECT 1/0;
2026-10-03 13:10:09.180 PDT [472170] ERROR:  null value in column "geom" of relation "d_9fad5c258d604ea298293ab7acad9706" violates not-null constraint
2026-10-03 13:10:09.180 PDT [472170] DETAIL:  Failing row contains (9fad5c25-8d60-4ea2-9829-3ab7acad9706, 0f4e3475-d9af-4398-a81b-eae3b08fce7c, 27b16c7b-ab7b-4473-92fa-acba8efba4c2, 17aa964a-89f1-4cb1-9c10-46a874254ae4, 1, f06d4795-57ac-4c32-aef4-0cff6d496669, München, 1.125, null).
2026-10-03 13:10:09.180 PDT [472170] CONTEXT:  SQL statement "INSERT INTO managed.d_9fad5c258d604ea298293ab7acad9706 (dataset_id,version_group_id,version_id,fid,object_id,feature_revision,name,amount,geom) VALUES ('9fad5c25-8d60-4ea2-9829-3ab7acad9706'::uuid,'0f4e3475-d9af-4398-a81b-eae3b08fce7c'::uuid,'27b16c7b-ab7b-4473-92fa-acba8efba4c2'::uuid,'17aa964a-89f1-4cb1-9c10-46a874254ae4'::uuid,'1'::bigint,gen_random_uuid(),'München'::text,'1.125'::numeric,NULL) ON CONFLICT(version_id,fid) DO UPDATE SET feature_revision=EXCLUDED.feature_revision,name=EXCLUDED.name,amount=EXCLUDED.amount,geom=EXCLUDED.geom"
	PL/pgSQL function raw_apply_rows(uuid,uuid,uuid,jsonb,boolean) line 89 at EXECUTE
	PL/pgSQL function apply_group(uuid,uuid,jsonb) line 68 at assignment
	PL/pgSQL function apply_rows(uuid,uuid,uuid,jsonb,boolean) line 9 at RETURN
2026-10-03 13:10:09.180 PDT [472170] STATEMENT:  SELECT managed.apply_rows('9fad5c25-8d60-4ea2-9829-3ab7acad9706','27b16c7b-ab7b-4473-92fa-acba8efba4c2','a7b22ba3-31a5-455c-a6b1-86435698f89f','[{"fid":"17aa964a-89f1-4cb1-9c10-46a874254ae4","values":{"name":"München","amount":"1.125"},"geometry":null}]'::jsonb,true)
2026-10-03 13:10:09.182 PDT [472170] ERROR:  new row for relation "d_9fad5c258d604ea298293ab7acad9706" violates check constraint "d_9fad5c258d604ea298293ab7acad9706_geom_check"
2026-10-03 13:10:09.182 PDT [472170] DETAIL:  Failing row contains (9fad5c25-8d60-4ea2-9829-3ab7acad9706, 0f4e3475-d9af-4398-a81b-eae3b08fce7c, 27b16c7b-ab7b-4473-92fa-acba8efba4c2, 1913b6ae-7ce5-495c-b80f-f58c1a8ea2d2, 2, 59d81dc3-fdd7-4dd6-b6a7-32b57dbfeed7, München, 1.125, 0101000020E6100000000000000000F87F000000000000F87F).
2026-10-03 13:10:09.182 PDT [472170] CONTEXT:  SQL statement "INSERT INTO managed.d_9fad5c258d604ea298293ab7acad9706 (dataset_id,version_group_id,version_id,fid,object_id,feature_revision,name,amount,geom) VALUES ('9fad5c25-8d60-4ea2-9829-3ab7acad9706'::uuid,'0f4e3475-d9af-4398-a81b-eae3b08fce7c'::uuid,'27b16c7b-ab7b-4473-92fa-acba8efba4c2'::uuid,'1913b6ae-7ce5-495c-b80f-f58c1a8ea2d2'::uuid,'2'::bigint,gen_random_uuid(),'München'::text,'1.125'::numeric,public.ST_GeomFromEWKT('SRID=4326;POINT EMPTY')) ON CONFLICT(version_id,fid) DO UPDATE SET feature_revision=EXCLUDED.feature_revision,name=EXCLUDED.name,amount=EXCLUDED.amount,geom=EXCLUDED.geom"
	PL/pgSQL function raw_apply_rows(uuid,uuid,uuid,jsonb,boolean) line 89 at EXECUTE
	PL/pgSQL function apply_group(uuid,uuid,jsonb) line 68 at assignment
	PL/pgSQL function apply_rows(uuid,uuid,uuid,jsonb,boolean) line 9 at RETURN
2026-10-03 13:10:09.182 PDT [472170] STATEMENT:  SELECT managed.apply_rows('9fad5c25-8d60-4ea2-9829-3ab7acad9706','27b16c7b-ab7b-4473-92fa-acba8efba4c2','a7b22ba3-31a5-455c-a6b1-86435698f89f','[{"fid":"1913b6ae-7ce5-495c-b80f-f58c1a8ea2d2","values":{"name":"München","amount":"1.125"},"geometry":"SRID=4326;POINT EMPTY"}]'::jsonb,true)
2026-10-03 13:10:09.184 PDT [472170] ERROR:  new row for relation "d_9fad5c258d604ea298293ab7acad9706" violates check constraint "d_9fad5c258d604ea298293ab7acad9706_geom_check"
2026-10-03 13:10:09.184 PDT [472170] DETAIL:  Failing row contains (9fad5c25-8d60-4ea2-9829-3ab7acad9706, 0f4e3475-d9af-4398-a81b-eae3b08fce7c, 27b16c7b-ab7b-4473-92fa-acba8efba4c2, b2c68d3f-760c-428f-a9d3-24d00b4eae31, 3, bfb30d1e-c833-45ab-b842-01e3c17d331b, München, 1.125, 0101000020E6100000000000000000F87F0000000000000040).
2026-10-03 13:10:09.184 PDT [472170] CONTEXT:  SQL statement "INSERT INTO managed.d_9fad5c258d604ea298293ab7acad9706 (dataset_id,version_group_id,version_id,fid,object_id,feature_revision,name,amount,geom) VALUES ('9fad5c25-8d60-4ea2-9829-3ab7acad9706'::uuid,'0f4e3475-d9af-4398-a81b-eae3b08fce7c'::uuid,'27b16c7b-ab7b-4473-92fa-acba8efba4c2'::uuid,'b2c68d3f-760c-428f-a9d3-24d00b4eae31'::uuid,'3'::bigint,gen_random_uuid(),'München'::text,'1.125'::numeric,public.ST_GeomFromEWKT('SRID=4326;POINT(NaN 2)')) ON CONFLICT(version_id,fid) DO UPDATE SET feature_revision=EXCLUDED.feature_revision,name=EXCLUDED.name,amount=EXCLUDED.amount,geom=EXCLUDED.geom"
	PL/pgSQL function raw_apply_rows(uuid,uuid,uuid,jsonb,boolean) line 89 at EXECUTE
	PL/pgSQL function apply_group(uuid,uuid,jsonb) line 68 at assignment
	PL/pgSQL function apply_rows(uuid,uuid,uuid,jsonb,boolean) line 9 at RETURN
2026-10-03 13:10:09.184 PDT [472170] STATEMENT:  SELECT managed.apply_rows('9fad5c25-8d60-4ea2-9829-3ab7acad9706','27b16c7b-ab7b-4473-92fa-acba8efba4c2','a7b22ba3-31a5-455c-a6b1-86435698f89f','[{"fid":"b2c68d3f-760c-428f-a9d3-24d00b4eae31","values":{"name":"München","amount":"1.125"},"geometry":"SRID=4326;POINT(NaN 2)"}]'::jsonb,true)
2026-10-03 13:10:09.186 PDT [472170] ERROR:  parse error - invalid geometry
2026-10-03 13:10:09.186 PDT [472170] HINT:  "SRID=4326;POINT(In" <-- parse error at position 18 within geometry
2026-10-03 13:10:09.186 PDT [472170] CONTEXT:  SQL statement "INSERT INTO managed.d_9fad5c258d604ea298293ab7acad9706 (dataset_id,version_group_id,version_id,fid,object_id,feature_revision,name,amount,geom) VALUES ('9fad5c25-8d60-4ea2-9829-3ab7acad9706'::uuid,'0f4e3475-d9af-4398-a81b-eae3b08fce7c'::uuid,'27b16c7b-ab7b-4473-92fa-acba8efba4c2'::uuid,'667ba10c-185c-4c66-9b2e-62c4be6735fc'::uuid,'4'::bigint,gen_random_uuid(),'München'::text,'1.125'::numeric,public.ST_GeomFromEWKT('SRID=4326;POINT(Infinity 2)')) ON CONFLICT(version_id,fid) DO UPDATE SET feature_revision=EXCLUDED.feature_revision,name=EXCLUDED.name,amount=EXCLUDED.amount,geom=EXCLUDED.geom"
	PL/pgSQL function raw_apply_rows(uuid,uuid,uuid,jsonb,boolean) line 89 at EXECUTE
	PL/pgSQL function apply_group(uuid,uuid,jsonb) line 68 at assignment
	PL/pgSQL function apply_rows(uuid,uuid,uuid,jsonb,boolean) line 9 at RETURN
2026-10-03 13:10:09.186 PDT [472170] STATEMENT:  SELECT managed.apply_rows('9fad5c25-8d60-4ea2-9829-3ab7acad9706','27b16c7b-ab7b-4473-92fa-acba8efba4c2','a7b22ba3-31a5-455c-a6b1-86435698f89f','[{"fid":"667ba10c-185c-4c66-9b2e-62c4be6735fc","values":{"name":"München","amount":"1.125"},"geometry":"SRID=4326;POINT(Infinity 2)"}]'::jsonb,true)
2026-10-03 13:10:09.187 PDT [472170] ERROR:  INVALID_GEOMETRY_INPUT
2026-10-03 13:10:09.187 PDT [472170] CONTEXT:  PL/pgSQL function raw_apply_rows(uuid,uuid,uuid,jsonb,boolean) line 84 at RAISE
	PL/pgSQL function apply_group(uuid,uuid,jsonb) line 68 at assignment
	PL/pgSQL function apply_rows(uuid,uuid,uuid,jsonb,boolean) line 9 at RETURN
2026-10-03 13:10:09.187 PDT [472170] STATEMENT:  SELECT managed.apply_rows('9fad5c25-8d60-4ea2-9829-3ab7acad9706','27b16c7b-ab7b-4473-92fa-acba8efba4c2','a7b22ba3-31a5-455c-a6b1-86435698f89f','[{"fid":"feeecfae-572a-42b2-9415-1844ab38973f","values":{"name":"München","amount":"1.125"},"geometry":"POINT(1 2)"}]'::jsonb,true)
2026-10-03 13:10:09.346 PDT [472170] ERROR:  new row for relation "d_f51778c32bf64158b6bd8b917eab758a" violates check constraint "d_f51778c32bf64158b6bd8b917eab758a_geom_check"
2026-10-03 13:10:09.346 PDT [472170] DETAIL:  Failing row contains (f51778c3-2bf6-4158-b6bd-8b917eab758a, 639bd49d-1a8c-4fa6-849d-fcb399bd7c16, 073671da-b0bb-465a-82cf-714da47f2c13, 312997a3-2a48-46b0-906e-13f289034b40, 1, 528e2d1a-7a7c-4ffe-baab-1a7be257cf57, München, 1.125, 01010000A0E6100000000000000000F03F0000000000000040000000000000F8...).
2026-10-03 13:10:09.346 PDT [472170] CONTEXT:  SQL statement "INSERT INTO managed.d_f51778c32bf64158b6bd8b917eab758a (dataset_id,version_group_id,version_id,fid,object_id,feature_revision,name,amount,geom) VALUES ('f51778c3-2bf6-4158-b6bd-8b917eab758a'::uuid,'639bd49d-1a8c-4fa6-849d-fcb399bd7c16'::uuid,'073671da-b0bb-465a-82cf-714da47f2c13'::uuid,'312997a3-2a48-46b0-906e-13f289034b40'::uuid,'1'::bigint,gen_random_uuid(),'München'::text,'1.125'::numeric,public.ST_GeomFromEWKT('SRID=4326;POINT Z(1 2 NaN)')) ON CONFLICT(version_id,fid) DO UPDATE SET feature_revision=EXCLUDED.feature_revision,name=EXCLUDED.name,amount=EXCLUDED.amount,geom=EXCLUDED.geom"
	PL/pgSQL function raw_apply_rows(uuid,uuid,uuid,jsonb,boolean) line 89 at EXECUTE
	PL/pgSQL function apply_group(uuid,uuid,jsonb) line 68 at assignment
	PL/pgSQL function apply_rows(uuid,uuid,uuid,jsonb,boolean) line 9 at RETURN
2026-10-03 13:10:09.346 PDT [472170] STATEMENT:  SELECT managed.apply_rows('f51778c3-2bf6-4158-b6bd-8b917eab758a','073671da-b0bb-465a-82cf-714da47f2c13','82cfad29-4c1b-448a-b590-804f1245b311','[{"fid":"312997a3-2a48-46b0-906e-13f289034b40","values":{"name":"München","amount":"1.125"},"geometry":"SRID=4326;POINT Z(1 2 NaN)"}]'::jsonb,true)
2026-10-03 13:10:09.463 PDT [472170] ERROR:  parse error - invalid geometry
2026-10-03 13:10:09.463 PDT [472170] HINT:  "SRID=4326;POINT M(1 2 In" <-- parse error at position 24 within geometry
2026-10-03 13:10:09.463 PDT [472170] CONTEXT:  SQL statement "INSERT INTO managed.d_c5c5501490224ea1b0e4e5539fbd1cd4 (dataset_id,version_group_id,version_id,fid,object_id,feature_revision,name,amount,geom) VALUES ('c5c55014-9022-4ea1-b0e4-e5539fbd1cd4'::uuid,'3d75062b-fa94-4fa9-a85c-2a5b0bf38344'::uuid,'2dfc0026-2b2d-4178-a6a9-1d870362444d'::uuid,'50eda26b-5dca-4db2-ac05-011d3756b4a5'::uuid,'1'::bigint,gen_random_uuid(),'München'::text,'1.125'::numeric,public.ST_GeomFromEWKT('SRID=4326;POINT M(1 2 Infinity)')) ON CONFLICT(version_id,fid) DO UPDATE SET feature_revision=EXCLUDED.feature_revision,name=EXCLUDED.name,amount=EXCLUDED.amount,geom=EXCLUDED.geom"
	PL/pgSQL function raw_apply_rows(uuid,uuid,uuid,jsonb,boolean) line 89 at EXECUTE
	PL/pgSQL function apply_group(uuid,uuid,jsonb) line 68 at assignment
	PL/pgSQL function apply_rows(uuid,uuid,uuid,jsonb,boolean) line 9 at RETURN
2026-10-03 13:10:09.463 PDT [472170] STATEMENT:  SELECT managed.apply_rows('c5c55014-9022-4ea1-b0e4-e5539fbd1cd4','2dfc0026-2b2d-4178-a6a9-1d870362444d','e64bd41b-4b1e-444b-9fe1-6f84dd6fcae1','[{"fid":"50eda26b-5dca-4db2-ac05-011d3756b4a5","values":{"name":"München","amount":"1.125"},"geometry":"SRID=4326;POINT M(1 2 Infinity)"}]'::jsonb,true)
2026-10-03 13:10:09.571 PDT [472170] ERROR:  new row for relation "d_b20f309e03ed47998554861a6cd21c9b" violates check constraint "d_b20f309e03ed47998554861a6cd21c9b_geom_check"
2026-10-03 13:10:09.571 PDT [472170] DETAIL:  Failing row contains (b20f309e-03ed-4799-8554-861a6cd21c9b, 79e7ca2b-3319-4944-9bc1-e9be32282070, 21e2c2ce-bb6e-4bc1-9f9d-b9b3cedd7057, ca196115-f45c-4701-9c7d-5e1aad890005, 1, 3ba38b9a-7549-4bb8-8162-dd41327d411c, München, 1.125, 01010000E0E6100000000000000000F03F000000000000004000000000000008...).
2026-10-03 13:10:09.571 PDT [472170] CONTEXT:  SQL statement "INSERT INTO managed.d_b20f309e03ed47998554861a6cd21c9b (dataset_id,version_group_id,version_id,fid,object_id,feature_revision,name,amount,geom) VALUES ('b20f309e-03ed-4799-8554-861a6cd21c9b'::uuid,'79e7ca2b-3319-4944-9bc1-e9be32282070'::uuid,'21e2c2ce-bb6e-4bc1-9f9d-b9b3cedd7057'::uuid,'ca196115-f45c-4701-9c7d-5e1aad890005'::uuid,'1'::bigint,gen_random_uuid(),'München'::text,'1.125'::numeric,public.ST_GeomFromEWKT('SRID=4326;POINT ZM(1 2 3 NaN)')) ON CONFLICT(version_id,fid) DO UPDATE SET feature_revision=EXCLUDED.feature_revision,name=EXCLUDED.name,amount=EXCLUDED.amount,geom=EXCLUDED.geom"
	PL/pgSQL function raw_apply_rows(uuid,uuid,uuid,jsonb,boolean) line 89 at EXECUTE
	PL/pgSQL function apply_group(uuid,uuid,jsonb) line 68 at assignment
	PL/pgSQL function apply_rows(uuid,uuid,uuid,jsonb,boolean) line 9 at RETURN
2026-10-03 13:10:09.571 PDT [472170] STATEMENT:  SELECT managed.apply_rows('b20f309e-03ed-4799-8554-861a6cd21c9b','21e2c2ce-bb6e-4bc1-9f9d-b9b3cedd7057','4a021a84-599b-4d26-b216-e2cde0175d73','[{"fid":"ca196115-f45c-4701-9c7d-5e1aad890005","values":{"name":"München","amount":"1.125"},"geometry":"SRID=4326;POINT ZM(1 2 3 NaN)"}]'::jsonb,true)
2026-10-03 13:10:09.680 PDT [472170] ERROR:  new row for relation "d_111f1456799f472990c0bf4bd88410de" violates check constraint "d_111f1456799f472990c0bf4bd88410de_geom_check"
2026-10-03 13:10:09.680 PDT [472170] DETAIL:  Failing row contains (111f1456-799f-4729-90c0-bf4bd88410de, 37e07486-fbcc-47f2-8060-f29ddc2f7474, 70a1056a-84bb-4bc6-bfc5-efb3be7c4baf, a9d1238f-3037-441c-8ed9-df86475d56db, 1, fea2d044-11da-4e83-a915-7ed552fef335, München, 1.125, 0103000020E61000000100000005000000000000000000000000000000000000...).
2026-10-03 13:10:09.680 PDT [472170] CONTEXT:  SQL statement "INSERT INTO managed.d_111f1456799f472990c0bf4bd88410de (dataset_id,version_group_id,version_id,fid,object_id,feature_revision,name,amount,geom) VALUES ('111f1456-799f-4729-90c0-bf4bd88410de'::uuid,'37e07486-fbcc-47f2-8060-f29ddc2f7474'::uuid,'70a1056a-84bb-4bc6-bfc5-efb3be7c4baf'::uuid,'a9d1238f-3037-441c-8ed9-df86475d56db'::uuid,'1'::bigint,gen_random_uuid(),'München'::text,'1.125'::numeric,public.ST_GeomFromEWKT('SRID=4326;POLYGON((0 0,2 2,0 2,2 0,0 0))')) ON CONFLICT(version_id,fid) DO UPDATE SET feature_revision=EXCLUDED.feature_revision,name=EXCLUDED.name,amount=EXCLUDED.amount,geom=EXCLUDED.geom"
	PL/pgSQL function raw_apply_rows(uuid,uuid,uuid,jsonb,boolean) line 89 at EXECUTE
	PL/pgSQL function apply_group(uuid,uuid,jsonb) line 68 at assignment
	PL/pgSQL function apply_rows(uuid,uuid,uuid,jsonb,boolean) line 9 at RETURN
2026-10-03 13:10:09.680 PDT [472170] STATEMENT:  SELECT managed.apply_rows('111f1456-799f-4729-90c0-bf4bd88410de','70a1056a-84bb-4bc6-bfc5-efb3be7c4baf','a11f1df0-a907-48e4-9e9f-13bb92456997','[{"fid":"a9d1238f-3037-441c-8ed9-df86475d56db","values":{"name":"München","amount":"1.125"},"geometry":"SRID=4326;POLYGON((0 0,2 2,0 2,2 0,0 0))"}]'::jsonb,true)
2026-10-03 13:10:09.807 PDT [472185] ERROR:  new row for relation "d_dc3654044f3a47efa6c73f616cb4366e" violates check constraint "d_dc3654044f3a47efa6c73f616cb4366e_geom_check"
2026-10-03 13:10:09.807 PDT [472185] DETAIL:  Failing row contains (dc365404-4f3a-47ef-a6c7-3f616cb4366e, c4d1e8f4-4959-4e28-81a5-95a278b04e25, 0d08cc22-5aa4-4f6a-a54b-21f8469eb991, 7da3c881-1cc4-43d2-a750-2684110c7473, 2, 5c64370f-755a-4235-8a6d-d490cae5bf18, München, 1.125, 0101000000000000000000F03F0000000000000040).
2026-10-03 13:10:09.807 PDT [472185] CONTEXT:  SQL statement "INSERT INTO managed.d_dc3654044f3a47efa6c73f616cb4366e (dataset_id,version_group_id,version_id,fid,object_id,feature_revision,name,amount,geom) VALUES ('dc365404-4f3a-47ef-a6c7-3f616cb4366e'::uuid,'c4d1e8f4-4959-4e28-81a5-95a278b04e25'::uuid,'0d08cc22-5aa4-4f6a-a54b-21f8469eb991'::uuid,'7da3c881-1cc4-43d2-a750-2684110c7473'::uuid,'2'::bigint,gen_random_uuid(),'München'::text,'1.125'::numeric,public.ST_GeomFromEWKT('SRID=0;POINT (1 2)')) ON CONFLICT(version_id,fid) DO UPDATE SET feature_revision=EXCLUDED.feature_revision,name=EXCLUDED.name,amount=EXCLUDED.amount,geom=EXCLUDED.geom"
	PL/pgSQL function raw_apply_rows(uuid,uuid,uuid,jsonb,boolean) line 89 at EXECUTE
	PL/pgSQL function apply_group(uuid,uuid,jsonb) line 68 at assignment
	PL/pgSQL function apply_rows(uuid,uuid,uuid,jsonb,boolean) line 9 at RETURN
2026-10-03 13:10:09.807 PDT [472185] STATEMENT:  SELECT managed.apply_rows('dc365404-4f3a-47ef-a6c7-3f616cb4366e','0d08cc22-5aa4-4f6a-a54b-21f8469eb991','09e0c218-6a8c-4f2b-aacf-50c2a77a6af4','[{"fid":"7da3c881-1cc4-43d2-a750-2684110c7473","values":{"name":"München","amount":"1.125"},"geometry":"SRID=0;POINT (1 2)"}]'::jsonb,true)
2026-10-03 13:10:09.809 PDT [472185] ERROR:  new row for relation "d_dc3654044f3a47efa6c73f616cb4366e" violates check constraint "d_dc3654044f3a47efa6c73f616cb4366e_geom_check"
2026-10-03 13:10:09.809 PDT [472185] DETAIL:  Failing row contains (dc365404-4f3a-47ef-a6c7-3f616cb4366e, c4d1e8f4-4959-4e28-81a5-95a278b04e25, 0d08cc22-5aa4-4f6a-a54b-21f8469eb991, 82cff1e6-c4a5-4455-9f93-2d03233a4b1c, 3, 1a0d322c-6802-4d5e-82ec-4b5273c41ee4, München, 1.125, 0101000020B6080000000000000000F03F0000000000000040).
2026-10-03 13:10:09.809 PDT [472185] CONTEXT:  SQL statement "INSERT INTO managed.d_dc3654044f3a47efa6c73f616cb4366e (dataset_id,version_group_id,version_id,fid,object_id,feature_revision,name,amount,geom) VALUES ('dc365404-4f3a-47ef-a6c7-3f616cb4366e'::uuid,'c4d1e8f4-4959-4e28-81a5-95a278b04e25'::uuid,'0d08cc22-5aa4-4f6a-a54b-21f8469eb991'::uuid,'82cff1e6-c4a5-4455-9f93-2d03233a4b1c'::uuid,'3'::bigint,gen_random_uuid(),'München'::text,'1.125'::numeric,public.ST_GeomFromEWKT('SRID=2230;POINT (1 2)')) ON CONFLICT(version_id,fid) DO UPDATE SET feature_revision=EXCLUDED.feature_revision,name=EXCLUDED.name,amount=EXCLUDED.amount,geom=EXCLUDED.geom"
	PL/pgSQL function raw_apply_rows(uuid,uuid,uuid,jsonb,boolean) line 89 at EXECUTE
	PL/pgSQL function apply_group(uuid,uuid,jsonb) line 68 at assignment
	PL/pgSQL function apply_rows(uuid,uuid,uuid,jsonb,boolean) line 9 at RETURN
2026-10-03 13:10:09.809 PDT [472185] STATEMENT:  SELECT managed.apply_rows('dc365404-4f3a-47ef-a6c7-3f616cb4366e','0d08cc22-5aa4-4f6a-a54b-21f8469eb991','09e0c218-6a8c-4f2b-aacf-50c2a77a6af4','[{"fid":"82cff1e6-c4a5-4455-9f93-2d03233a4b1c","values":{"name":"München","amount":"1.125"},"geometry":"SRID=2230;POINT (1 2)"}]'::jsonb,true)
2026-10-03 13:10:09.811 PDT [472185] ERROR:  new row for relation "d_dc3654044f3a47efa6c73f616cb4366e" violates check constraint "d_dc3654044f3a47efa6c73f616cb4366e_geom_check"
2026-10-03 13:10:09.811 PDT [472185] DETAIL:  Failing row contains (dc365404-4f3a-47ef-a6c7-3f616cb4366e, c4d1e8f4-4959-4e28-81a5-95a278b04e25, 0d08cc22-5aa4-4f6a-a54b-21f8469eb991, 22e253a5-460a-4a8e-ba5a-e26b9c93a9b8, 4, 36b5df89-b524-4860-bb91-9bd6a556b8ee, München, 1.125, 01010000A0E6100000000000000000F03F000000000000004000000000000008...).
2026-10-03 13:10:09.811 PDT [472185] CONTEXT:  SQL statement "INSERT INTO managed.d_dc3654044f3a47efa6c73f616cb4366e (dataset_id,version_group_id,version_id,fid,object_id,feature_revision,name,amount,geom) VALUES ('dc365404-4f3a-47ef-a6c7-3f616cb4366e'::uuid,'c4d1e8f4-4959-4e28-81a5-95a278b04e25'::uuid,'0d08cc22-5aa4-4f6a-a54b-21f8469eb991'::uuid,'22e253a5-460a-4a8e-ba5a-e26b9c93a9b8'::uuid,'4'::bigint,gen_random_uuid(),'München'::text,'1.125'::numeric,public.ST_GeomFromEWKT('SRID=4326;POINT Z(1 2 3)')) ON CONFLICT(version_id,fid) DO UPDATE SET feature_revision=EXCLUDED.feature_revision,name=EXCLUDED.name,amount=EXCLUDED.amount,geom=EXCLUDED.geom"
	PL/pgSQL function raw_apply_rows(uuid,uuid,uuid,jsonb,boolean) line 89 at EXECUTE
	PL/pgSQL function apply_group(uuid,uuid,jsonb) line 68 at assignment
	PL/pgSQL function apply_rows(uuid,uuid,uuid,jsonb,boolean) line 9 at RETURN
2026-10-03 13:10:09.811 PDT [472185] STATEMENT:  SELECT managed.apply_rows('dc365404-4f3a-47ef-a6c7-3f616cb4366e','0d08cc22-5aa4-4f6a-a54b-21f8469eb991','09e0c218-6a8c-4f2b-aacf-50c2a77a6af4','[{"fid":"22e253a5-460a-4a8e-ba5a-e26b9c93a9b8","values":{"name":"München","amount":"1.125"},"geometry":"SRID=4326;POINT Z(1 2 3)"}]'::jsonb,true)
2026-10-03 13:10:09.812 PDT [472185] ERROR:  new row for relation "d_dc3654044f3a47efa6c73f616cb4366e" violates check constraint "d_dc3654044f3a47efa6c73f616cb4366e_geom_check"
2026-10-03 13:10:09.812 PDT [472185] DETAIL:  Failing row contains (dc365404-4f3a-47ef-a6c7-3f616cb4366e, c4d1e8f4-4959-4e28-81a5-95a278b04e25, 0d08cc22-5aa4-4f6a-a54b-21f8469eb991, f1650d6e-d353-4e7e-95d8-34015e24791a, 5, f5ee30ff-c6f3-4287-947d-44aa39b42b3e, München, 1.125, 0104000020E6100000010000000101000000000000000000F03F000000000000...).
2026-10-03 13:10:09.812 PDT [472185] CONTEXT:  SQL statement "INSERT INTO managed.d_dc3654044f3a47efa6c73f616cb4366e (dataset_id,version_group_id,version_id,fid,object_id,feature_revision,name,amount,geom) VALUES ('dc365404-4f3a-47ef-a6c7-3f616cb4366e'::uuid,'c4d1e8f4-4959-4e28-81a5-95a278b04e25'::uuid,'0d08cc22-5aa4-4f6a-a54b-21f8469eb991'::uuid,'f1650d6e-d353-4e7e-95d8-34015e24791a'::uuid,'5'::bigint,gen_random_uuid(),'München'::text,'1.125'::numeric,public.ST_GeomFromEWKT('SRID=4326;MULTIPOINT ((1 2))')) ON CONFLICT(version_id,fid) DO UPDATE SET feature_revision=EXCLUDED.feature_revision,name=EXCLUDED.name,amount=EXCLUDED.amount,geom=EXCLUDED.geom"
	PL/pgSQL function raw_apply_rows(uuid,uuid,uuid,jsonb,boolean) line 89 at EXECUTE
	PL/pgSQL function apply_group(uuid,uuid,jsonb) line 68 at assignment
	PL/pgSQL function apply_rows(uuid,uuid,uuid,jsonb,boolean) line 9 at RETURN
2026-10-03 13:10:09.812 PDT [472185] STATEMENT:  SELECT managed.apply_rows('dc365404-4f3a-47ef-a6c7-3f616cb4366e','0d08cc22-5aa4-4f6a-a54b-21f8469eb991','09e0c218-6a8c-4f2b-aacf-50c2a77a6af4','[{"fid":"f1650d6e-d353-4e7e-95d8-34015e24791a","values":{"name":"München","amount":"1.125"},"geometry":"SRID=4326;MULTIPOINT ((1 2))"}]'::jsonb,true)
2026-10-03 13:10:09.935 PDT [472185] ERROR:  new row for relation "d_578dfc15d4ab4ff3be2a5547baedcc71" violates check constraint "d_578dfc15d4ab4ff3be2a5547baedcc71_geom_check"
2026-10-03 13:10:09.935 PDT [472185] DETAIL:  Failing row contains (578dfc15-d4ab-4ff3-be2a-5547baedcc71, 17103078-d3c7-4231-a135-7f00196054f8, e93a55ab-55c1-4dff-b213-85057543768e, 87572ef6-678e-4253-ae99-1f416bd56579, 2, 3e4e8a20-8f4c-45db-a723-eac78954c932, München, 1.125, 0101000080000000000000F03F00000000000000400000000000000840).
2026-10-03 13:10:09.935 PDT [472185] CONTEXT:  SQL statement "INSERT INTO managed.d_578dfc15d4ab4ff3be2a5547baedcc71 (dataset_id,version_group_id,version_id,fid,object_id,feature_revision,name,amount,geom) VALUES ('578dfc15-d4ab-4ff3-be2a-5547baedcc71'::uuid,'17103078-d3c7-4231-a135-7f00196054f8'::uuid,'e93a55ab-55c1-4dff-b213-85057543768e'::uuid,'87572ef6-678e-4253-ae99-1f416bd56579'::uuid,'2'::bigint,gen_random_uuid(),'München'::text,'1.125'::numeric,public.ST_GeomFromEWKT('SRID=0;POINT Z(1 2 3)')) ON CONFLICT(version_id,fid) DO UPDATE SET feature_revision=EXCLUDED.feature_revision,name=EXCLUDED.name,amount=EXCLUDED.amount,geom=EXCLUDED.geom"
	PL/pgSQL function raw_apply_rows(uuid,uuid,uuid,jsonb,boolean) line 89 at EXECUTE
	PL/pgSQL function apply_group(uuid,uuid,jsonb) line 68 at assignment
	PL/pgSQL function apply_rows(uuid,uuid,uuid,jsonb,boolean) line 9 at RETURN
2026-10-03 13:10:09.935 PDT [472185] STATEMENT:  SELECT managed.apply_rows('578dfc15-d4ab-4ff3-be2a-5547baedcc71','e93a55ab-55c1-4dff-b213-85057543768e','e90f679a-526d-4f45-88b4-b180ed96e012','[{"fid":"87572ef6-678e-4253-ae99-1f416bd56579","values":{"name":"München","amount":"1.125"},"geometry":"SRID=0;POINT Z(1 2 3)"}]'::jsonb,true)
2026-10-03 13:10:09.936 PDT [472185] ERROR:  new row for relation "d_578dfc15d4ab4ff3be2a5547baedcc71" violates check constraint "d_578dfc15d4ab4ff3be2a5547baedcc71_geom_check"
2026-10-03 13:10:09.936 PDT [472185] DETAIL:  Failing row contains (578dfc15-d4ab-4ff3-be2a-5547baedcc71, 17103078-d3c7-4231-a135-7f00196054f8, e93a55ab-55c1-4dff-b213-85057543768e, f7f72bc4-59cc-4caa-9af3-c296866aece0, 3, 8a4b5619-d66a-485f-96bc-62de68d4b437, München, 1.125, 01010000A0B6080000000000000000F03F000000000000004000000000000008...).
2026-10-03 13:10:09.936 PDT [472185] CONTEXT:  SQL statement "INSERT INTO managed.d_578dfc15d4ab4ff3be2a5547baedcc71 (dataset_id,version_group_id,version_id,fid,object_id,feature_revision,name,amount,geom) VALUES ('578dfc15-d4ab-4ff3-be2a-5547baedcc71'::uuid,'17103078-d3c7-4231-a135-7f00196054f8'::uuid,'e93a55ab-55c1-4dff-b213-85057543768e'::uuid,'f7f72bc4-59cc-4caa-9af3-c296866aece0'::uuid,'3'::bigint,gen_random_uuid(),'München'::text,'1.125'::numeric,public.ST_GeomFromEWKT('SRID=2230;POINT Z(1 2 3)')) ON CONFLICT(version_id,fid) DO UPDATE SET feature_revision=EXCLUDED.feature_revision,name=EXCLUDED.name,amount=EXCLUDED.amount,geom=EXCLUDED.geom"
	PL/pgSQL function raw_apply_rows(uuid,uuid,uuid,jsonb,boolean) line 89 at EXECUTE
	PL/pgSQL function apply_group(uuid,uuid,jsonb) line 68 at assignment
	PL/pgSQL function apply_rows(uuid,uuid,uuid,jsonb,boolean) line 9 at RETURN
2026-10-03 13:10:09.936 PDT [472185] STATEMENT:  SELECT managed.apply_rows('578dfc15-d4ab-4ff3-be2a-5547baedcc71','e93a55ab-55c1-4dff-b213-85057543768e','e90f679a-526d-4f45-88b4-b180ed96e012','[{"fid":"f7f72bc4-59cc-4caa-9af3-c296866aece0","values":{"name":"München","amount":"1.125"},"geometry":"SRID=2230;POINT Z(1 2 3)"}]'::jsonb,true)
2026-10-03 13:10:09.937 PDT [472185] ERROR:  new row for relation "d_578dfc15d4ab4ff3be2a5547baedcc71" violates check constraint "d_578dfc15d4ab4ff3be2a5547baedcc71_geom_check"
2026-10-03 13:10:09.937 PDT [472185] DETAIL:  Failing row contains (578dfc15-d4ab-4ff3-be2a-5547baedcc71, 17103078-d3c7-4231-a135-7f00196054f8, e93a55ab-55c1-4dff-b213-85057543768e, 0e7eb402-34e2-4626-9ef6-7c6e59e30b04, 4, b950467d-d7fa-4a7e-9921-4ca07b9616fe, München, 1.125, 0101000020E6100000000000000000F03F0000000000000040).
2026-10-03 13:10:09.937 PDT [472185] CONTEXT:  SQL statement "INSERT INTO managed.d_578dfc15d4ab4ff3be2a5547baedcc71 (dataset_id,version_group_id,version_id,fid,object_id,feature_revision,name,amount,geom) VALUES ('578dfc15-d4ab-4ff3-be2a-5547baedcc71'::uuid,'17103078-d3c7-4231-a135-7f00196054f8'::uuid,'e93a55ab-55c1-4dff-b213-85057543768e'::uuid,'0e7eb402-34e2-4626-9ef6-7c6e59e30b04'::uuid,'4'::bigint,gen_random_uuid(),'München'::text,'1.125'::numeric,public.ST_GeomFromEWKT('SRID=4326;POINT (1 2)')) ON CONFLICT(version_id,fid) DO UPDATE SET feature_revision=EXCLUDED.feature_revision,name=EXCLUDED.name,amount=EXCLUDED.amount,geom=EXCLUDED.geom"
	PL/pgSQL function raw_apply_rows(uuid,uuid,uuid,jsonb,boolean) line 89 at EXECUTE
	PL/pgSQL function apply_group(uuid,uuid,jsonb) line 68 at assignment
	PL/pgSQL function apply_rows(uuid,uuid,uuid,jsonb,boolean) line 9 at RETURN
2026-10-03 13:10:09.937 PDT [472185] STATEMENT:  SELECT managed.apply_rows('578dfc15-d4ab-4ff3-be2a-5547baedcc71','e93a55ab-55c1-4dff-b213-85057543768e','e90f679a-526d-4f45-88b4-b180ed96e012','[{"fid":"0e7eb402-34e2-4626-9ef6-7c6e59e30b04","values":{"name":"München","amount":"1.125"},"geometry":"SRID=4326;POINT (1 2)"}]'::jsonb,true)
2026-10-03 13:10:09.938 PDT [472185] ERROR:  new row for relation "d_578dfc15d4ab4ff3be2a5547baedcc71" violates check constraint "d_578dfc15d4ab4ff3be2a5547baedcc71_geom_check"
2026-10-03 13:10:09.938 PDT [472185] DETAIL:  Failing row contains (578dfc15-d4ab-4ff3-be2a-5547baedcc71, 17103078-d3c7-4231-a135-7f00196054f8, e93a55ab-55c1-4dff-b213-85057543768e, 7950f46f-c097-42eb-b2b3-a3a0e10c2b49, 5, 4660261a-07e1-48c0-a128-8c0eaab98915, München, 1.125, 01040000A0E6100000010000000101000080000000000000F03F000000000000...).
2026-10-03 13:10:09.938 PDT [472185] CONTEXT:  SQL statement "INSERT INTO managed.d_578dfc15d4ab4ff3be2a5547baedcc71 (dataset_id,version_group_id,version_id,fid,object_id,feature_revision,name,amount,geom) VALUES ('578dfc15-d4ab-4ff3-be2a-5547baedcc71'::uuid,'17103078-d3c7-4231-a135-7f00196054f8'::uuid,'e93a55ab-55c1-4dff-b213-85057543768e'::uuid,'7950f46f-c097-42eb-b2b3-a3a0e10c2b49'::uuid,'5'::bigint,gen_random_uuid(),'München'::text,'1.125'::numeric,public.ST_GeomFromEWKT('SRID=4326;MULTIPOINT Z((1 2 3))')) ON CONFLICT(version_id,fid) DO UPDATE SET feature_revision=EXCLUDED.feature_revision,name=EXCLUDED.name,amount=EXCLUDED.amount,geom=EXCLUDED.geom"
	PL/pgSQL function raw_apply_rows(uuid,uuid,uuid,jsonb,boolean) line 89 at EXECUTE
	PL/pgSQL function apply_group(uuid,uuid,jsonb) line 68 at assignment
	PL/pgSQL function apply_rows(uuid,uuid,uuid,jsonb,boolean) line 9 at RETURN
2026-10-03 13:10:09.938 PDT [472185] STATEMENT:  SELECT managed.apply_rows('578dfc15-d4ab-4ff3-be2a-5547baedcc71','e93a55ab-55c1-4dff-b213-85057543768e','e90f679a-526d-4f45-88b4-b180ed96e012','[{"fid":"7950f46f-c097-42eb-b2b3-a3a0e10c2b49","values":{"name":"München","amount":"1.125"},"geometry":"SRID=4326;MULTIPOINT Z((1 2 3))"}]'::jsonb,true)
2026-10-03 13:10:10.061 PDT [472185] ERROR:  new row for relation "d_5b0c0d1cf6c647238b99a659c5c1bfee" violates check constraint "d_5b0c0d1cf6c647238b99a659c5c1bfee_geom_check"
2026-10-03 13:10:10.061 PDT [472185] DETAIL:  Failing row contains (5b0c0d1c-f6c6-4723-8b99-a659c5c1bfee, 2ed92071-045e-4b75-b325-0a017f45b689, 049277c5-4eb3-4794-a2c9-5a71203b061f, ee8b5022-fd66-42bc-9a80-f42be6b1ba0d, 2, d24b3f13-64a6-47be-bbb3-f34d26ebf19b, München, 1.125, 0101000040000000000000F03F00000000000000400000000000001040).
2026-10-03 13:10:10.061 PDT [472185] CONTEXT:  SQL statement "INSERT INTO managed.d_5b0c0d1cf6c647238b99a659c5c1bfee (dataset_id,version_group_id,version_id,fid,object_id,feature_revision,name,amount,geom) VALUES ('5b0c0d1c-f6c6-4723-8b99-a659c5c1bfee'::uuid,'2ed92071-045e-4b75-b325-0a017f45b689'::uuid,'049277c5-4eb3-4794-a2c9-5a71203b061f'::uuid,'ee8b5022-fd66-42bc-9a80-f42be6b1ba0d'::uuid,'2'::bigint,gen_random_uuid(),'München'::text,'1.125'::numeric,public.ST_GeomFromEWKT('SRID=0;POINT M(1 2 4)')) ON CONFLICT(version_id,fid) DO UPDATE SET feature_revision=EXCLUDED.feature_revision,name=EXCLUDED.name,amount=EXCLUDED.amount,geom=EXCLUDED.geom"
	PL/pgSQL function raw_apply_rows(uuid,uuid,uuid,jsonb,boolean) line 89 at EXECUTE
	PL/pgSQL function apply_group(uuid,uuid,jsonb) line 68 at assignment
	PL/pgSQL function apply_rows(uuid,uuid,uuid,jsonb,boolean) line 9 at RETURN
2026-10-03 13:10:10.061 PDT [472185] STATEMENT:  SELECT managed.apply_rows('5b0c0d1c-f6c6-4723-8b99-a659c5c1bfee','049277c5-4eb3-4794-a2c9-5a71203b061f','bea2a94e-04d5-487b-8973-53c938d1b701','[{"fid":"ee8b5022-fd66-42bc-9a80-f42be6b1ba0d","values":{"name":"München","amount":"1.125"},"geometry":"SRID=0;POINT M(1 2 4)"}]'::jsonb,true)
2026-10-03 13:10:10.062 PDT [472185] ERROR:  new row for relation "d_5b0c0d1cf6c647238b99a659c5c1bfee" violates check constraint "d_5b0c0d1cf6c647238b99a659c5c1bfee_geom_check"
2026-10-03 13:10:10.062 PDT [472185] DETAIL:  Failing row contains (5b0c0d1c-f6c6-4723-8b99-a659c5c1bfee, 2ed92071-045e-4b75-b325-0a017f45b689, 049277c5-4eb3-4794-a2c9-5a71203b061f, e6127c2e-8dc2-4156-b3fc-8d18048f999f, 3, 69d0e9d4-b897-4014-ba86-6c3365c11579, München, 1.125, 0101000060B6080000000000000000F03F000000000000004000000000000010...).
2026-10-03 13:10:10.062 PDT [472185] CONTEXT:  SQL statement "INSERT INTO managed.d_5b0c0d1cf6c647238b99a659c5c1bfee (dataset_id,version_group_id,version_id,fid,object_id,feature_revision,name,amount,geom) VALUES ('5b0c0d1c-f6c6-4723-8b99-a659c5c1bfee'::uuid,'2ed92071-045e-4b75-b325-0a017f45b689'::uuid,'049277c5-4eb3-4794-a2c9-5a71203b061f'::uuid,'e6127c2e-8dc2-4156-b3fc-8d18048f999f'::uuid,'3'::bigint,gen_random_uuid(),'München'::text,'1.125'::numeric,public.ST_GeomFromEWKT('SRID=2230;POINT M(1 2 4)')) ON CONFLICT(version_id,fid) DO UPDATE SET feature_revision=EXCLUDED.feature_revision,name=EXCLUDED.name,amount=EXCLUDED.amount,geom=EXCLUDED.geom"
	PL/pgSQL function raw_apply_rows(uuid,uuid,uuid,jsonb,boolean) line 89 at EXECUTE
	PL/pgSQL function apply_group(uuid,uuid,jsonb) line 68 at assignment
	PL/pgSQL function apply_rows(uuid,uuid,uuid,jsonb,boolean) line 9 at RETURN
2026-10-03 13:10:10.062 PDT [472185] STATEMENT:  SELECT managed.apply_rows('5b0c0d1c-f6c6-4723-8b99-a659c5c1bfee','049277c5-4eb3-4794-a2c9-5a71203b061f','bea2a94e-04d5-487b-8973-53c938d1b701','[{"fid":"e6127c2e-8dc2-4156-b3fc-8d18048f999f","values":{"name":"München","amount":"1.125"},"geometry":"SRID=2230;POINT M(1 2 4)"}]'::jsonb,true)
2026-10-03 13:10:10.063 PDT [472185] ERROR:  new row for relation "d_5b0c0d1cf6c647238b99a659c5c1bfee" violates check constraint "d_5b0c0d1cf6c647238b99a659c5c1bfee_geom_check"
2026-10-03 13:10:10.063 PDT [472185] DETAIL:  Failing row contains (5b0c0d1c-f6c6-4723-8b99-a659c5c1bfee, 2ed92071-045e-4b75-b325-0a017f45b689, 049277c5-4eb3-4794-a2c9-5a71203b061f, 9628fbff-2a5b-4673-9fe3-e1218c76450a, 4, 8b680813-e0aa-407d-904b-c3bd079af450, München, 1.125, 0101000020E6100000000000000000F03F0000000000000040).
2026-10-03 13:10:10.063 PDT [472185] CONTEXT:  SQL statement "INSERT INTO managed.d_5b0c0d1cf6c647238b99a659c5c1bfee (dataset_id,version_group_id,version_id,fid,object_id,feature_revision,name,amount,geom) VALUES ('5b0c0d1c-f6c6-4723-8b99-a659c5c1bfee'::uuid,'2ed92071-045e-4b75-b325-0a017f45b689'::uuid,'049277c5-4eb3-4794-a2c9-5a71203b061f'::uuid,'9628fbff-2a5b-4673-9fe3-e1218c76450a'::uuid,'4'::bigint,gen_random_uuid(),'München'::text,'1.125'::numeric,public.ST_GeomFromEWKT('SRID=4326;POINT (1 2)')) ON CONFLICT(version_id,fid) DO UPDATE SET feature_revision=EXCLUDED.feature_revision,name=EXCLUDED.name,amount=EXCLUDED.amount,geom=EXCLUDED.geom"
	PL/pgSQL function raw_apply_rows(uuid,uuid,uuid,jsonb,boolean) line 89 at EXECUTE
	PL/pgSQL function apply_group(uuid,uuid,jsonb) line 68 at assignment
	PL/pgSQL function apply_rows(uuid,uuid,uuid,jsonb,boolean) line 9 at RETURN
2026-10-03 13:10:10.063 PDT [472185] STATEMENT:  SELECT managed.apply_rows('5b0c0d1c-f6c6-4723-8b99-a659c5c1bfee','049277c5-4eb3-4794-a2c9-5a71203b061f','bea2a94e-04d5-487b-8973-53c938d1b701','[{"fid":"9628fbff-2a5b-4673-9fe3-e1218c76450a","values":{"name":"München","amount":"1.125"},"geometry":"SRID=4326;POINT (1 2)"}]'::jsonb,true)
2026-10-03 13:10:10.064 PDT [472185] ERROR:  new row for relation "d_5b0c0d1cf6c647238b99a659c5c1bfee" violates check constraint "d_5b0c0d1cf6c647238b99a659c5c1bfee_geom_check"
2026-10-03 13:10:10.064 PDT [472185] DETAIL:  Failing row contains (5b0c0d1c-f6c6-4723-8b99-a659c5c1bfee, 2ed92071-045e-4b75-b325-0a017f45b689, 049277c5-4eb3-4794-a2c9-5a71203b061f, 3815f126-23c6-4238-adba-20cedfec52c1, 5, 058ee36f-ed00-438d-b4dd-b7f767ee8d89, München, 1.125, 0104000060E6100000010000000101000040000000000000F03F000000000000...).
2026-10-03 13:10:10.064 PDT [472185] CONTEXT:  SQL statement "INSERT INTO managed.d_5b0c0d1cf6c647238b99a659c5c1bfee (dataset_id,version_group_id,version_id,fid,object_id,feature_revision,name,amount,geom) VALUES ('5b0c0d1c-f6c6-4723-8b99-a659c5c1bfee'::uuid,'2ed92071-045e-4b75-b325-0a017f45b689'::uuid,'049277c5-4eb3-4794-a2c9-5a71203b061f'::uuid,'3815f126-23c6-4238-adba-20cedfec52c1'::uuid,'5'::bigint,gen_random_uuid(),'München'::text,'1.125'::numeric,public.ST_GeomFromEWKT('SRID=4326;MULTIPOINT M((1 2 4))')) ON CONFLICT(version_id,fid) DO UPDATE SET feature_revision=EXCLUDED.feature_revision,name=EXCLUDED.name,amount=EXCLUDED.amount,geom=EXCLUDED.geom"
	PL/pgSQL function raw_apply_rows(uuid,uuid,uuid,jsonb,boolean) line 89 at EXECUTE
	PL/pgSQL function apply_group(uuid,uuid,jsonb) line 68 at assignment
	PL/pgSQL function apply_rows(uuid,uuid,uuid,jsonb,boolean) line 9 at RETURN
2026-10-03 13:10:10.064 PDT [472185] STATEMENT:  SELECT managed.apply_rows('5b0c0d1c-f6c6-4723-8b99-a659c5c1bfee','049277c5-4eb3-4794-a2c9-5a71203b061f','bea2a94e-04d5-487b-8973-53c938d1b701','[{"fid":"3815f126-23c6-4238-adba-20cedfec52c1","values":{"name":"München","amount":"1.125"},"geometry":"SRID=4326;MULTIPOINT M((1 2 4))"}]'::jsonb,true)
2026-10-03 13:10:10.183 PDT [472185] ERROR:  new row for relation "d_1641ed1dc7c7414f8086065ca5e205f6" violates check constraint "d_1641ed1dc7c7414f8086065ca5e205f6_geom_check"
2026-10-03 13:10:10.183 PDT [472185] DETAIL:  Failing row contains (1641ed1d-c7c7-414f-8086-065ca5e205f6, c419ea02-c35a-4c93-a937-297a800d6634, a4e29412-6e12-4ae4-98ed-ef972fbb7f49, e36ec378-a5d6-49c2-b549-a759005f72f8, 2, b76ddb01-1846-4748-a530-77e4e3a4e0ae, München, 1.125, 01010000C0000000000000F03F00000000000000400000000000000840000000...).
2026-10-03 13:10:10.183 PDT [472185] CONTEXT:  SQL statement "INSERT INTO managed.d_1641ed1dc7c7414f8086065ca5e205f6 (dataset_id,version_group_id,version_id,fid,object_id,feature_revision,name,amount,geom) VALUES ('1641ed1d-c7c7-414f-8086-065ca5e205f6'::uuid,'c419ea02-c35a-4c93-a937-297a800d6634'::uuid,'a4e29412-6e12-4ae4-98ed-ef972fbb7f49'::uuid,'e36ec378-a5d6-49c2-b549-a759005f72f8'::uuid,'2'::bigint,gen_random_uuid(),'München'::text,'1.125'::numeric,public.ST_GeomFromEWKT('SRID=0;POINT ZM(1 2 3 4)')) ON CONFLICT(version_id,fid) DO UPDATE SET feature_revision=EXCLUDED.feature_revision,name=EXCLUDED.name,amount=EXCLUDED.amount,geom=EXCLUDED.geom"
	PL/pgSQL function raw_apply_rows(uuid,uuid,uuid,jsonb,boolean) line 89 at EXECUTE
	PL/pgSQL function apply_group(uuid,uuid,jsonb) line 68 at assignment
	PL/pgSQL function apply_rows(uuid,uuid,uuid,jsonb,boolean) line 9 at RETURN
2026-10-03 13:10:10.183 PDT [472185] STATEMENT:  SELECT managed.apply_rows('1641ed1d-c7c7-414f-8086-065ca5e205f6','a4e29412-6e12-4ae4-98ed-ef972fbb7f49','753a1134-8f5f-47ef-a744-860c6382fd5e','[{"fid":"e36ec378-a5d6-49c2-b549-a759005f72f8","values":{"name":"München","amount":"1.125"},"geometry":"SRID=0;POINT ZM(1 2 3 4)"}]'::jsonb,true)
2026-10-03 13:10:10.184 PDT [472185] ERROR:  new row for relation "d_1641ed1dc7c7414f8086065ca5e205f6" violates check constraint "d_1641ed1dc7c7414f8086065ca5e205f6_geom_check"
2026-10-03 13:10:10.184 PDT [472185] DETAIL:  Failing row contains (1641ed1d-c7c7-414f-8086-065ca5e205f6, c419ea02-c35a-4c93-a937-297a800d6634, a4e29412-6e12-4ae4-98ed-ef972fbb7f49, d5a1b061-d137-4590-8b4e-4cd0ca9b263c, 3, 8ceb664d-d14a-4a93-a99b-6778faa24b30, München, 1.125, 01010000E0B6080000000000000000F03F000000000000004000000000000008...).
2026-10-03 13:10:10.184 PDT [472185] CONTEXT:  SQL statement "INSERT INTO managed.d_1641ed1dc7c7414f8086065ca5e205f6 (dataset_id,version_group_id,version_id,fid,object_id,feature_revision,name,amount,geom) VALUES ('1641ed1d-c7c7-414f-8086-065ca5e205f6'::uuid,'c419ea02-c35a-4c93-a937-297a800d6634'::uuid,'a4e29412-6e12-4ae4-98ed-ef972fbb7f49'::uuid,'d5a1b061-d137-4590-8b4e-4cd0ca9b263c'::uuid,'3'::bigint,gen_random_uuid(),'München'::text,'1.125'::numeric,public.ST_GeomFromEWKT('SRID=2230;POINT ZM(1 2 3 4)')) ON CONFLICT(version_id,fid) DO UPDATE SET feature_revision=EXCLUDED.feature_revision,name=EXCLUDED.name,amount=EXCLUDED.amount,geom=EXCLUDED.geom"
	PL/pgSQL function raw_apply_rows(uuid,uuid,uuid,jsonb,boolean) line 89 at EXECUTE
	PL/pgSQL function apply_group(uuid,uuid,jsonb) line 68 at assignment
	PL/pgSQL function apply_rows(uuid,uuid,uuid,jsonb,boolean) line 9 at RETURN
2026-10-03 13:10:10.184 PDT [472185] STATEMENT:  SELECT managed.apply_rows('1641ed1d-c7c7-414f-8086-065ca5e205f6','a4e29412-6e12-4ae4-98ed-ef972fbb7f49','753a1134-8f5f-47ef-a744-860c6382fd5e','[{"fid":"d5a1b061-d137-4590-8b4e-4cd0ca9b263c","values":{"name":"München","amount":"1.125"},"geometry":"SRID=2230;POINT ZM(1 2 3 4)"}]'::jsonb,true)
2026-10-03 13:10:10.186 PDT [472185] ERROR:  new row for relation "d_1641ed1dc7c7414f8086065ca5e205f6" violates check constraint "d_1641ed1dc7c7414f8086065ca5e205f6_geom_check"
2026-10-03 13:10:10.186 PDT [472185] DETAIL:  Failing row contains (1641ed1d-c7c7-414f-8086-065ca5e205f6, c419ea02-c35a-4c93-a937-297a800d6634, a4e29412-6e12-4ae4-98ed-ef972fbb7f49, 54548350-36bc-4b40-894a-d72229a5ba3c, 4, ccadae0c-e96d-440c-856e-e99d4681594d, München, 1.125, 0101000020E6100000000000000000F03F0000000000000040).
2026-10-03 13:10:10.186 PDT [472185] CONTEXT:  SQL statement "INSERT INTO managed.d_1641ed1dc7c7414f8086065ca5e205f6 (dataset_id,version_group_id,version_id,fid,object_id,feature_revision,name,amount,geom) VALUES ('1641ed1d-c7c7-414f-8086-065ca5e205f6'::uuid,'c419ea02-c35a-4c93-a937-297a800d6634'::uuid,'a4e29412-6e12-4ae4-98ed-ef972fbb7f49'::uuid,'54548350-36bc-4b40-894a-d72229a5ba3c'::uuid,'4'::bigint,gen_random_uuid(),'München'::text,'1.125'::numeric,public.ST_GeomFromEWKT('SRID=4326;POINT (1 2)')) ON CONFLICT(version_id,fid) DO UPDATE SET feature_revision=EXCLUDED.feature_revision,name=EXCLUDED.name,amount=EXCLUDED.amount,geom=EXCLUDED.geom"
	PL/pgSQL function raw_apply_rows(uuid,uuid,uuid,jsonb,boolean) line 89 at EXECUTE
	PL/pgSQL function apply_group(uuid,uuid,jsonb) line 68 at assignment
	PL/pgSQL function apply_rows(uuid,uuid,uuid,jsonb,boolean) line 9 at RETURN
2026-10-03 13:10:10.186 PDT [472185] STATEMENT:  SELECT managed.apply_rows('1641ed1d-c7c7-414f-8086-065ca5e205f6','a4e29412-6e12-4ae4-98ed-ef972fbb7f49','753a1134-8f5f-47ef-a744-860c6382fd5e','[{"fid":"54548350-36bc-4b40-894a-d72229a5ba3c","values":{"name":"München","amount":"1.125"},"geometry":"SRID=4326;POINT (1 2)"}]'::jsonb,true)
2026-10-03 13:10:10.187 PDT [472185] ERROR:  new row for relation "d_1641ed1dc7c7414f8086065ca5e205f6" violates check constraint "d_1641ed1dc7c7414f8086065ca5e205f6_geom_check"
2026-10-03 13:10:10.187 PDT [472185] DETAIL:  Failing row contains (1641ed1d-c7c7-414f-8086-065ca5e205f6, c419ea02-c35a-4c93-a937-297a800d6634, a4e29412-6e12-4ae4-98ed-ef972fbb7f49, b7c9c6ea-4319-448c-b935-f32fd9ff1b28, 5, 34e32a3f-0108-432f-afd8-59889b0d1c42, München, 1.125, 01040000E0E61000000100000001010000C0000000000000F03F000000000000...).
2026-10-03 13:10:10.187 PDT [472185] CONTEXT:  SQL statement "INSERT INTO managed.d_1641ed1dc7c7414f8086065ca5e205f6 (dataset_id,version_group_id,version_id,fid,object_id,feature_revision,name,amount,geom) VALUES ('1641ed1d-c7c7-414f-8086-065ca5e205f6'::uuid,'c419ea02-c35a-4c93-a937-297a800d6634'::uuid,'a4e29412-6e12-4ae4-98ed-ef972fbb7f49'::uuid,'b7c9c6ea-4319-448c-b935-f32fd9ff1b28'::uuid,'5'::bigint,gen_random_uuid(),'München'::text,'1.125'::numeric,public.ST_GeomFromEWKT('SRID=4326;MULTIPOINT ZM((1 2 3 4))')) ON CONFLICT(version_id,fid) DO UPDATE SET feature_revision=EXCLUDED.feature_revision,name=EXCLUDED.name,amount=EXCLUDED.amount,geom=EXCLUDED.geom"
	PL/pgSQL function raw_apply_rows(uuid,uuid,uuid,jsonb,boolean) line 89 at EXECUTE
	PL/pgSQL function apply_group(uuid,uuid,jsonb) line 68 at assignment
	PL/pgSQL function apply_rows(uuid,uuid,uuid,jsonb,boolean) line 9 at RETURN
2026-10-03 13:10:10.187 PDT [472185] STATEMENT:  SELECT managed.apply_rows('1641ed1d-c7c7-414f-8086-065ca5e205f6','a4e29412-6e12-4ae4-98ed-ef972fbb7f49','753a1134-8f5f-47ef-a744-860c6382fd5e','[{"fid":"b7c9c6ea-4319-448c-b935-f32fd9ff1b28","values":{"name":"München","amount":"1.125"},"geometry":"SRID=4326;MULTIPOINT ZM((1 2 3 4))"}]'::jsonb,true)
2026-10-03 13:10:10.304 PDT [472185] ERROR:  new row for relation "d_2cd92d86981743c4b45d4d37f7e913a9" violates check constraint "d_2cd92d86981743c4b45d4d37f7e913a9_geom_check"
2026-10-03 13:10:10.304 PDT [472185] DETAIL:  Failing row contains (2cd92d86-9817-43c4-b45d-4d37f7e913a9, 8f24c677-5b25-4c60-8cdf-0eecb9b031c1, 85dfa8d2-ed05-48ec-805d-e956b230c3ec, 34853ddf-8a30-41a0-934f-fd373d3a3ad4, 2, f5950793-e2bb-4a47-b0d2-4b1b29a5581b, München, 1.125, 0101000000000000000000F03F0000000000000040).
2026-10-03 13:10:10.304 PDT [472185] CONTEXT:  SQL statement "INSERT INTO managed.d_2cd92d86981743c4b45d4d37f7e913a9 (dataset_id,version_group_id,version_id,fid,object_id,feature_revision,name,amount,geom) VALUES ('2cd92d86-9817-43c4-b45d-4d37f7e913a9'::uuid,'8f24c677-5b25-4c60-8cdf-0eecb9b031c1'::uuid,'85dfa8d2-ed05-48ec-805d-e956b230c3ec'::uuid,'34853ddf-8a30-41a0-934f-fd373d3a3ad4'::uuid,'2'::bigint,gen_random_uuid(),'München'::text,'1.125'::numeric,public.ST_GeomFromEWKT('SRID=0;POINT (1 2)')) ON CONFLICT(version_id,fid) DO UPDATE SET feature_revision=EXCLUDED.feature_revision,name=EXCLUDED.name,amount=EXCLUDED.amount,geom=EXCLUDED.geom"
	PL/pgSQL function raw_apply_rows(uuid,uuid,uuid,jsonb,boolean) line 89 at EXECUTE
	PL/pgSQL function apply_group(uuid,uuid,jsonb) line 68 at assignment
	PL/pgSQL function apply_rows(uuid,uuid,uuid,jsonb,boolean) line 9 at RETURN
2026-10-03 13:10:10.304 PDT [472185] STATEMENT:  SELECT managed.apply_rows('2cd92d86-9817-43c4-b45d-4d37f7e913a9','85dfa8d2-ed05-48ec-805d-e956b230c3ec','098ecaad-12f5-4b1a-b5a6-fc5ec1bce04b','[{"fid":"34853ddf-8a30-41a0-934f-fd373d3a3ad4","values":{"name":"München","amount":"1.125"},"geometry":"SRID=0;POINT (1 2)"}]'::jsonb,true)
2026-10-03 13:10:10.305 PDT [472185] ERROR:  new row for relation "d_2cd92d86981743c4b45d4d37f7e913a9" violates check constraint "d_2cd92d86981743c4b45d4d37f7e913a9_geom_check"
2026-10-03 13:10:10.305 PDT [472185] DETAIL:  Failing row contains (2cd92d86-9817-43c4-b45d-4d37f7e913a9, 8f24c677-5b25-4c60-8cdf-0eecb9b031c1, 85dfa8d2-ed05-48ec-805d-e956b230c3ec, b97b639e-c0a4-4a0d-8b54-86dd62eafdb9, 3, 0fd886be-ca35-4bc3-833d-e7c2dfff9729, München, 1.125, 0101000020E6100000000000000000F03F0000000000000040).
2026-10-03 13:10:10.305 PDT [472185] CONTEXT:  SQL statement "INSERT INTO managed.d_2cd92d86981743c4b45d4d37f7e913a9 (dataset_id,version_group_id,version_id,fid,object_id,feature_revision,name,amount,geom) VALUES ('2cd92d86-9817-43c4-b45d-4d37f7e913a9'::uuid,'8f24c677-5b25-4c60-8cdf-0eecb9b031c1'::uuid,'85dfa8d2-ed05-48ec-805d-e956b230c3ec'::uuid,'b97b639e-c0a4-4a0d-8b54-86dd62eafdb9'::uuid,'3'::bigint,gen_random_uuid(),'München'::text,'1.125'::numeric,public.ST_GeomFromEWKT('SRID=4326;POINT (1 2)')) ON CONFLICT(version_id,fid) DO UPDATE SET feature_revision=EXCLUDED.feature_revision,name=EXCLUDED.name,amount=EXCLUDED.amount,geom=EXCLUDED.geom"
	PL/pgSQL function raw_apply_rows(uuid,uuid,uuid,jsonb,boolean) line 89 at EXECUTE
	PL/pgSQL function apply_group(uuid,uuid,jsonb) line 68 at assignment
	PL/pgSQL function apply_rows(uuid,uuid,uuid,jsonb,boolean) line 9 at RETURN
2026-10-03 13:10:10.305 PDT [472185] STATEMENT:  SELECT managed.apply_rows('2cd92d86-9817-43c4-b45d-4d37f7e913a9','85dfa8d2-ed05-48ec-805d-e956b230c3ec','098ecaad-12f5-4b1a-b5a6-fc5ec1bce04b','[{"fid":"b97b639e-c0a4-4a0d-8b54-86dd62eafdb9","values":{"name":"München","amount":"1.125"},"geometry":"SRID=4326;POINT (1 2)"}]'::jsonb,true)
2026-10-03 13:10:10.306 PDT [472185] ERROR:  new row for relation "d_2cd92d86981743c4b45d4d37f7e913a9" violates check constraint "d_2cd92d86981743c4b45d4d37f7e913a9_geom_check"
2026-10-03 13:10:10.306 PDT [472185] DETAIL:  Failing row contains (2cd92d86-9817-43c4-b45d-4d37f7e913a9, 8f24c677-5b25-4c60-8cdf-0eecb9b031c1, 85dfa8d2-ed05-48ec-805d-e956b230c3ec, 886c1725-770e-4059-8d17-8cc7d52bfa1d, 4, 305380ff-fea8-4fe7-94d1-b06ec17ba726, München, 1.125, 01010000A0B6080000000000000000F03F000000000000004000000000000008...).
2026-10-03 13:10:10.306 PDT [472185] CONTEXT:  SQL statement "INSERT INTO managed.d_2cd92d86981743c4b45d4d37f7e913a9 (dataset_id,version_group_id,version_id,fid,object_id,feature_revision,name,amount,geom) VALUES ('2cd92d86-9817-43c4-b45d-4d37f7e913a9'::uuid,'8f24c677-5b25-4c60-8cdf-0eecb9b031c1'::uuid,'85dfa8d2-ed05-48ec-805d-e956b230c3ec'::uuid,'886c1725-770e-4059-8d17-8cc7d52bfa1d'::uuid,'4'::bigint,gen_random_uuid(),'München'::text,'1.125'::numeric,public.ST_GeomFromEWKT('SRID=2230;POINT Z(1 2 3)')) ON CONFLICT(version_id,fid) DO UPDATE SET feature_revision=EXCLUDED.feature_revision,name=EXCLUDED.name,amount=EXCLUDED.amount,geom=EXCLUDED.geom"
	PL/pgSQL function raw_apply_rows(uuid,uuid,uuid,jsonb,boolean) line 89 at EXECUTE
	PL/pgSQL function apply_group(uuid,uuid,jsonb) line 68 at assignment
	PL/pgSQL function apply_rows(uuid,uuid,uuid,jsonb,boolean) line 9 at RETURN
2026-10-03 13:10:10.306 PDT [472185] STATEMENT:  SELECT managed.apply_rows('2cd92d86-9817-43c4-b45d-4d37f7e913a9','85dfa8d2-ed05-48ec-805d-e956b230c3ec','098ecaad-12f5-4b1a-b5a6-fc5ec1bce04b','[{"fid":"886c1725-770e-4059-8d17-8cc7d52bfa1d","values":{"name":"München","amount":"1.125"},"geometry":"SRID=2230;POINT Z(1 2 3)"}]'::jsonb,true)
2026-10-03 13:10:10.307 PDT [472185] ERROR:  new row for relation "d_2cd92d86981743c4b45d4d37f7e913a9" violates check constraint "d_2cd92d86981743c4b45d4d37f7e913a9_geom_check"
2026-10-03 13:10:10.307 PDT [472185] DETAIL:  Failing row contains (2cd92d86-9817-43c4-b45d-4d37f7e913a9, 8f24c677-5b25-4c60-8cdf-0eecb9b031c1, 85dfa8d2-ed05-48ec-805d-e956b230c3ec, 7690132e-a97b-4f9e-b46d-5baf6f175252, 5, d0fff6f3-39a6-4f10-839b-bd9a67393fa2, München, 1.125, 0104000020B6080000010000000101000000000000000000F03F000000000000...).
2026-10-03 13:10:10.307 PDT [472185] CONTEXT:  SQL statement "INSERT INTO managed.d_2cd92d86981743c4b45d4d37f7e913a9 (dataset_id,version_group_id,version_id,fid,object_id,feature_revision,name,amount,geom) VALUES ('2cd92d86-9817-43c4-b45d-4d37f7e913a9'::uuid,'8f24c677-5b25-4c60-8cdf-0eecb9b031c1'::uuid,'85dfa8d2-ed05-48ec-805d-e956b230c3ec'::uuid,'7690132e-a97b-4f9e-b46d-5baf6f175252'::uuid,'5'::bigint,gen_random_uuid(),'München'::text,'1.125'::numeric,public.ST_GeomFromEWKT('SRID=2230;MULTIPOINT ((1 2))')) ON CONFLICT(version_id,fid) DO UPDATE SET feature_revision=EXCLUDED.feature_revision,name=EXCLUDED.name,amount=EXCLUDED.amount,geom=EXCLUDED.geom"
	PL/pgSQL function raw_apply_rows(uuid,uuid,uuid,jsonb,boolean) line 89 at EXECUTE
	PL/pgSQL function apply_group(uuid,uuid,jsonb) line 68 at assignment
	PL/pgSQL function apply_rows(uuid,uuid,uuid,jsonb,boolean) line 9 at RETURN
2026-10-03 13:10:10.307 PDT [472185] STATEMENT:  SELECT managed.apply_rows('2cd92d86-9817-43c4-b45d-4d37f7e913a9','85dfa8d2-ed05-48ec-805d-e956b230c3ec','098ecaad-12f5-4b1a-b5a6-fc5ec1bce04b','[{"fid":"7690132e-a97b-4f9e-b46d-5baf6f175252","values":{"name":"München","amount":"1.125"},"geometry":"SRID=2230;MULTIPOINT ((1 2))"}]'::jsonb,true)
2026-10-03 13:10:10.431 PDT [472185] ERROR:  new row for relation "d_f63e8bc9c15e42ecab69b9c5152ed159" violates check constraint "d_f63e8bc9c15e42ecab69b9c5152ed159_geom_check"
2026-10-03 13:10:10.431 PDT [472185] DETAIL:  Failing row contains (f63e8bc9-c15e-42ec-ab69-b9c5152ed159, 930bdbf4-f0fc-4529-a99b-f57c4b1656df, 7685b803-7dd1-498f-855d-a66dccaf99c8, 716f9447-69fb-44fb-b352-c8a5c60a6688, 2, 39b45715-f98e-42a4-b8a8-c18d3a4c1217, München, 1.125, 0101000080000000000000F03F00000000000000400000000000000840).
2026-10-03 13:10:10.431 PDT [472185] CONTEXT:  SQL statement "INSERT INTO managed.d_f63e8bc9c15e42ecab69b9c5152ed159 (dataset_id,version_group_id,version_id,fid,object_id,feature_revision,name,amount,geom) VALUES ('f63e8bc9-c15e-42ec-ab69-b9c5152ed159'::uuid,'930bdbf4-f0fc-4529-a99b-f57c4b1656df'::uuid,'7685b803-7dd1-498f-855d-a66dccaf99c8'::uuid,'716f9447-69fb-44fb-b352-c8a5c60a6688'::uuid,'2'::bigint,gen_random_uuid(),'München'::text,'1.125'::numeric,public.ST_GeomFromEWKT('SRID=0;POINT Z(1 2 3)')) ON CONFLICT(version_id,fid) DO UPDATE SET feature_revision=EXCLUDED.feature_revision,name=EXCLUDED.name,amount=EXCLUDED.amount,geom=EXCLUDED.geom"
	PL/pgSQL function raw_apply_rows(uuid,uuid,uuid,jsonb,boolean) line 89 at EXECUTE
	PL/pgSQL function apply_group(uuid,uuid,jsonb) line 68 at assignment
	PL/pgSQL function apply_rows(uuid,uuid,uuid,jsonb,boolean) line 9 at RETURN
2026-10-03 13:10:10.431 PDT [472185] STATEMENT:  SELECT managed.apply_rows('f63e8bc9-c15e-42ec-ab69-b9c5152ed159','7685b803-7dd1-498f-855d-a66dccaf99c8','94adcc92-0abf-4aba-bb4b-01842b317ebe','[{"fid":"716f9447-69fb-44fb-b352-c8a5c60a6688","values":{"name":"München","amount":"1.125"},"geometry":"SRID=0;POINT Z(1 2 3)"}]'::jsonb,true)
2026-10-03 13:10:10.432 PDT [472185] ERROR:  new row for relation "d_f63e8bc9c15e42ecab69b9c5152ed159" violates check constraint "d_f63e8bc9c15e42ecab69b9c5152ed159_geom_check"
2026-10-03 13:10:10.432 PDT [472185] DETAIL:  Failing row contains (f63e8bc9-c15e-42ec-ab69-b9c5152ed159, 930bdbf4-f0fc-4529-a99b-f57c4b1656df, 7685b803-7dd1-498f-855d-a66dccaf99c8, 28e074a2-76cb-478b-a0c0-d69ff4cf5681, 3, c60e1cac-0708-44f1-8b49-ffd23627a1bb, München, 1.125, 01010000A0E6100000000000000000F03F000000000000004000000000000008...).
2026-10-03 13:10:10.432 PDT [472185] CONTEXT:  SQL statement "INSERT INTO managed.d_f63e8bc9c15e42ecab69b9c5152ed159 (dataset_id,version_group_id,version_id,fid,object_id,feature_revision,name,amount,geom) VALUES ('f63e8bc9-c15e-42ec-ab69-b9c5152ed159'::uuid,'930bdbf4-f0fc-4529-a99b-f57c4b1656df'::uuid,'7685b803-7dd1-498f-855d-a66dccaf99c8'::uuid,'28e074a2-76cb-478b-a0c0-d69ff4cf5681'::uuid,'3'::bigint,gen_random_uuid(),'München'::text,'1.125'::numeric,public.ST_GeomFromEWKT('SRID=4326;POINT Z(1 2 3)')) ON CONFLICT(version_id,fid) DO UPDATE SET feature_revision=EXCLUDED.feature_revision,name=EXCLUDED.name,amount=EXCLUDED.amount,geom=EXCLUDED.geom"
	PL/pgSQL function raw_apply_rows(uuid,uuid,uuid,jsonb,boolean) line 89 at EXECUTE
	PL/pgSQL function apply_group(uuid,uuid,jsonb) line 68 at assignment
	PL/pgSQL function apply_rows(uuid,uuid,uuid,jsonb,boolean) line 9 at RETURN
2026-10-03 13:10:10.432 PDT [472185] STATEMENT:  SELECT managed.apply_rows('f63e8bc9-c15e-42ec-ab69-b9c5152ed159','7685b803-7dd1-498f-855d-a66dccaf99c8','94adcc92-0abf-4aba-bb4b-01842b317ebe','[{"fid":"28e074a2-76cb-478b-a0c0-d69ff4cf5681","values":{"name":"München","amount":"1.125"},"geometry":"SRID=4326;POINT Z(1 2 3)"}]'::jsonb,true)
2026-10-03 13:10:10.433 PDT [472185] ERROR:  new row for relation "d_f63e8bc9c15e42ecab69b9c5152ed159" violates check constraint "d_f63e8bc9c15e42ecab69b9c5152ed159_geom_check"
2026-10-03 13:10:10.433 PDT [472185] DETAIL:  Failing row contains (f63e8bc9-c15e-42ec-ab69-b9c5152ed159, 930bdbf4-f0fc-4529-a99b-f57c4b1656df, 7685b803-7dd1-498f-855d-a66dccaf99c8, 2e5b21b4-03fa-4448-ba25-d6025506cff1, 4, b3b6b1ef-dd03-4fd9-9a1b-7cdf9574c96d, München, 1.125, 0101000020B6080000000000000000F03F0000000000000040).
2026-10-03 13:10:10.433 PDT [472185] CONTEXT:  SQL statement "INSERT INTO managed.d_f63e8bc9c15e42ecab69b9c5152ed159 (dataset_id,version_group_id,version_id,fid,object_id,feature_revision,name,amount,geom) VALUES ('f63e8bc9-c15e-42ec-ab69-b9c5152ed159'::uuid,'930bdbf4-f0fc-4529-a99b-f57c4b1656df'::uuid,'7685b803-7dd1-498f-855d-a66dccaf99c8'::uuid,'2e5b21b4-03fa-4448-ba25-d6025506cff1'::uuid,'4'::bigint,gen_random_uuid(),'München'::text,'1.125'::numeric,public.ST_GeomFromEWKT('SRID=2230;POINT (1 2)')) ON CONFLICT(version_id,fid) DO UPDATE SET feature_revision=EXCLUDED.feature_revision,name=EXCLUDED.name,amount=EXCLUDED.amount,geom=EXCLUDED.geom"
	PL/pgSQL function raw_apply_rows(uuid,uuid,uuid,jsonb,boolean) line 89 at EXECUTE
	PL/pgSQL function apply_group(uuid,uuid,jsonb) line 68 at assignment
	PL/pgSQL function apply_rows(uuid,uuid,uuid,jsonb,boolean) line 9 at RETURN
2026-10-03 13:10:10.433 PDT [472185] STATEMENT:  SELECT managed.apply_rows('f63e8bc9-c15e-42ec-ab69-b9c5152ed159','7685b803-7dd1-498f-855d-a66dccaf99c8','94adcc92-0abf-4aba-bb4b-01842b317ebe','[{"fid":"2e5b21b4-03fa-4448-ba25-d6025506cff1","values":{"name":"München","amount":"1.125"},"geometry":"SRID=2230;POINT (1 2)"}]'::jsonb,true)
2026-10-03 13:10:10.433 PDT [472185] ERROR:  new row for relation "d_f63e8bc9c15e42ecab69b9c5152ed159" violates check constraint "d_f63e8bc9c15e42ecab69b9c5152ed159_geom_check"
2026-10-03 13:10:10.433 PDT [472185] DETAIL:  Failing row contains (f63e8bc9-c15e-42ec-ab69-b9c5152ed159, 930bdbf4-f0fc-4529-a99b-f57c4b1656df, 7685b803-7dd1-498f-855d-a66dccaf99c8, 0bea4a0e-e520-4821-a83a-88f9cee2a2fe, 5, 5b028e64-0558-43ea-a973-7cb83fc3ca0a, München, 1.125, 01040000A0B6080000010000000101000080000000000000F03F000000000000...).
2026-10-03 13:10:10.433 PDT [472185] CONTEXT:  SQL statement "INSERT INTO managed.d_f63e8bc9c15e42ecab69b9c5152ed159 (dataset_id,version_group_id,version_id,fid,object_id,feature_revision,name,amount,geom) VALUES ('f63e8bc9-c15e-42ec-ab69-b9c5152ed159'::uuid,'930bdbf4-f0fc-4529-a99b-f57c4b1656df'::uuid,'7685b803-7dd1-498f-855d-a66dccaf99c8'::uuid,'0bea4a0e-e520-4821-a83a-88f9cee2a2fe'::uuid,'5'::bigint,gen_random_uuid(),'München'::text,'1.125'::numeric,public.ST_GeomFromEWKT('SRID=2230;MULTIPOINT Z((1 2 3))')) ON CONFLICT(version_id,fid) DO UPDATE SET feature_revision=EXCLUDED.feature_revision,name=EXCLUDED.name,amount=EXCLUDED.amount,geom=EXCLUDED.geom"
	PL/pgSQL function raw_apply_rows(uuid,uuid,uuid,jsonb,boolean) line 89 at EXECUTE
	PL/pgSQL function apply_group(uuid,uuid,jsonb) line 68 at assignment
	PL/pgSQL function apply_rows(uuid,uuid,uuid,jsonb,boolean) line 9 at RETURN
2026-10-03 13:10:10.433 PDT [472185] STATEMENT:  SELECT managed.apply_rows('f63e8bc9-c15e-42ec-ab69-b9c5152ed159','7685b803-7dd1-498f-855d-a66dccaf99c8','94adcc92-0abf-4aba-bb4b-01842b317ebe','[{"fid":"0bea4a0e-e520-4821-a83a-88f9cee2a2fe","values":{"name":"München","amount":"1.125"},"geometry":"SRID=2230;MULTIPOINT Z((1 2 3))"}]'::jsonb,true)
2026-10-03 13:10:10.552 PDT [472185] ERROR:  new row for relation "d_2a05c53e57f0459a93232fff3f9313c3" violates check constraint "d_2a05c53e57f0459a93232fff3f9313c3_geom_check"
2026-10-03 13:10:10.552 PDT [472185] DETAIL:  Failing row contains (2a05c53e-57f0-459a-9323-2fff3f9313c3, 60ba3968-f680-43da-9e2e-56f1542e26de, 7bdb311f-74ec-4cbb-bd95-459b07d437bb, 92a91d0a-c6ed-4b63-af80-3601418f20a3, 2, 92efe99b-96f0-4477-990c-bacb2e3eca02, München, 1.125, 0101000040000000000000F03F00000000000000400000000000001040).
2026-10-03 13:10:10.552 PDT [472185] CONTEXT:  SQL statement "INSERT INTO managed.d_2a05c53e57f0459a93232fff3f9313c3 (dataset_id,version_group_id,version_id,fid,object_id,feature_revision,name,amount,geom) VALUES ('2a05c53e-57f0-459a-9323-2fff3f9313c3'::uuid,'60ba3968-f680-43da-9e2e-56f1542e26de'::uuid,'7bdb311f-74ec-4cbb-bd95-459b07d437bb'::uuid,'92a91d0a-c6ed-4b63-af80-3601418f20a3'::uuid,'2'::bigint,gen_random_uuid(),'München'::text,'1.125'::numeric,public.ST_GeomFromEWKT('SRID=0;POINT M(1 2 4)')) ON CONFLICT(version_id,fid) DO UPDATE SET feature_revision=EXCLUDED.feature_revision,name=EXCLUDED.name,amount=EXCLUDED.amount,geom=EXCLUDED.geom"
	PL/pgSQL function raw_apply_rows(uuid,uuid,uuid,jsonb,boolean) line 89 at EXECUTE
	PL/pgSQL function apply_group(uuid,uuid,jsonb) line 68 at assignment
	PL/pgSQL function apply_rows(uuid,uuid,uuid,jsonb,boolean) line 9 at RETURN
2026-10-03 13:10:10.552 PDT [472185] STATEMENT:  SELECT managed.apply_rows('2a05c53e-57f0-459a-9323-2fff3f9313c3','7bdb311f-74ec-4cbb-bd95-459b07d437bb','303c49da-df15-4f9d-9289-a45e9518573c','[{"fid":"92a91d0a-c6ed-4b63-af80-3601418f20a3","values":{"name":"München","amount":"1.125"},"geometry":"SRID=0;POINT M(1 2 4)"}]'::jsonb,true)
2026-10-03 13:10:10.553 PDT [472185] ERROR:  new row for relation "d_2a05c53e57f0459a93232fff3f9313c3" violates check constraint "d_2a05c53e57f0459a93232fff3f9313c3_geom_check"
2026-10-03 13:10:10.553 PDT [472185] DETAIL:  Failing row contains (2a05c53e-57f0-459a-9323-2fff3f9313c3, 60ba3968-f680-43da-9e2e-56f1542e26de, 7bdb311f-74ec-4cbb-bd95-459b07d437bb, e47653e4-2658-4ada-b6e2-d9cd0b96879a, 3, fd13c2a8-0649-4cec-b0a9-2e76672e6c9d, München, 1.125, 0101000060E6100000000000000000F03F000000000000004000000000000010...).
2026-10-03 13:10:10.553 PDT [472185] CONTEXT:  SQL statement "INSERT INTO managed.d_2a05c53e57f0459a93232fff3f9313c3 (dataset_id,version_group_id,version_id,fid,object_id,feature_revision,name,amount,geom) VALUES ('2a05c53e-57f0-459a-9323-2fff3f9313c3'::uuid,'60ba3968-f680-43da-9e2e-56f1542e26de'::uuid,'7bdb311f-74ec-4cbb-bd95-459b07d437bb'::uuid,'e47653e4-2658-4ada-b6e2-d9cd0b96879a'::uuid,'3'::bigint,gen_random_uuid(),'München'::text,'1.125'::numeric,public.ST_GeomFromEWKT('SRID=4326;POINT M(1 2 4)')) ON CONFLICT(version_id,fid) DO UPDATE SET feature_revision=EXCLUDED.feature_revision,name=EXCLUDED.name,amount=EXCLUDED.amount,geom=EXCLUDED.geom"
	PL/pgSQL function raw_apply_rows(uuid,uuid,uuid,jsonb,boolean) line 89 at EXECUTE
	PL/pgSQL function apply_group(uuid,uuid,jsonb) line 68 at assignment
	PL/pgSQL function apply_rows(uuid,uuid,uuid,jsonb,boolean) line 9 at RETURN
2026-10-03 13:10:10.553 PDT [472185] STATEMENT:  SELECT managed.apply_rows('2a05c53e-57f0-459a-9323-2fff3f9313c3','7bdb311f-74ec-4cbb-bd95-459b07d437bb','303c49da-df15-4f9d-9289-a45e9518573c','[{"fid":"e47653e4-2658-4ada-b6e2-d9cd0b96879a","values":{"name":"München","amount":"1.125"},"geometry":"SRID=4326;POINT M(1 2 4)"}]'::jsonb,true)
2026-10-03 13:10:10.554 PDT [472185] ERROR:  new row for relation "d_2a05c53e57f0459a93232fff3f9313c3" violates check constraint "d_2a05c53e57f0459a93232fff3f9313c3_geom_check"
2026-10-03 13:10:10.554 PDT [472185] DETAIL:  Failing row contains (2a05c53e-57f0-459a-9323-2fff3f9313c3, 60ba3968-f680-43da-9e2e-56f1542e26de, 7bdb311f-74ec-4cbb-bd95-459b07d437bb, 0ed4e91e-ad07-47bd-bfb5-e668f69d567f, 4, cc6977f2-aea0-4784-b93c-c27f650c79ab, München, 1.125, 0101000020B6080000000000000000F03F0000000000000040).
2026-10-03 13:10:10.554 PDT [472185] CONTEXT:  SQL statement "INSERT INTO managed.d_2a05c53e57f0459a93232fff3f9313c3 (dataset_id,version_group_id,version_id,fid,object_id,feature_revision,name,amount,geom) VALUES ('2a05c53e-57f0-459a-9323-2fff3f9313c3'::uuid,'60ba3968-f680-43da-9e2e-56f1542e26de'::uuid,'7bdb311f-74ec-4cbb-bd95-459b07d437bb'::uuid,'0ed4e91e-ad07-47bd-bfb5-e668f69d567f'::uuid,'4'::bigint,gen_random_uuid(),'München'::text,'1.125'::numeric,public.ST_GeomFromEWKT('SRID=2230;POINT (1 2)')) ON CONFLICT(version_id,fid) DO UPDATE SET feature_revision=EXCLUDED.feature_revision,name=EXCLUDED.name,amount=EXCLUDED.amount,geom=EXCLUDED.geom"
	PL/pgSQL function raw_apply_rows(uuid,uuid,uuid,jsonb,boolean) line 89 at EXECUTE
	PL/pgSQL function apply_group(uuid,uuid,jsonb) line 68 at assignment
	PL/pgSQL function apply_rows(uuid,uuid,uuid,jsonb,boolean) line 9 at RETURN
2026-10-03 13:10:10.554 PDT [472185] STATEMENT:  SELECT managed.apply_rows('2a05c53e-57f0-459a-9323-2fff3f9313c3','7bdb311f-74ec-4cbb-bd95-459b07d437bb','303c49da-df15-4f9d-9289-a45e9518573c','[{"fid":"0ed4e91e-ad07-47bd-bfb5-e668f69d567f","values":{"name":"München","amount":"1.125"},"geometry":"SRID=2230;POINT (1 2)"}]'::jsonb,true)
2026-10-03 13:10:10.555 PDT [472185] ERROR:  new row for relation "d_2a05c53e57f0459a93232fff3f9313c3" violates check constraint "d_2a05c53e57f0459a93232fff3f9313c3_geom_check"
2026-10-03 13:10:10.555 PDT [472185] DETAIL:  Failing row contains (2a05c53e-57f0-459a-9323-2fff3f9313c3, 60ba3968-f680-43da-9e2e-56f1542e26de, 7bdb311f-74ec-4cbb-bd95-459b07d437bb, 2edefc72-15e5-4db5-988d-ba9a9b45a3e0, 5, 5c5da7ea-1cc8-4db1-afa0-43fd2f211c5a, München, 1.125, 0104000060B6080000010000000101000040000000000000F03F000000000000...).
2026-10-03 13:10:10.555 PDT [472185] CONTEXT:  SQL statement "INSERT INTO managed.d_2a05c53e57f0459a93232fff3f9313c3 (dataset_id,version_group_id,version_id,fid,object_id,feature_revision,name,amount,geom) VALUES ('2a05c53e-57f0-459a-9323-2fff3f9313c3'::uuid,'60ba3968-f680-43da-9e2e-56f1542e26de'::uuid,'7bdb311f-74ec-4cbb-bd95-459b07d437bb'::uuid,'2edefc72-15e5-4db5-988d-ba9a9b45a3e0'::uuid,'5'::bigint,gen_random_uuid(),'München'::text,'1.125'::numeric,public.ST_GeomFromEWKT('SRID=2230;MULTIPOINT M((1 2 4))')) ON CONFLICT(version_id,fid) DO UPDATE SET feature_revision=EXCLUDED.feature_revision,name=EXCLUDED.name,amount=EXCLUDED.amount,geom=EXCLUDED.geom"
	PL/pgSQL function raw_apply_rows(uuid,uuid,uuid,jsonb,boolean) line 89 at EXECUTE
	PL/pgSQL function apply_group(uuid,uuid,jsonb) line 68 at assignment
	PL/pgSQL function apply_rows(uuid,uuid,uuid,jsonb,boolean) line 9 at RETURN
2026-10-03 13:10:10.555 PDT [472185] STATEMENT:  SELECT managed.apply_rows('2a05c53e-57f0-459a-9323-2fff3f9313c3','7bdb311f-74ec-4cbb-bd95-459b07d437bb','303c49da-df15-4f9d-9289-a45e9518573c','[{"fid":"2edefc72-15e5-4db5-988d-ba9a9b45a3e0","values":{"name":"München","amount":"1.125"},"geometry":"SRID=2230;MULTIPOINT M((1 2 4))"}]'::jsonb,true)
2026-10-03 13:10:10.672 PDT [472185] ERROR:  new row for relation "d_f37ca3a9619745528cc7dbc82f4d47a7" violates check constraint "d_f37ca3a9619745528cc7dbc82f4d47a7_geom_check"
2026-10-03 13:10:10.672 PDT [472185] DETAIL:  Failing row contains (f37ca3a9-6197-4552-8cc7-dbc82f4d47a7, a51e1a94-b1bc-46ac-8b10-de9914300090, 905d6a44-943a-4b09-90d3-bd575b80141c, d339def3-48f9-4a43-9da9-15e133fa6c2a, 2, 0ded6099-b5c2-47cc-bf54-bca321d48484, München, 1.125, 01010000C0000000000000F03F00000000000000400000000000000840000000...).
2026-10-03 13:10:10.672 PDT [472185] CONTEXT:  SQL statement "INSERT INTO managed.d_f37ca3a9619745528cc7dbc82f4d47a7 (dataset_id,version_group_id,version_id,fid,object_id,feature_revision,name,amount,geom) VALUES ('f37ca3a9-6197-4552-8cc7-dbc82f4d47a7'::uuid,'a51e1a94-b1bc-46ac-8b10-de9914300090'::uuid,'905d6a44-943a-4b09-90d3-bd575b80141c'::uuid,'d339def3-48f9-4a43-9da9-15e133fa6c2a'::uuid,'2'::bigint,gen_random_uuid(),'München'::text,'1.125'::numeric,public.ST_GeomFromEWKT('SRID=0;POINT ZM(1 2 3 4)')) ON CONFLICT(version_id,fid) DO UPDATE SET feature_revision=EXCLUDED.feature_revision,name=EXCLUDED.name,amount=EXCLUDED.amount,geom=EXCLUDED.geom"
	PL/pgSQL function raw_apply_rows(uuid,uuid,uuid,jsonb,boolean) line 89 at EXECUTE
	PL/pgSQL function apply_group(uuid,uuid,jsonb) line 68 at assignment
	PL/pgSQL function apply_rows(uuid,uuid,uuid,jsonb,boolean) line 9 at RETURN
2026-10-03 13:10:10.672 PDT [472185] STATEMENT:  SELECT managed.apply_rows('f37ca3a9-6197-4552-8cc7-dbc82f4d47a7','905d6a44-943a-4b09-90d3-bd575b80141c','aba797ab-3370-468e-9fe4-8ad8709342ca','[{"fid":"d339def3-48f9-4a43-9da9-15e133fa6c2a","values":{"name":"München","amount":"1.125"},"geometry":"SRID=0;POINT ZM(1 2 3 4)"}]'::jsonb,true)
2026-10-03 13:10:10.673 PDT [472185] ERROR:  new row for relation "d_f37ca3a9619745528cc7dbc82f4d47a7" violates check constraint "d_f37ca3a9619745528cc7dbc82f4d47a7_geom_check"
2026-10-03 13:10:10.673 PDT [472185] DETAIL:  Failing row contains (f37ca3a9-6197-4552-8cc7-dbc82f4d47a7, a51e1a94-b1bc-46ac-8b10-de9914300090, 905d6a44-943a-4b09-90d3-bd575b80141c, 121fdc3d-be39-4896-9fe3-263c67d96308, 3, e693417d-b331-4305-bb00-661e484f92cb, München, 1.125, 01010000E0E6100000000000000000F03F000000000000004000000000000008...).
2026-10-03 13:10:10.673 PDT [472185] CONTEXT:  SQL statement "INSERT INTO managed.d_f37ca3a9619745528cc7dbc82f4d47a7 (dataset_id,version_group_id,version_id,fid,object_id,feature_revision,name,amount,geom) VALUES ('f37ca3a9-6197-4552-8cc7-dbc82f4d47a7'::uuid,'a51e1a94-b1bc-46ac-8b10-de9914300090'::uuid,'905d6a44-943a-4b09-90d3-bd575b80141c'::uuid,'121fdc3d-be39-4896-9fe3-263c67d96308'::uuid,'3'::bigint,gen_random_uuid(),'München'::text,'1.125'::numeric,public.ST_GeomFromEWKT('SRID=4326;POINT ZM(1 2 3 4)')) ON CONFLICT(version_id,fid) DO UPDATE SET feature_revision=EXCLUDED.feature_revision,name=EXCLUDED.name,amount=EXCLUDED.amount,geom=EXCLUDED.geom"
	PL/pgSQL function raw_apply_rows(uuid,uuid,uuid,jsonb,boolean) line 89 at EXECUTE
	PL/pgSQL function apply_group(uuid,uuid,jsonb) line 68 at assignment
	PL/pgSQL function apply_rows(uuid,uuid,uuid,jsonb,boolean) line 9 at RETURN
2026-10-03 13:10:10.673 PDT [472185] STATEMENT:  SELECT managed.apply_rows('f37ca3a9-6197-4552-8cc7-dbc82f4d47a7','905d6a44-943a-4b09-90d3-bd575b80141c','aba797ab-3370-468e-9fe4-8ad8709342ca','[{"fid":"121fdc3d-be39-4896-9fe3-263c67d96308","values":{"name":"München","amount":"1.125"},"geometry":"SRID=4326;POINT ZM(1 2 3 4)"}]'::jsonb,true)
2026-10-03 13:10:10.674 PDT [472185] ERROR:  new row for relation "d_f37ca3a9619745528cc7dbc82f4d47a7" violates check constraint "d_f37ca3a9619745528cc7dbc82f4d47a7_geom_check"
2026-10-03 13:10:10.674 PDT [472185] DETAIL:  Failing row contains (f37ca3a9-6197-4552-8cc7-dbc82f4d47a7, a51e1a94-b1bc-46ac-8b10-de9914300090, 905d6a44-943a-4b09-90d3-bd575b80141c, 0fdc4a91-b1b7-4c99-986c-88b3a6d8195d, 4, 817f6933-4981-4f65-9469-933b98d9e83a, München, 1.125, 0101000020B6080000000000000000F03F0000000000000040).
2026-10-03 13:10:10.674 PDT [472185] CONTEXT:  SQL statement "INSERT INTO managed.d_f37ca3a9619745528cc7dbc82f4d47a7 (dataset_id,version_group_id,version_id,fid,object_id,feature_revision,name,amount,geom) VALUES ('f37ca3a9-6197-4552-8cc7-dbc82f4d47a7'::uuid,'a51e1a94-b1bc-46ac-8b10-de9914300090'::uuid,'905d6a44-943a-4b09-90d3-bd575b80141c'::uuid,'0fdc4a91-b1b7-4c99-986c-88b3a6d8195d'::uuid,'4'::bigint,gen_random_uuid(),'München'::text,'1.125'::numeric,public.ST_GeomFromEWKT('SRID=2230;POINT (1 2)')) ON CONFLICT(version_id,fid) DO UPDATE SET feature_revision=EXCLUDED.feature_revision,name=EXCLUDED.name,amount=EXCLUDED.amount,geom=EXCLUDED.geom"
	PL/pgSQL function raw_apply_rows(uuid,uuid,uuid,jsonb,boolean) line 89 at EXECUTE
	PL/pgSQL function apply_group(uuid,uuid,jsonb) line 68 at assignment
	PL/pgSQL function apply_rows(uuid,uuid,uuid,jsonb,boolean) line 9 at RETURN
2026-10-03 13:10:10.674 PDT [472185] STATEMENT:  SELECT managed.apply_rows('f37ca3a9-6197-4552-8cc7-dbc82f4d47a7','905d6a44-943a-4b09-90d3-bd575b80141c','aba797ab-3370-468e-9fe4-8ad8709342ca','[{"fid":"0fdc4a91-b1b7-4c99-986c-88b3a6d8195d","values":{"name":"München","amount":"1.125"},"geometry":"SRID=2230;POINT (1 2)"}]'::jsonb,true)
2026-10-03 13:10:10.675 PDT [472185] ERROR:  new row for relation "d_f37ca3a9619745528cc7dbc82f4d47a7" violates check constraint "d_f37ca3a9619745528cc7dbc82f4d47a7_geom_check"
2026-10-03 13:10:10.675 PDT [472185] DETAIL:  Failing row contains (f37ca3a9-6197-4552-8cc7-dbc82f4d47a7, a51e1a94-b1bc-46ac-8b10-de9914300090, 905d6a44-943a-4b09-90d3-bd575b80141c, f8e7054d-0e47-46eb-bf84-2ae959dbf598, 5, dfd7596f-6823-4201-9487-f1a6167e0b3f, München, 1.125, 01040000E0B60800000100000001010000C0000000000000F03F000000000000...).
2026-10-03 13:10:10.675 PDT [472185] CONTEXT:  SQL statement "INSERT INTO managed.d_f37ca3a9619745528cc7dbc82f4d47a7 (dataset_id,version_group_id,version_id,fid,object_id,feature_revision,name,amount,geom) VALUES ('f37ca3a9-6197-4552-8cc7-dbc82f4d47a7'::uuid,'a51e1a94-b1bc-46ac-8b10-de9914300090'::uuid,'905d6a44-943a-4b09-90d3-bd575b80141c'::uuid,'f8e7054d-0e47-46eb-bf84-2ae959dbf598'::uuid,'5'::bigint,gen_random_uuid(),'München'::text,'1.125'::numeric,public.ST_GeomFromEWKT('SRID=2230;MULTIPOINT ZM((1 2 3 4))')) ON CONFLICT(version_id,fid) DO UPDATE SET feature_revision=EXCLUDED.feature_revision,name=EXCLUDED.name,amount=EXCLUDED.amount,geom=EXCLUDED.geom"
	PL/pgSQL function raw_apply_rows(uuid,uuid,uuid,jsonb,boolean) line 89 at EXECUTE
	PL/pgSQL function apply_group(uuid,uuid,jsonb) line 68 at assignment
	PL/pgSQL function apply_rows(uuid,uuid,uuid,jsonb,boolean) line 9 at RETURN
2026-10-03 13:10:10.675 PDT [472185] STATEMENT:  SELECT managed.apply_rows('f37ca3a9-6197-4552-8cc7-dbc82f4d47a7','905d6a44-943a-4b09-90d3-bd575b80141c','aba797ab-3370-468e-9fe4-8ad8709342ca','[{"fid":"f8e7054d-0e47-46eb-bf84-2ae959dbf598","values":{"name":"München","amount":"1.125"},"geometry":"SRID=2230;MULTIPOINT ZM((1 2 3 4))"}]'::jsonb,true)
2026-10-03 13:10:10.918 PDT [472193] ERROR:  INVALID_FEATURE_ROW
2026-10-03 13:10:10.918 PDT [472193] CONTEXT:  PL/pgSQL function apply_group(uuid,uuid,jsonb) line 39 at RAISE
	PL/pgSQL function apply_rows(uuid,uuid,uuid,jsonb,boolean) line 9 at RETURN
2026-10-03 13:10:10.918 PDT [472193] STATEMENT:  SELECT managed.apply_rows('c01b2c76-9490-4ce6-aa7f-5c0d683e4ea2','2cf756bd-6f44-47aa-bc2c-a147577d5186','3c0480f8-1b30-44f0-86c4-4aa3375e0202','[{"values":{"name":"München","amount":"1.125"},"geometry":"SRID=4326;POINT(1 2)"}]'::jsonb,true)
2026-10-03 13:10:10.919 PDT [472193] ERROR:  DUPLICATE_FEATURE_UUID
2026-10-03 13:10:10.919 PDT [472193] CONTEXT:  PL/pgSQL function raw_apply_rows(uuid,uuid,uuid,jsonb,boolean) line 35 at RAISE
	PL/pgSQL function apply_group(uuid,uuid,jsonb) line 68 at assignment
	PL/pgSQL function apply_rows(uuid,uuid,uuid,jsonb,boolean) line 9 at RETURN
2026-10-03 13:10:10.919 PDT [472193] STATEMENT:  SELECT managed.apply_rows('c01b2c76-9490-4ce6-aa7f-5c0d683e4ea2','2cf756bd-6f44-47aa-bc2c-a147577d5186','3c0480f8-1b30-44f0-86c4-4aa3375e0202','[{"fid":"5c091ec2-983e-44ff-9b64-742d3fb200ed","values":{"name":"München","amount":"1.125"},"geometry":"SRID=4326;POINT(1 2)"},{"fid":"5c091ec2-983e-44ff-9b64-742d3fb200ed","values":{"name":"München","amount":"1.125"},"geometry":"SRID=4326;POINT(1 2)"}]'::jsonb,true)
2026-10-03 13:10:11.050 PDT [472196] ERROR:  new row for relation "d_1d39ffd0c21846a48d6a9cc45e39783f" violates check constraint "d_1d39ffd0c21846a48d6a9cc45e39783f_name_check"
2026-10-03 13:10:11.050 PDT [472196] DETAIL:  Failing row contains (1d39ffd0-c218-46a4-8d6a-9cc45e39783f, 469d1039-3ad6-42a4-8f67-3011c5321950, c8c1bdd1-e062-4848-88de-e4bdbb01f16a, a3e26184-a785-4ec2-b255-77508f7ba0cf, 3, 668a273a-573d-4cd0-b892-f588454a3d28, 123456789, 1.125, 0101000020E6100000000000000000F03F0000000000000040).
2026-10-03 13:10:11.050 PDT [472196] CONTEXT:  SQL statement "INSERT INTO managed.d_1d39ffd0c21846a48d6a9cc45e39783f (dataset_id,version_group_id,version_id,fid,object_id,feature_revision,name,amount,geom) VALUES ('1d39ffd0-c218-46a4-8d6a-9cc45e39783f'::uuid,'469d1039-3ad6-42a4-8f67-3011c5321950'::uuid,'c8c1bdd1-e062-4848-88de-e4bdbb01f16a'::uuid,'a3e26184-a785-4ec2-b255-77508f7ba0cf'::uuid,'3'::bigint,gen_random_uuid(),'123456789'::text,'1.125'::numeric,public.ST_GeomFromEWKT('SRID=4326;POINT(1 2)')) ON CONFLICT(version_id,fid) DO UPDATE SET feature_revision=EXCLUDED.feature_revision,name=EXCLUDED.name,amount=EXCLUDED.amount,geom=EXCLUDED.geom"
	PL/pgSQL function raw_apply_rows(uuid,uuid,uuid,jsonb,boolean) line 89 at EXECUTE
	PL/pgSQL function apply_group(uuid,uuid,jsonb) line 68 at assignment
	PL/pgSQL function apply_rows(uuid,uuid,uuid,jsonb,boolean) line 9 at RETURN
2026-10-03 13:10:11.050 PDT [472196] STATEMENT:  SELECT managed.apply_rows('1d39ffd0-c218-46a4-8d6a-9cc45e39783f','c8c1bdd1-e062-4848-88de-e4bdbb01f16a','bd702326-7a4f-496b-babd-b53851dde3d1','[{"fid":"1429d6dd-d6f0-4d42-8332-3d3be6e15ed7","values":{"name":"München","amount":"1.125"},"geometry":"SRID=4326;POINT(1 2)"},{"fid":"a3e26184-a785-4ec2-b255-77508f7ba0cf","values":{"name":"123456789","amount":"1.125"},"geometry":"SRID=4326;POINT(1 2)"}]'::jsonb,true)
2026-10-03 13:10:11.052 PDT [472196] ERROR:  new row for relation "d_1d39ffd0c21846a48d6a9cc45e39783f" violates check constraint "d_1d39ffd0c21846a48d6a9cc45e39783f_amount_check"
2026-10-03 13:10:11.052 PDT [472196] DETAIL:  Failing row contains (1d39ffd0-c218-46a4-8d6a-9cc45e39783f, 469d1039-3ad6-42a4-8f67-3011c5321950, c8c1bdd1-e062-4848-88de-e4bdbb01f16a, b3744d77-5c0e-4648-8829-683d94755b6e, 4, 2153d922-c9c6-4ba9-8f4d-dddc5d211288, abc, 1.1254, 0101000020E6100000000000000000F03F0000000000000040).
2026-10-03 13:10:11.052 PDT [472196] CONTEXT:  SQL statement "INSERT INTO managed.d_1d39ffd0c21846a48d6a9cc45e39783f (dataset_id,version_group_id,version_id,fid,object_id,feature_revision,name,amount,geom) VALUES ('1d39ffd0-c218-46a4-8d6a-9cc45e39783f'::uuid,'469d1039-3ad6-42a4-8f67-3011c5321950'::uuid,'c8c1bdd1-e062-4848-88de-e4bdbb01f16a'::uuid,'b3744d77-5c0e-4648-8829-683d94755b6e'::uuid,'4'::bigint,gen_random_uuid(),'abc'::text,'1.1254'::numeric,public.ST_GeomFromEWKT('SRID=4326;POINT(1 2)')) ON CONFLICT(version_id,fid) DO UPDATE SET feature_revision=EXCLUDED.feature_revision,name=EXCLUDED.name,amount=EXCLUDED.amount,geom=EXCLUDED.geom"
	PL/pgSQL function raw_apply_rows(uuid,uuid,uuid,jsonb,boolean) line 89 at EXECUTE
	PL/pgSQL function apply_group(uuid,uuid,jsonb) line 68 at assignment
	PL/pgSQL function apply_rows(uuid,uuid,uuid,jsonb,boolean) line 9 at RETURN
2026-10-03 13:10:11.052 PDT [472196] STATEMENT:  SELECT managed.apply_rows('1d39ffd0-c218-46a4-8d6a-9cc45e39783f','c8c1bdd1-e062-4848-88de-e4bdbb01f16a','bd702326-7a4f-496b-babd-b53851dde3d1','[{"fid":"b3744d77-5c0e-4648-8829-683d94755b6e","values":{"name":"abc","amount":"1.1254"},"geometry":"SRID=4326;POINT(1 2)"}]'::jsonb,true)
2026-10-03 13:10:11.053 PDT [472196] ERROR:  new row for relation "d_1d39ffd0c21846a48d6a9cc45e39783f" violates check constraint "d_1d39ffd0c21846a48d6a9cc45e39783f_amount_check"
2026-10-03 13:10:11.053 PDT [472196] DETAIL:  Failing row contains (1d39ffd0-c218-46a4-8d6a-9cc45e39783f, 469d1039-3ad6-42a4-8f67-3011c5321950, c8c1bdd1-e062-4848-88de-e4bdbb01f16a, 1d3248ba-7af9-4404-9ada-8bc7661cdcb7, 5, 895ad207-3720-4f7f-8ef0-0fd2de7da292, abc, 1000000000, 0101000020E6100000000000000000F03F0000000000000040).
2026-10-03 13:10:11.053 PDT [472196] CONTEXT:  SQL statement "INSERT INTO managed.d_1d39ffd0c21846a48d6a9cc45e39783f (dataset_id,version_group_id,version_id,fid,object_id,feature_revision,name,amount,geom) VALUES ('1d39ffd0-c218-46a4-8d6a-9cc45e39783f'::uuid,'469d1039-3ad6-42a4-8f67-3011c5321950'::uuid,'c8c1bdd1-e062-4848-88de-e4bdbb01f16a'::uuid,'1d3248ba-7af9-4404-9ada-8bc7661cdcb7'::uuid,'5'::bigint,gen_random_uuid(),'abc'::text,'1000000000'::numeric,public.ST_GeomFromEWKT('SRID=4326;POINT(1 2)')) ON CONFLICT(version_id,fid) DO UPDATE SET feature_revision=EXCLUDED.feature_revision,name=EXCLUDED.name,amount=EXCLUDED.amount,geom=EXCLUDED.geom"
	PL/pgSQL function raw_apply_rows(uuid,uuid,uuid,jsonb,boolean) line 89 at EXECUTE
	PL/pgSQL function apply_group(uuid,uuid,jsonb) line 68 at assignment
	PL/pgSQL function apply_rows(uuid,uuid,uuid,jsonb,boolean) line 9 at RETURN
2026-10-03 13:10:11.053 PDT [472196] STATEMENT:  SELECT managed.apply_rows('1d39ffd0-c218-46a4-8d6a-9cc45e39783f','c8c1bdd1-e062-4848-88de-e4bdbb01f16a','bd702326-7a4f-496b-babd-b53851dde3d1','[{"fid":"1d3248ba-7af9-4404-9ada-8bc7661cdcb7","values":{"name":"abc","amount":"1000000000"},"geometry":"SRID=4326;POINT(1 2)"}]'::jsonb,true)
2026-10-03 13:10:11.169 PDT [472201] ERROR:  division by zero
2026-10-03 13:10:11.169 PDT [472201] STATEMENT:  CREATE TABLE managed.partial_migration(x int); SELECT 1/0;
2026-10-03 13:10:11.337 PDT [472209] ERROR:  permission denied for schema managed at character 8
2026-10-03 13:10:11.337 PDT [472209] STATEMENT:  SELECT managed.apply_rows('0f6bbda6-02b6-446b-949b-00a5125f161d','55e32413-4f48-4ac3-b028-c4adf3f78109','135b06f9-13e7-42b4-ad37-de618ab66ed1','[{"fid":"5ad7d32a-7c94-4084-baa6-bb5431a87b71","values":{"name":"München","amount":"1.125"},"geometry":"SRID=4326;POINT(1 2)"}]'::jsonb,false)
2026-10-03 13:10:11.337 PDT [472209] ERROR:  permission denied for schema managed at character 13
2026-10-03 13:10:11.337 PDT [472209] STATEMENT:  DELETE FROM managed."d_0f6bbda602b6446b949b00a5125f161d"
2026-10-03 13:10:11.337 PDT [472209] ERROR:  permission denied for schema managed
2026-10-03 13:10:11.337 PDT [472209] STATEMENT:  TRUNCATE managed."d_0f6bbda602b6446b949b00a5125f161d"
2026-10-03 13:10:11.337 PDT [472209] ERROR:  permission denied for schema managed at character 8
2026-10-03 13:10:11.337 PDT [472209] STATEMENT:  UPDATE managed.feature_identity SET object_id=42
2026-10-03 13:10:11.337 PDT [472209] ERROR:  permission denied for schema managed at character 13
2026-10-03 13:10:11.337 PDT [472209] STATEMENT:  DELETE FROM managed.dataset
2026-10-03 13:10:11.337 PDT [472209] ERROR:  permission denied for schema managed at character 14
2026-10-03 13:10:11.337 PDT [472209] STATEMENT:  CREATE TABLE managed.bypass(x int)
2026-10-03 13:10:11.337 PDT [472209] ERROR:  permission denied for schema managed at character 15
2026-10-03 13:10:11.337 PDT [472209] STATEMENT:  SELECT setval('managed.oid_0f6bbda602b6446b949b00a5125f161d',1)
2026-10-03 13:10:11.340 PDT [472210] ERROR:  permission denied for function apply_rows
2026-10-03 13:10:11.340 PDT [472210] STATEMENT:  SELECT managed.apply_rows('0f6bbda6-02b6-446b-949b-00a5125f161d','55e32413-4f48-4ac3-b028-c4adf3f78109','135b06f9-13e7-42b4-ad37-de618ab66ed1','[{"fid":"0f8201bc-ed53-499c-b88a-59c0a5dbe364","values":{"name":"München","amount":"1.125"},"geometry":"SRID=4326;POINT(1 2)"}]'::jsonb,false)
2026-10-03 13:10:11.340 PDT [472210] ERROR:  permission denied for table d_0f6bbda602b6446b949b00a5125f161d
2026-10-03 13:10:11.340 PDT [472210] STATEMENT:  DELETE FROM managed."d_0f6bbda602b6446b949b00a5125f161d"
2026-10-03 13:10:11.340 PDT [472210] ERROR:  permission denied for table d_0f6bbda602b6446b949b00a5125f161d
2026-10-03 13:10:11.340 PDT [472210] STATEMENT:  TRUNCATE managed."d_0f6bbda602b6446b949b00a5125f161d"
2026-10-03 13:10:11.341 PDT [472210] ERROR:  permission denied for table feature_identity
2026-10-03 13:10:11.341 PDT [472210] STATEMENT:  UPDATE managed.feature_identity SET object_id=42
2026-10-03 13:10:11.341 PDT [472210] ERROR:  permission denied for table dataset
2026-10-03 13:10:11.341 PDT [472210] STATEMENT:  DELETE FROM managed.dataset
2026-10-03 13:10:11.341 PDT [472210] ERROR:  permission denied for schema managed at character 14
2026-10-03 13:10:11.341 PDT [472210] STATEMENT:  CREATE TABLE managed.bypass(x int)
2026-10-03 13:10:11.341 PDT [472210] ERROR:  permission denied for sequence oid_0f6bbda602b6446b949b00a5125f161d
2026-10-03 13:10:11.341 PDT [472210] STATEMENT:  SELECT setval('managed.oid_0f6bbda602b6446b949b00a5125f161d',1)
2026-10-03 13:10:11.372 PDT [472211] ERROR:  permission denied for table d_0f6bbda602b6446b949b00a5125f161d
2026-10-03 13:10:11.372 PDT [472211] STATEMENT:  DELETE FROM managed."d_0f6bbda602b6446b949b00a5125f161d"
2026-10-03 13:10:11.372 PDT [472211] ERROR:  permission denied for table d_0f6bbda602b6446b949b00a5125f161d
2026-10-03 13:10:11.372 PDT [472211] STATEMENT:  TRUNCATE managed."d_0f6bbda602b6446b949b00a5125f161d"
2026-10-03 13:10:11.372 PDT [472211] ERROR:  permission denied for table feature_identity
2026-10-03 13:10:11.372 PDT [472211] STATEMENT:  UPDATE managed.feature_identity SET object_id=42
2026-10-03 13:10:11.372 PDT [472211] ERROR:  permission denied for table dataset
2026-10-03 13:10:11.372 PDT [472211] STATEMENT:  DELETE FROM managed.dataset
2026-10-03 13:10:11.372 PDT [472211] ERROR:  permission denied for schema managed at character 14
2026-10-03 13:10:11.372 PDT [472211] STATEMENT:  CREATE TABLE managed.bypass(x int)
2026-10-03 13:10:11.372 PDT [472211] ERROR:  permission denied for sequence oid_0f6bbda602b6446b949b00a5125f161d
2026-10-03 13:10:11.372 PDT [472211] STATEMENT:  SELECT setval('managed.oid_0f6bbda602b6446b949b00a5125f161d',1)
2026-10-03 13:10:12.446 PDT [472259] ERROR:  INVALID_MANAGED_REQUEST
2026-10-03 13:10:12.446 PDT [472259] CONTEXT:  PL/pgSQL function apply_rows(uuid,uuid,uuid,jsonb,boolean) line 4 at RAISE
2026-10-03 13:10:12.446 PDT [472259] STATEMENT:  SELECT managed.apply_rows('ea241e14-adb4-4372-a824-49700c9e0721','df7bcc5f-c6f5-450a-a6a9-236993d7b074','d7fc54f6-6fdf-4837-8755-b8da7fe7e4c5','null'::jsonb,true)
2026-10-03 13:10:12.446 PDT [472259] ERROR:  INVALID_MANAGED_REQUEST
2026-10-03 13:10:12.446 PDT [472259] CONTEXT:  PL/pgSQL function apply_rows(uuid,uuid,uuid,jsonb,boolean) line 4 at RAISE
2026-10-03 13:10:12.446 PDT [472259] STATEMENT:  SELECT managed.apply_rows('ea241e14-adb4-4372-a824-49700c9e0721','df7bcc5f-c6f5-450a-a6a9-236993d7b074','d7fc54f6-6fdf-4837-8755-b8da7fe7e4c5','{}'::jsonb,true)
2026-10-03 13:10:12.448 PDT [472259] ERROR:  INVALID_FEATURE_ROW
2026-10-03 13:10:12.448 PDT [472259] CONTEXT:  PL/pgSQL function apply_group(uuid,uuid,jsonb) line 39 at RAISE
	PL/pgSQL function apply_rows(uuid,uuid,uuid,jsonb,boolean) line 9 at RETURN
2026-10-03 13:10:12.448 PDT [472259] STATEMENT:  SELECT managed.apply_rows('ea241e14-adb4-4372-a824-49700c9e0721','df7bcc5f-c6f5-450a-a6a9-236993d7b074','d7fc54f6-6fdf-4837-8755-b8da7fe7e4c5','[null]'::jsonb,true)
2026-10-03 13:10:12.449 PDT [472259] ERROR:  INVALID_FEATURE_ROW
2026-10-03 13:10:12.449 PDT [472259] CONTEXT:  PL/pgSQL function apply_group(uuid,uuid,jsonb) line 39 at RAISE
	PL/pgSQL function apply_rows(uuid,uuid,uuid,jsonb,boolean) line 9 at RETURN
2026-10-03 13:10:12.449 PDT [472259] STATEMENT:  SELECT managed.apply_rows('ea241e14-adb4-4372-a824-49700c9e0721','df7bcc5f-c6f5-450a-a6a9-236993d7b074','d7fc54f6-6fdf-4837-8755-b8da7fe7e4c5','[{}]'::jsonb,true)
2026-10-03 13:10:12.451 PDT [472259] ERROR:  FIELD_SET_MISMATCH
2026-10-03 13:10:12.451 PDT [472259] CONTEXT:  PL/pgSQL function raw_apply_rows(uuid,uuid,uuid,jsonb,boolean) line 39 at RAISE
	PL/pgSQL function apply_group(uuid,uuid,jsonb) line 68 at assignment
	PL/pgSQL function apply_rows(uuid,uuid,uuid,jsonb,boolean) line 9 at RETURN
2026-10-03 13:10:12.451 PDT [472259] STATEMENT:  SELECT managed.apply_rows('ea241e14-adb4-4372-a824-49700c9e0721','df7bcc5f-c6f5-450a-a6a9-236993d7b074','d7fc54f6-6fdf-4837-8755-b8da7fe7e4c5','[{"fid":"e7b77e63-8787-428c-8540-a3b3d74351ef","values":{"name":"a"},"geometry":"SRID=4326;POINT(1 2)"}]'::jsonb,true)
2026-10-03 13:10:12.452 PDT [472259] ERROR:  FIELD_SET_MISMATCH
2026-10-03 13:10:12.452 PDT [472259] CONTEXT:  PL/pgSQL function raw_apply_rows(uuid,uuid,uuid,jsonb,boolean) line 39 at RAISE
	PL/pgSQL function apply_group(uuid,uuid,jsonb) line 68 at assignment
	PL/pgSQL function apply_rows(uuid,uuid,uuid,jsonb,boolean) line 9 at RETURN
2026-10-03 13:10:12.452 PDT [472259] STATEMENT:  SELECT managed.apply_rows('ea241e14-adb4-4372-a824-49700c9e0721','df7bcc5f-c6f5-450a-a6a9-236993d7b074','d7fc54f6-6fdf-4837-8755-b8da7fe7e4c5','[{"fid":"b66dd7a6-a146-40c9-a572-03b4e3ca614b","values":{"name":"a","amount":"1","extra":1},"geometry":"SRID=4326;POINT(1 2)"}]'::jsonb,true)
2026-10-03 13:10:12.453 PDT [472259] ERROR:  NULL_NOT_ALLOWED
2026-10-03 13:10:12.453 PDT [472259] CONTEXT:  PL/pgSQL function raw_apply_rows(uuid,uuid,uuid,jsonb,boolean) line 56 at RAISE
	PL/pgSQL function apply_group(uuid,uuid,jsonb) line 68 at assignment
	PL/pgSQL function apply_rows(uuid,uuid,uuid,jsonb,boolean) line 9 at RETURN
2026-10-03 13:10:12.453 PDT [472259] STATEMENT:  SELECT managed.apply_rows('ea241e14-adb4-4372-a824-49700c9e0721','df7bcc5f-c6f5-450a-a6a9-236993d7b074','d7fc54f6-6fdf-4837-8755-b8da7fe7e4c5','[{"fid":"da89d2d2-6ab0-4efa-97ad-ab6dc62a9126","values":{"name":"a","amount":null},"geometry":"SRID=4326;POINT(1 2)"}]'::jsonb,true)
2026-10-03 13:10:12.454 PDT [472259] ERROR:  INVALID_MANAGED_REQUEST
2026-10-03 13:10:12.454 PDT [472259] CONTEXT:  PL/pgSQL function apply_rows(uuid,uuid,uuid,jsonb,boolean) line 4 at RAISE
2026-10-03 13:10:12.454 PDT [472259] STATEMENT:  SELECT managed.apply_rows('ea241e14-adb4-4372-a824-49700c9e0721',NULL,'d7fc54f6-6fdf-4837-8755-b8da7fe7e4c5','[{"fid":"03cf953b-25c9-42a9-88d9-82a013b456b5","values":{"name":"München","amount":"1.125"},"geometry":"SRID=4326;POINT(1 2)"}]'::jsonb,false)
2026-10-03 13:10:12.454 PDT [472259] ERROR:  INVALID_MANAGED_REQUEST
2026-10-03 13:10:12.454 PDT [472259] CONTEXT:  PL/pgSQL function apply_rows(uuid,uuid,uuid,jsonb,boolean) line 4 at RAISE
2026-10-03 13:10:12.454 PDT [472259] STATEMENT:  SELECT managed.apply_rows('ea241e14-adb4-4372-a824-49700c9e0721','df7bcc5f-c6f5-450a-a6a9-236993d7b074',NULL,'[{"fid":"68c1e05b-b63b-40a9-a84f-9d01a6393640","values":{"name":"München","amount":"1.125"},"geometry":"SRID=4326;POINT(1 2)"}]'::jsonb,false)
2026-10-03 13:10:12.454 PDT [472259] ERROR:  INVALID_MANAGED_REQUEST
2026-10-03 13:10:12.454 PDT [472259] CONTEXT:  PL/pgSQL function apply_rows(uuid,uuid,uuid,jsonb,boolean) line 4 at RAISE
2026-10-03 13:10:12.454 PDT [472259] STATEMENT:  SELECT managed.apply_rows('ea241e14-adb4-4372-a824-49700c9e0721','df7bcc5f-c6f5-450a-a6a9-236993d7b074','d7fc54f6-6fdf-4837-8755-b8da7fe7e4c5','[{"fid":"b23cb27d-2aa1-4aa5-9c4c-cf1c175524f7","values":{"name":"München","amount":"1.125"},"geometry":"SRID=4326;POINT(1 2)"}]'::jsonb,NULL)
2026-10-03 13:10:12.578 PDT [472263] ERROR:  IMMUTABLE_MANAGED_IDENTITY
2026-10-03 13:10:12.578 PDT [472263] CONTEXT:  PL/pgSQL function managed.immutable() line 2 at RAISE
2026-10-03 13:10:12.578 PDT [472263] STATEMENT:  UPDATE managed.schema_revision SET canonical_text=canonical_text
2026-10-03 13:10:12.578 PDT [472263] ERROR:  IMMUTABLE_MANAGED_IDENTITY
2026-10-03 13:10:12.578 PDT [472263] CONTEXT:  PL/pgSQL function managed.immutable() line 2 at RAISE
2026-10-03 13:10:12.578 PDT [472263] STATEMENT:  DELETE FROM managed.schema_revision
2026-10-03 13:10:12.578 PDT [472263] ERROR:  IMMUTABLE_MANAGED_IDENTITY
2026-10-03 13:10:12.578 PDT [472263] CONTEXT:  PL/pgSQL function managed.immutable() line 2 at RAISE
2026-10-03 13:10:12.578 PDT [472263] STATEMENT:  UPDATE managed.dataset SET dataset_id=dataset_id
2026-10-03 13:10:12.603 PDT [472263] ERROR:  IMMUTABLE_MANAGED_IDENTITY
2026-10-03 13:10:12.603 PDT [472263] CONTEXT:  PL/pgSQL function managed.immutable() line 2 at RAISE
2026-10-03 13:10:12.603 PDT [472263] STATEMENT:  DELETE FROM managed.feature_identity WHERE dataset_id='a67c8419-6167-436c-89d4-e461476449fa'
2026-10-03 13:10:13.078 PDT [472280] ERROR:  STALE_HEAD
2026-10-03 13:10:13.078 PDT [472280] CONTEXT:  PL/pgSQL function apply_group(uuid,uuid,jsonb) line 15 at RAISE
	PL/pgSQL function apply_rows(uuid,uuid,uuid,jsonb,boolean) line 9 at RETURN
2026-10-03 13:10:13.078 PDT [472280] STATEMENT:  SELECT managed.apply_rows('9e98d8a1-5fa9-4db2-899b-6e36414a3371','6b64ee58-0702-4d23-841d-f3a2141d354f','c7bacb76-0d30-4df7-b636-8401cd3a83f8','[{"fid":"bd40bab0-ff0e-4053-8b2e-d94306e68fa3","values":{"name":"München","amount":"1.125"},"geometry":"SRID=4326;POINT(1 2)"}]'::jsonb,false)
2026-10-03 13:10:13.671 PDT [472070] LOG:  received fast shutdown request
2026-10-03 13:10:13.677 PDT [472070] LOG:  aborting any active transactions
2026-10-03 13:10:13.677 PDT [472070] LOG:  background worker "logical replication launcher" (PID 472087) exited with exit code 1
2026-10-03 13:10:13.684 PDT [472074] LOG:  shutting down
2026-10-03 13:10:13.696 PDT [472074] LOG:  checkpoint starting: shutdown immediate
2026-10-03 13:10:16.538 PDT [472074] LOG:  checkpoint complete: wrote 12809 buffers (78.2%); 0 WAL file(s) added, 0 removed, 5 recycled; write=0.185 s, sync=2.549 s, total=2.855 s; sync files=2660, longest=0.026 s, average=0.001 s; distance=89634 kB, estimate=89634 kB
2026-10-03 13:10:16.550 PDT [472070] LOG:  database system is shut down
