2026-10-03 13:15:03.269 PDT [474323] LOG:  starting PostgreSQL 15.19 on x86_64-pc-linux-gnu, compiled by gcc (GCC) 15.2.0, 64-bit
2026-10-03 13:15:03.269 PDT [474323] LOG:  listening on Unix socket "/tmp/ambisgis-fnd04-socket-yxhn59tk/.s.PGSQL.55484"
2026-10-03 13:15:03.284 PDT [474336] LOG:  database system was shut down at 2026-10-03 13:15:02 PDT
2026-10-03 13:15:03.312 PDT [474323] LOG:  database system is ready to accept connections
2026-10-03 13:15:04.066 PDT [474380] ERROR:  value "2147483648" is out of range for type integer at character 383
2026-10-03 13:15:04.066 PDT [474380] QUERY:  INSERT INTO managed.d_ff5baba3099f49888655b78df07beef5 (dataset_id,version_group_id,version_id,fid,object_id,feature_revision,small,large,flag,related,day,instant) VALUES ('ff5baba3-099f-4988-8655-b78df07beef5'::uuid,'81dc5fdf-64d5-48f2-b397-95f4c1d71a06'::uuid,'a1cde037-a572-419c-8c32-6a748e65e261'::uuid,'4d7f4605-4ff1-449f-8852-9a19f904e831'::uuid,'1'::bigint,gen_random_uuid(),'2147483648'::integer,'9223372036854775807'::bigint,'true'::boolean,NULL::uuid,'2024-02-29'::date,'2024-01-01T01:30:00.123456+01:30'::timestamptz) ON CONFLICT(version_id,fid) DO UPDATE SET feature_revision=EXCLUDED.feature_revision,small=EXCLUDED.small,large=EXCLUDED.large,flag=EXCLUDED.flag,related=EXCLUDED.related,day=EXCLUDED.day,instant=EXCLUDED.instant
2026-10-03 13:15:04.066 PDT [474380] CONTEXT:  PL/pgSQL function raw_apply_rows(uuid,uuid,uuid,jsonb,boolean) line 89 at EXECUTE
	PL/pgSQL function apply_group(uuid,uuid,jsonb) line 68 at assignment
	PL/pgSQL function apply_rows(uuid,uuid,uuid,jsonb,boolean) line 9 at RETURN
2026-10-03 13:15:04.066 PDT [474380] STATEMENT:  SELECT managed.apply_rows('ff5baba3-099f-4988-8655-b78df07beef5','a1cde037-a572-419c-8c32-6a748e65e261','800efa42-3f4e-40bf-9cc7-1f40e0d531b8','[{"fid":"4d7f4605-4ff1-449f-8852-9a19f904e831","values":{"small":2147483648,"large":"9223372036854775807","flag":true,"related":null,"day":"2024-02-29","instant":"2024-01-01T01:30:00.123456+01:30"}}]'::jsonb,true)
2026-10-03 13:15:04.068 PDT [474380] ERROR:  INVALID_TYPED_VALUE
2026-10-03 13:15:04.068 PDT [474380] CONTEXT:  PL/pgSQL function raw_apply_rows(uuid,uuid,uuid,jsonb,boolean) line 68 at RAISE
	PL/pgSQL function apply_group(uuid,uuid,jsonb) line 68 at assignment
	PL/pgSQL function apply_rows(uuid,uuid,uuid,jsonb,boolean) line 9 at RETURN
2026-10-03 13:15:04.068 PDT [474380] STATEMENT:  SELECT managed.apply_rows('ff5baba3-099f-4988-8655-b78df07beef5','a1cde037-a572-419c-8c32-6a748e65e261','800efa42-3f4e-40bf-9cc7-1f40e0d531b8','[{"fid":"4d7f4605-4ff1-449f-8852-9a19f904e831","values":{"small":true,"large":"9223372036854775807","flag":true,"related":null,"day":"2024-02-29","instant":"2024-01-01T01:30:00.123456+01:30"}}]'::jsonb,true)
2026-10-03 13:15:04.070 PDT [474380] ERROR:  INVALID_TYPED_VALUE
2026-10-03 13:15:04.070 PDT [474380] CONTEXT:  PL/pgSQL function raw_apply_rows(uuid,uuid,uuid,jsonb,boolean) line 68 at RAISE
	PL/pgSQL function apply_group(uuid,uuid,jsonb) line 68 at assignment
	PL/pgSQL function apply_rows(uuid,uuid,uuid,jsonb,boolean) line 9 at RETURN
2026-10-03 13:15:04.070 PDT [474380] STATEMENT:  SELECT managed.apply_rows('ff5baba3-099f-4988-8655-b78df07beef5','a1cde037-a572-419c-8c32-6a748e65e261','800efa42-3f4e-40bf-9cc7-1f40e0d531b8','[{"fid":"4d7f4605-4ff1-449f-8852-9a19f904e831","values":{"small":2147483647,"large":9223372036854775807,"flag":true,"related":null,"day":"2024-02-29","instant":"2024-01-01T01:30:00.123456+01:30"}}]'::jsonb,true)
2026-10-03 13:15:04.071 PDT [474380] ERROR:  value "9223372036854775808" is out of range for type bigint at character 405
2026-10-03 13:15:04.071 PDT [474380] QUERY:  INSERT INTO managed.d_ff5baba3099f49888655b78df07beef5 (dataset_id,version_group_id,version_id,fid,object_id,feature_revision,small,large,flag,related,day,instant) VALUES ('ff5baba3-099f-4988-8655-b78df07beef5'::uuid,'81dc5fdf-64d5-48f2-b397-95f4c1d71a06'::uuid,'a1cde037-a572-419c-8c32-6a748e65e261'::uuid,'4d7f4605-4ff1-449f-8852-9a19f904e831'::uuid,'1'::bigint,gen_random_uuid(),'2147483647'::integer,'9223372036854775808'::bigint,'true'::boolean,NULL::uuid,'2024-02-29'::date,'2024-01-01T01:30:00.123456+01:30'::timestamptz) ON CONFLICT(version_id,fid) DO UPDATE SET feature_revision=EXCLUDED.feature_revision,small=EXCLUDED.small,large=EXCLUDED.large,flag=EXCLUDED.flag,related=EXCLUDED.related,day=EXCLUDED.day,instant=EXCLUDED.instant
2026-10-03 13:15:04.071 PDT [474380] CONTEXT:  PL/pgSQL function raw_apply_rows(uuid,uuid,uuid,jsonb,boolean) line 89 at EXECUTE
	PL/pgSQL function apply_group(uuid,uuid,jsonb) line 68 at assignment
	PL/pgSQL function apply_rows(uuid,uuid,uuid,jsonb,boolean) line 9 at RETURN
2026-10-03 13:15:04.071 PDT [474380] STATEMENT:  SELECT managed.apply_rows('ff5baba3-099f-4988-8655-b78df07beef5','a1cde037-a572-419c-8c32-6a748e65e261','800efa42-3f4e-40bf-9cc7-1f40e0d531b8','[{"fid":"4d7f4605-4ff1-449f-8852-9a19f904e831","values":{"small":2147483647,"large":"9223372036854775808","flag":true,"related":null,"day":"2024-02-29","instant":"2024-01-01T01:30:00.123456+01:30"}}]'::jsonb,true)
2026-10-03 13:15:04.073 PDT [474380] ERROR:  INVALID_TYPED_VALUE
2026-10-03 13:15:04.073 PDT [474380] CONTEXT:  PL/pgSQL function raw_apply_rows(uuid,uuid,uuid,jsonb,boolean) line 68 at RAISE
	PL/pgSQL function apply_group(uuid,uuid,jsonb) line 68 at assignment
	PL/pgSQL function apply_rows(uuid,uuid,uuid,jsonb,boolean) line 9 at RETURN
2026-10-03 13:15:04.073 PDT [474380] STATEMENT:  SELECT managed.apply_rows('ff5baba3-099f-4988-8655-b78df07beef5','a1cde037-a572-419c-8c32-6a748e65e261','800efa42-3f4e-40bf-9cc7-1f40e0d531b8','[{"fid":"4d7f4605-4ff1-449f-8852-9a19f904e831","values":{"small":2147483647,"large":"9223372036854775807","flag":"true","related":null,"day":"2024-02-29","instant":"2024-01-01T01:30:00.123456+01:30"}}]'::jsonb,true)
2026-10-03 13:15:04.074 PDT [474380] ERROR:  date/time field value out of range: "2023-02-29" at character 462
2026-10-03 13:15:04.074 PDT [474380] QUERY:  INSERT INTO managed.d_ff5baba3099f49888655b78df07beef5 (dataset_id,version_group_id,version_id,fid,object_id,feature_revision,small,large,flag,related,day,instant) VALUES ('ff5baba3-099f-4988-8655-b78df07beef5'::uuid,'81dc5fdf-64d5-48f2-b397-95f4c1d71a06'::uuid,'a1cde037-a572-419c-8c32-6a748e65e261'::uuid,'4d7f4605-4ff1-449f-8852-9a19f904e831'::uuid,'1'::bigint,gen_random_uuid(),'2147483647'::integer,'9223372036854775807'::bigint,'true'::boolean,NULL::uuid,'2023-02-29'::date,'2024-01-01T01:30:00.123456+01:30'::timestamptz) ON CONFLICT(version_id,fid) DO UPDATE SET feature_revision=EXCLUDED.feature_revision,small=EXCLUDED.small,large=EXCLUDED.large,flag=EXCLUDED.flag,related=EXCLUDED.related,day=EXCLUDED.day,instant=EXCLUDED.instant
2026-10-03 13:15:04.074 PDT [474380] CONTEXT:  PL/pgSQL function raw_apply_rows(uuid,uuid,uuid,jsonb,boolean) line 89 at EXECUTE
	PL/pgSQL function apply_group(uuid,uuid,jsonb) line 68 at assignment
	PL/pgSQL function apply_rows(uuid,uuid,uuid,jsonb,boolean) line 9 at RETURN
2026-10-03 13:15:04.074 PDT [474380] STATEMENT:  SELECT managed.apply_rows('ff5baba3-099f-4988-8655-b78df07beef5','a1cde037-a572-419c-8c32-6a748e65e261','800efa42-3f4e-40bf-9cc7-1f40e0d531b8','[{"fid":"4d7f4605-4ff1-449f-8852-9a19f904e831","values":{"small":2147483647,"large":"9223372036854775807","flag":true,"related":null,"day":"2023-02-29","instant":"2024-01-01T01:30:00.123456+01:30"}}]'::jsonb,true)
2026-10-03 13:15:04.076 PDT [474380] ERROR:  INVALID_TYPED_VALUE
2026-10-03 13:15:04.076 PDT [474380] CONTEXT:  PL/pgSQL function raw_apply_rows(uuid,uuid,uuid,jsonb,boolean) line 68 at RAISE
	PL/pgSQL function apply_group(uuid,uuid,jsonb) line 68 at assignment
	PL/pgSQL function apply_rows(uuid,uuid,uuid,jsonb,boolean) line 9 at RETURN
2026-10-03 13:15:04.076 PDT [474380] STATEMENT:  SELECT managed.apply_rows('ff5baba3-099f-4988-8655-b78df07beef5','a1cde037-a572-419c-8c32-6a748e65e261','800efa42-3f4e-40bf-9cc7-1f40e0d531b8','[{"fid":"4d7f4605-4ff1-449f-8852-9a19f904e831","values":{"small":2147483647,"large":"9223372036854775807","flag":true,"related":null,"day":"2024-02-29","instant":"2024-01-01T24:00:00Z"}}]'::jsonb,true)
2026-10-03 13:15:04.077 PDT [474380] ERROR:  INVALID_TYPED_VALUE
2026-10-03 13:15:04.077 PDT [474380] CONTEXT:  PL/pgSQL function raw_apply_rows(uuid,uuid,uuid,jsonb,boolean) line 68 at RAISE
	PL/pgSQL function apply_group(uuid,uuid,jsonb) line 68 at assignment
	PL/pgSQL function apply_rows(uuid,uuid,uuid,jsonb,boolean) line 9 at RETURN
2026-10-03 13:15:04.077 PDT [474380] STATEMENT:  SELECT managed.apply_rows('ff5baba3-099f-4988-8655-b78df07beef5','a1cde037-a572-419c-8c32-6a748e65e261','800efa42-3f4e-40bf-9cc7-1f40e0d531b8','[{"fid":"4d7f4605-4ff1-449f-8852-9a19f904e831","values":{"small":2147483647,"large":"9223372036854775807","flag":true,"related":null,"day":"2024-02-29","instant":"2024-01-01T00:00:00.1234567Z"}}]'::jsonb,true)
2026-10-03 13:15:04.078 PDT [474380] ERROR:  INVALID_TYPED_VALUE
2026-10-03 13:15:04.078 PDT [474380] CONTEXT:  PL/pgSQL function raw_apply_rows(uuid,uuid,uuid,jsonb,boolean) line 68 at RAISE
	PL/pgSQL function apply_group(uuid,uuid,jsonb) line 68 at assignment
	PL/pgSQL function apply_rows(uuid,uuid,uuid,jsonb,boolean) line 9 at RETURN
2026-10-03 13:15:04.078 PDT [474380] STATEMENT:  SELECT managed.apply_rows('ff5baba3-099f-4988-8655-b78df07beef5','a1cde037-a572-419c-8c32-6a748e65e261','800efa42-3f4e-40bf-9cc7-1f40e0d531b8','[{"fid":"4d7f4605-4ff1-449f-8852-9a19f904e831","values":{"small":2147483647,"large":"9223372036854775807","flag":true,"related":null,"day":"2024-02-29","instant":"2024-01-01T00:00:00"}}]'::jsonb,true)
2026-10-03 13:15:04.079 PDT [474380] ERROR:  INVALID_TYPED_VALUE
2026-10-03 13:15:04.079 PDT [474380] CONTEXT:  PL/pgSQL function raw_apply_rows(uuid,uuid,uuid,jsonb,boolean) line 68 at RAISE
	PL/pgSQL function apply_group(uuid,uuid,jsonb) line 68 at assignment
	PL/pgSQL function apply_rows(uuid,uuid,uuid,jsonb,boolean) line 9 at RETURN
2026-10-03 13:15:04.079 PDT [474380] STATEMENT:  SELECT managed.apply_rows('ff5baba3-099f-4988-8655-b78df07beef5','a1cde037-a572-419c-8c32-6a748e65e261','800efa42-3f4e-40bf-9cc7-1f40e0d531b8','[{"fid":"4d7f4605-4ff1-449f-8852-9a19f904e831","values":{"small":2147483647,"large":"9223372036854775807","flag":true,"related":"bad","day":"2024-02-29","instant":"2024-01-01T01:30:00.123456+01:30"}}]'::jsonb,true)
2026-10-03 13:15:04.110 PDT [474380] ERROR:  nextval: reached maximum value of sequence "oid_ff5baba3099f49888655b78df07beef5" (9223372036854775807)
2026-10-03 13:15:04.110 PDT [474380] CONTEXT:  PL/pgSQL function raw_apply_rows(uuid,uuid,uuid,jsonb,boolean) line 46 at assignment
	PL/pgSQL function apply_group(uuid,uuid,jsonb) line 68 at assignment
	PL/pgSQL function apply_rows(uuid,uuid,uuid,jsonb,boolean) line 9 at RETURN
2026-10-03 13:15:04.110 PDT [474380] STATEMENT:  SELECT managed.apply_rows('ff5baba3-099f-4988-8655-b78df07beef5','a1cde037-a572-419c-8c32-6a748e65e261','0517c74c-ddf2-4755-bad7-88a8bcbc9f7c','[{"fid":"94b41069-9f1e-4a55-8797-8561a07c1386","values":{"small":2147483647,"large":"9223372036854775807","flag":true,"related":null,"day":"2024-02-29","instant":"2024-01-01T01:30:00.123456+01:30"}}]'::jsonb,true)
2026-10-03 13:15:05.011 PDT [474478] ERROR:  STALE_HEAD
2026-10-03 13:15:05.011 PDT [474478] CONTEXT:  PL/pgSQL function apply_group(uuid,uuid,jsonb) line 15 at RAISE
	PL/pgSQL function apply_rows(uuid,uuid,uuid,jsonb,boolean) line 9 at RETURN
2026-10-03 13:15:05.011 PDT [474478] STATEMENT:  SELECT managed.apply_rows('b27c25ff-49ad-4b94-9822-2ff8835510d0','2589e2a4-7c54-4547-80a3-dd3014fd9fee','5796b783-2977-4944-b17b-5984d50d6a44','[{"fid":"1ed2caaf-2162-46c7-8f91-0ff048544618","values":{"name":"München","amount":"1.125"},"geometry":"SRID=4326;POINT(1 2)"}]'::jsonb,false)
2026-10-03 13:15:05.020 PDT [474478] ERROR:  insert or update on table "d_b27c25ff49ad4b9498222ff8835510d0" violates foreign key constraint "d_b27c25ff49ad4b9498222ff88355_version_group_id_version_id_fkey"
2026-10-03 13:15:05.020 PDT [474478] DETAIL:  Key (version_group_id, version_id)=(e08e1270-1605-410f-9d84-25a3273d79cc, 8b0fc438-5499-43c8-bdba-d7cf7fa84ab2) is not present in table "version".
2026-10-03 13:15:05.020 PDT [474478] STATEMENT:  UPDATE managed."d_b27c25ff49ad4b9498222ff8835510d0" SET version_id='8b0fc438-5499-43c8-bdba-d7cf7fa84ab2'
2026-10-03 13:15:05.020 PDT [474478] ERROR:  new row for relation "d_b27c25ff49ad4b9498222ff8835510d0" violates check constraint "d_b27c25ff49ad4b9498222ff8835510d0_dataset_id_check"
2026-10-03 13:15:05.020 PDT [474478] DETAIL:  Failing row contains (8d9a2e3b-7584-4232-bf8e-7a2b9109d03a, e08e1270-1605-410f-9d84-25a3273d79cc, 2589e2a4-7c54-4547-80a3-dd3014fd9fee, d2ac0cca-d220-48f9-8541-b3afc73dd33f, 1, 9052cb94-40af-4da5-9a98-91b7db1ebab1, München, 1.125, 0101000020E6100000000000000000F03F0000000000000040).
2026-10-03 13:15:05.020 PDT [474478] STATEMENT:  UPDATE managed."d_b27c25ff49ad4b9498222ff8835510d0" SET dataset_id='8d9a2e3b-7584-4232-bf8e-7a2b9109d03a'
2026-10-03 13:15:05.020 PDT [474478] ERROR:  insert or update on table "d_b27c25ff49ad4b9498222ff8835510d0" violates foreign key constraint "d_b27c25ff49ad4b9498222ff8835510d_dataset_id_fid_object_id_fkey"
2026-10-03 13:15:05.020 PDT [474478] DETAIL:  Key (dataset_id, fid, object_id)=(b27c25ff-49ad-4b94-9822-2ff8835510d0, d2ac0cca-d220-48f9-8541-b3afc73dd33f, 999) is not present in table "feature_identity".
2026-10-03 13:15:05.020 PDT [474478] STATEMENT:  UPDATE managed."d_b27c25ff49ad4b9498222ff8835510d0" SET object_id=999
2026-10-03 13:15:05.020 PDT [474478] ERROR:  NAMED_VERSION_REQUIRES_BRANCH_RESERVATION
2026-10-03 13:15:05.020 PDT [474478] CONTEXT:  PL/pgSQL function branch_version_guard() line 10 at RAISE
2026-10-03 13:15:05.020 PDT [474478] STATEMENT:  COMMIT
2026-10-03 13:15:05.021 PDT [474478] ERROR:  DATASET_VERSION_MISMATCH
2026-10-03 13:15:05.021 PDT [474478] CONTEXT:  PL/pgSQL function apply_rows(uuid,uuid,uuid,jsonb,boolean) line 7 at RAISE
2026-10-03 13:15:05.021 PDT [474478] STATEMENT:  SELECT managed.apply_rows('b27c25ff-49ad-4b94-9822-2ff8835510d0','8b0fc438-5499-43c8-bdba-d7cf7fa84ab2','25bb8ab5-0a85-4f08-9084-8d7da4c784d9','[{"fid":"d2ac0cca-d220-48f9-8541-b3afc73dd33f","values":{"name":"München","amount":"1.125"},"geometry":"SRID=4326;POINT(1 2)"}]'::jsonb,false)
2026-10-03 13:15:05.121 PDT [474489] ERROR:  new row for relation "d_6626e46b050747d6bf06db1bd2726a93" violates check constraint "d_6626e46b050747d6bf06db1bd2726a93_amount_check"
2026-10-03 13:15:05.121 PDT [474489] DETAIL:  Failing row contains (6626e46b-0507-47d6-bf06-db1bd2726a93, 924ce687-76ba-4f38-8c36-168b96303325, 8f8b0987-31cf-467d-929c-79c747b453c7, 2b660750-8296-40bb-a337-6c6dd52bf7d4, 1, bbae9ca1-b7e8-43f1-9e87-0381250edec7, 東京😀abcdΩ, 1.0001, 0101000020E6100000000000000000F03F0000000000000040).
2026-10-03 13:15:05.121 PDT [474489] STATEMENT:  UPDATE managed."d_6626e46b050747d6bf06db1bd2726a93" SET amount=1.0001
2026-10-03 13:15:05.121 PDT [474489] ERROR:  new row for relation "d_6626e46b050747d6bf06db1bd2726a93" violates check constraint "d_6626e46b050747d6bf06db1bd2726a93_amount_check"
2026-10-03 13:15:05.121 PDT [474489] DETAIL:  Failing row contains (6626e46b-0507-47d6-bf06-db1bd2726a93, 924ce687-76ba-4f38-8c36-168b96303325, 8f8b0987-31cf-467d-929c-79c747b453c7, 2b660750-8296-40bb-a337-6c6dd52bf7d4, 1, bbae9ca1-b7e8-43f1-9e87-0381250edec7, 東京😀abcdΩ, NaN, 0101000020E6100000000000000000F03F0000000000000040).
2026-10-03 13:15:05.121 PDT [474489] STATEMENT:  UPDATE managed."d_6626e46b050747d6bf06db1bd2726a93" SET amount='NaN'::numeric
2026-10-03 13:15:05.121 PDT [474489] ERROR:  new row for relation "d_6626e46b050747d6bf06db1bd2726a93" violates check constraint "d_6626e46b050747d6bf06db1bd2726a93_amount_check"
2026-10-03 13:15:05.121 PDT [474489] DETAIL:  Failing row contains (6626e46b-0507-47d6-bf06-db1bd2726a93, 924ce687-76ba-4f38-8c36-168b96303325, 8f8b0987-31cf-467d-929c-79c747b453c7, 2b660750-8296-40bb-a337-6c6dd52bf7d4, 1, bbae9ca1-b7e8-43f1-9e87-0381250edec7, 東京😀abcdΩ, Infinity, 0101000020E6100000000000000000F03F0000000000000040).
2026-10-03 13:15:05.121 PDT [474489] STATEMENT:  UPDATE managed."d_6626e46b050747d6bf06db1bd2726a93" SET amount='Infinity'::numeric
2026-10-03 13:15:05.121 PDT [474489] ERROR:  new row for relation "d_6626e46b050747d6bf06db1bd2726a93" violates check constraint "d_6626e46b050747d6bf06db1bd2726a93_name_check"
2026-10-03 13:15:05.121 PDT [474489] DETAIL:  Failing row contains (6626e46b-0507-47d6-bf06-db1bd2726a93, 924ce687-76ba-4f38-8c36-168b96303325, 8f8b0987-31cf-467d-929c-79c747b453c7, 2b660750-8296-40bb-a337-6c6dd52bf7d4, 1, bbae9ca1-b7e8-43f1-9e87-0381250edec7, 123456789, -999999999.999, 0101000020E6100000000000000000F03F0000000000000040).
2026-10-03 13:15:05.121 PDT [474489] STATEMENT:  UPDATE managed."d_6626e46b050747d6bf06db1bd2726a93" SET name='123456789'
2026-10-03 13:15:05.121 PDT [474489] ERROR:  new row for relation "d_6626e46b050747d6bf06db1bd2726a93" violates check constraint "d_6626e46b050747d6bf06db1bd2726a93_name_check"
2026-10-03 13:15:05.121 PDT [474489] DETAIL:  Failing row contains (6626e46b-0507-47d6-bf06-db1bd2726a93, 924ce687-76ba-4f38-8c36-168b96303325, 8f8b0987-31cf-467d-929c-79c747b453c7, 2b660750-8296-40bb-a337-6c6dd52bf7d4, 1, bbae9ca1-b7e8-43f1-9e87-0381250edec7, 12345678 , -999999999.999, 0101000020E6100000000000000000F03F0000000000000040).
2026-10-03 13:15:05.121 PDT [474489] STATEMENT:  UPDATE managed."d_6626e46b050747d6bf06db1bd2726a93" SET name='12345678 '
2026-10-03 13:15:05.123 PDT [474489] ERROR:  INVALID_TYPED_VALUE
2026-10-03 13:15:05.123 PDT [474489] CONTEXT:  PL/pgSQL function raw_apply_rows(uuid,uuid,uuid,jsonb,boolean) line 68 at RAISE
	PL/pgSQL function apply_group(uuid,uuid,jsonb) line 68 at assignment
	PL/pgSQL function apply_rows(uuid,uuid,uuid,jsonb,boolean) line 9 at RETURN
2026-10-03 13:15:05.123 PDT [474489] STATEMENT:  SELECT managed.apply_rows('6626e46b-0507-47d6-bf06-db1bd2726a93','8f8b0987-31cf-467d-929c-79c747b453c7','efe08764-f202-45aa-9398-f6efd552a1e1','[{"fid":"4579af74-f6da-495d-80c8-daa4f1fe57d1","values":{"name":"","amount":1.125},"geometry":"SRID=4326;POINT(1 2)"}]'::jsonb,true)
2026-10-03 13:15:05.395 PDT [474527] ERROR:  division by zero
2026-10-03 13:15:05.395 PDT [474527] STATEMENT:  CREATE TABLE managed.partial(x int); SELECT 1/0;
2026-10-03 13:15:05.491 PDT [474553] ERROR:  null value in column "geom" of relation "d_e140b32dca274483b27bcbfe0e0d7f9f" violates not-null constraint
2026-10-03 13:15:05.491 PDT [474553] DETAIL:  Failing row contains (e140b32d-ca27-4483-b27b-cbfe0e0d7f9f, d264a857-f1a6-413b-8146-2816e1857a26, f853b856-9c01-4d61-b184-0cae35e3e5e2, 169f6956-f364-4f6e-9ddc-5e14f25e4260, 1, a50f4b45-0d22-47f5-8c8b-6a6c5139dc28, München, 1.125, null).
2026-10-03 13:15:05.491 PDT [474553] CONTEXT:  SQL statement "INSERT INTO managed.d_e140b32dca274483b27bcbfe0e0d7f9f (dataset_id,version_group_id,version_id,fid,object_id,feature_revision,name,amount,geom) VALUES ('e140b32d-ca27-4483-b27b-cbfe0e0d7f9f'::uuid,'d264a857-f1a6-413b-8146-2816e1857a26'::uuid,'f853b856-9c01-4d61-b184-0cae35e3e5e2'::uuid,'169f6956-f364-4f6e-9ddc-5e14f25e4260'::uuid,'1'::bigint,gen_random_uuid(),'München'::text,'1.125'::numeric,NULL) ON CONFLICT(version_id,fid) DO UPDATE SET feature_revision=EXCLUDED.feature_revision,name=EXCLUDED.name,amount=EXCLUDED.amount,geom=EXCLUDED.geom"
	PL/pgSQL function raw_apply_rows(uuid,uuid,uuid,jsonb,boolean) line 89 at EXECUTE
	PL/pgSQL function apply_group(uuid,uuid,jsonb) line 68 at assignment
	PL/pgSQL function apply_rows(uuid,uuid,uuid,jsonb,boolean) line 9 at RETURN
2026-10-03 13:15:05.491 PDT [474553] STATEMENT:  SELECT managed.apply_rows('e140b32d-ca27-4483-b27b-cbfe0e0d7f9f','f853b856-9c01-4d61-b184-0cae35e3e5e2','5cce85b6-1b46-42e6-96f3-ea317fd790fa','[{"fid":"169f6956-f364-4f6e-9ddc-5e14f25e4260","values":{"name":"München","amount":"1.125"},"geometry":null}]'::jsonb,true)
2026-10-03 13:15:05.493 PDT [474553] ERROR:  new row for relation "d_e140b32dca274483b27bcbfe0e0d7f9f" violates check constraint "d_e140b32dca274483b27bcbfe0e0d7f9f_geom_check"
2026-10-03 13:15:05.493 PDT [474553] DETAIL:  Failing row contains (e140b32d-ca27-4483-b27b-cbfe0e0d7f9f, d264a857-f1a6-413b-8146-2816e1857a26, f853b856-9c01-4d61-b184-0cae35e3e5e2, aa8d2658-d475-4bc9-8d1a-bafd3488d2fb, 2, 934e83b2-efe1-47cb-b958-18c442ff4a01, München, 1.125, 0101000020E6100000000000000000F87F000000000000F87F).
2026-10-03 13:15:05.493 PDT [474553] CONTEXT:  SQL statement "INSERT INTO managed.d_e140b32dca274483b27bcbfe0e0d7f9f (dataset_id,version_group_id,version_id,fid,object_id,feature_revision,name,amount,geom) VALUES ('e140b32d-ca27-4483-b27b-cbfe0e0d7f9f'::uuid,'d264a857-f1a6-413b-8146-2816e1857a26'::uuid,'f853b856-9c01-4d61-b184-0cae35e3e5e2'::uuid,'aa8d2658-d475-4bc9-8d1a-bafd3488d2fb'::uuid,'2'::bigint,gen_random_uuid(),'München'::text,'1.125'::numeric,public.ST_GeomFromEWKT('SRID=4326;POINT EMPTY')) ON CONFLICT(version_id,fid) DO UPDATE SET feature_revision=EXCLUDED.feature_revision,name=EXCLUDED.name,amount=EXCLUDED.amount,geom=EXCLUDED.geom"
	PL/pgSQL function raw_apply_rows(uuid,uuid,uuid,jsonb,boolean) line 89 at EXECUTE
	PL/pgSQL function apply_group(uuid,uuid,jsonb) line 68 at assignment
	PL/pgSQL function apply_rows(uuid,uuid,uuid,jsonb,boolean) line 9 at RETURN
2026-10-03 13:15:05.493 PDT [474553] STATEMENT:  SELECT managed.apply_rows('e140b32d-ca27-4483-b27b-cbfe0e0d7f9f','f853b856-9c01-4d61-b184-0cae35e3e5e2','5cce85b6-1b46-42e6-96f3-ea317fd790fa','[{"fid":"aa8d2658-d475-4bc9-8d1a-bafd3488d2fb","values":{"name":"München","amount":"1.125"},"geometry":"SRID=4326;POINT EMPTY"}]'::jsonb,true)
2026-10-03 13:15:05.494 PDT [474553] ERROR:  new row for relation "d_e140b32dca274483b27bcbfe0e0d7f9f" violates check constraint "d_e140b32dca274483b27bcbfe0e0d7f9f_geom_check"
2026-10-03 13:15:05.494 PDT [474553] DETAIL:  Failing row contains (e140b32d-ca27-4483-b27b-cbfe0e0d7f9f, d264a857-f1a6-413b-8146-2816e1857a26, f853b856-9c01-4d61-b184-0cae35e3e5e2, f4e60af5-b908-4132-8f4a-6ad6af13e9ca, 3, 4c2285f7-7da5-491b-a738-4e243c2b096c, München, 1.125, 0101000020E6100000000000000000F87F0000000000000040).
2026-10-03 13:15:05.494 PDT [474553] CONTEXT:  SQL statement "INSERT INTO managed.d_e140b32dca274483b27bcbfe0e0d7f9f (dataset_id,version_group_id,version_id,fid,object_id,feature_revision,name,amount,geom) VALUES ('e140b32d-ca27-4483-b27b-cbfe0e0d7f9f'::uuid,'d264a857-f1a6-413b-8146-2816e1857a26'::uuid,'f853b856-9c01-4d61-b184-0cae35e3e5e2'::uuid,'f4e60af5-b908-4132-8f4a-6ad6af13e9ca'::uuid,'3'::bigint,gen_random_uuid(),'München'::text,'1.125'::numeric,public.ST_GeomFromEWKT('SRID=4326;POINT(NaN 2)')) ON CONFLICT(version_id,fid) DO UPDATE SET feature_revision=EXCLUDED.feature_revision,name=EXCLUDED.name,amount=EXCLUDED.amount,geom=EXCLUDED.geom"
	PL/pgSQL function raw_apply_rows(uuid,uuid,uuid,jsonb,boolean) line 89 at EXECUTE
	PL/pgSQL function apply_group(uuid,uuid,jsonb) line 68 at assignment
	PL/pgSQL function apply_rows(uuid,uuid,uuid,jsonb,boolean) line 9 at RETURN
2026-10-03 13:15:05.494 PDT [474553] STATEMENT:  SELECT managed.apply_rows('e140b32d-ca27-4483-b27b-cbfe0e0d7f9f','f853b856-9c01-4d61-b184-0cae35e3e5e2','5cce85b6-1b46-42e6-96f3-ea317fd790fa','[{"fid":"f4e60af5-b908-4132-8f4a-6ad6af13e9ca","values":{"name":"München","amount":"1.125"},"geometry":"SRID=4326;POINT(NaN 2)"}]'::jsonb,true)
2026-10-03 13:15:05.496 PDT [474553] ERROR:  parse error - invalid geometry
2026-10-03 13:15:05.496 PDT [474553] HINT:  "SRID=4326;POINT(In" <-- parse error at position 18 within geometry
2026-10-03 13:15:05.496 PDT [474553] CONTEXT:  SQL statement "INSERT INTO managed.d_e140b32dca274483b27bcbfe0e0d7f9f (dataset_id,version_group_id,version_id,fid,object_id,feature_revision,name,amount,geom) VALUES ('e140b32d-ca27-4483-b27b-cbfe0e0d7f9f'::uuid,'d264a857-f1a6-413b-8146-2816e1857a26'::uuid,'f853b856-9c01-4d61-b184-0cae35e3e5e2'::uuid,'b02df438-4f31-4c4f-9ca5-dc643cd07136'::uuid,'4'::bigint,gen_random_uuid(),'München'::text,'1.125'::numeric,public.ST_GeomFromEWKT('SRID=4326;POINT(Infinity 2)')) ON CONFLICT(version_id,fid) DO UPDATE SET feature_revision=EXCLUDED.feature_revision,name=EXCLUDED.name,amount=EXCLUDED.amount,geom=EXCLUDED.geom"
	PL/pgSQL function raw_apply_rows(uuid,uuid,uuid,jsonb,boolean) line 89 at EXECUTE
	PL/pgSQL function apply_group(uuid,uuid,jsonb) line 68 at assignment
	PL/pgSQL function apply_rows(uuid,uuid,uuid,jsonb,boolean) line 9 at RETURN
2026-10-03 13:15:05.496 PDT [474553] STATEMENT:  SELECT managed.apply_rows('e140b32d-ca27-4483-b27b-cbfe0e0d7f9f','f853b856-9c01-4d61-b184-0cae35e3e5e2','5cce85b6-1b46-42e6-96f3-ea317fd790fa','[{"fid":"b02df438-4f31-4c4f-9ca5-dc643cd07136","values":{"name":"München","amount":"1.125"},"geometry":"SRID=4326;POINT(Infinity 2)"}]'::jsonb,true)
2026-10-03 13:15:05.498 PDT [474553] ERROR:  INVALID_GEOMETRY_INPUT
2026-10-03 13:15:05.498 PDT [474553] CONTEXT:  PL/pgSQL function raw_apply_rows(uuid,uuid,uuid,jsonb,boolean) line 84 at RAISE
	PL/pgSQL function apply_group(uuid,uuid,jsonb) line 68 at assignment
	PL/pgSQL function apply_rows(uuid,uuid,uuid,jsonb,boolean) line 9 at RETURN
2026-10-03 13:15:05.498 PDT [474553] STATEMENT:  SELECT managed.apply_rows('e140b32d-ca27-4483-b27b-cbfe0e0d7f9f','f853b856-9c01-4d61-b184-0cae35e3e5e2','5cce85b6-1b46-42e6-96f3-ea317fd790fa','[{"fid":"dac838b9-67cd-4490-9aa5-4779c11f57e2","values":{"name":"München","amount":"1.125"},"geometry":"POINT(1 2)"}]'::jsonb,true)
2026-10-03 13:15:05.688 PDT [474553] ERROR:  new row for relation "d_b90f8a6f91824b1ebc5e78371e664aa8" violates check constraint "d_b90f8a6f91824b1ebc5e78371e664aa8_geom_check"
2026-10-03 13:15:05.688 PDT [474553] DETAIL:  Failing row contains (b90f8a6f-9182-4b1e-bc5e-78371e664aa8, e8997dd9-e767-4cf7-bb98-c9a250d5cca7, a92f9efd-4509-422a-a734-d6fb187c0480, e1a6f4e1-201c-47a7-b1ca-bf623c7b1ddd, 1, 1939a01a-13d4-4007-b50e-f059acbcbc8e, München, 1.125, 01010000A0E6100000000000000000F03F0000000000000040000000000000F8...).
2026-10-03 13:15:05.688 PDT [474553] CONTEXT:  SQL statement "INSERT INTO managed.d_b90f8a6f91824b1ebc5e78371e664aa8 (dataset_id,version_group_id,version_id,fid,object_id,feature_revision,name,amount,geom) VALUES ('b90f8a6f-9182-4b1e-bc5e-78371e664aa8'::uuid,'e8997dd9-e767-4cf7-bb98-c9a250d5cca7'::uuid,'a92f9efd-4509-422a-a734-d6fb187c0480'::uuid,'e1a6f4e1-201c-47a7-b1ca-bf623c7b1ddd'::uuid,'1'::bigint,gen_random_uuid(),'München'::text,'1.125'::numeric,public.ST_GeomFromEWKT('SRID=4326;POINT Z(1 2 NaN)')) ON CONFLICT(version_id,fid) DO UPDATE SET feature_revision=EXCLUDED.feature_revision,name=EXCLUDED.name,amount=EXCLUDED.amount,geom=EXCLUDED.geom"
	PL/pgSQL function raw_apply_rows(uuid,uuid,uuid,jsonb,boolean) line 89 at EXECUTE
	PL/pgSQL function apply_group(uuid,uuid,jsonb) line 68 at assignment
	PL/pgSQL function apply_rows(uuid,uuid,uuid,jsonb,boolean) line 9 at RETURN
2026-10-03 13:15:05.688 PDT [474553] STATEMENT:  SELECT managed.apply_rows('b90f8a6f-9182-4b1e-bc5e-78371e664aa8','a92f9efd-4509-422a-a734-d6fb187c0480','24dd7847-0903-400b-8c37-3ce4740a355e','[{"fid":"e1a6f4e1-201c-47a7-b1ca-bf623c7b1ddd","values":{"name":"München","amount":"1.125"},"geometry":"SRID=4326;POINT Z(1 2 NaN)"}]'::jsonb,true)
2026-10-03 13:15:05.773 PDT [474553] ERROR:  parse error - invalid geometry
2026-10-03 13:15:05.773 PDT [474553] HINT:  "SRID=4326;POINT M(1 2 In" <-- parse error at position 24 within geometry
2026-10-03 13:15:05.773 PDT [474553] CONTEXT:  SQL statement "INSERT INTO managed.d_a38c22df594841549c92bd101a462acf (dataset_id,version_group_id,version_id,fid,object_id,feature_revision,name,amount,geom) VALUES ('a38c22df-5948-4154-9c92-bd101a462acf'::uuid,'fd6f58c1-88df-42fb-b027-12b75ef1227a'::uuid,'86ece4d9-0311-492e-8f14-1d27b89e2c29'::uuid,'c2f8b123-81ec-4bcf-aec7-8fce0010364f'::uuid,'1'::bigint,gen_random_uuid(),'München'::text,'1.125'::numeric,public.ST_GeomFromEWKT('SRID=4326;POINT M(1 2 Infinity)')) ON CONFLICT(version_id,fid) DO UPDATE SET feature_revision=EXCLUDED.feature_revision,name=EXCLUDED.name,amount=EXCLUDED.amount,geom=EXCLUDED.geom"
	PL/pgSQL function raw_apply_rows(uuid,uuid,uuid,jsonb,boolean) line 89 at EXECUTE
	PL/pgSQL function apply_group(uuid,uuid,jsonb) line 68 at assignment
	PL/pgSQL function apply_rows(uuid,uuid,uuid,jsonb,boolean) line 9 at RETURN
2026-10-03 13:15:05.773 PDT [474553] STATEMENT:  SELECT managed.apply_rows('a38c22df-5948-4154-9c92-bd101a462acf','86ece4d9-0311-492e-8f14-1d27b89e2c29','a8e3d101-0e0f-49d1-bd69-b1dbbdb6e4b5','[{"fid":"c2f8b123-81ec-4bcf-aec7-8fce0010364f","values":{"name":"München","amount":"1.125"},"geometry":"SRID=4326;POINT M(1 2 Infinity)"}]'::jsonb,true)
2026-10-03 13:15:05.860 PDT [474553] ERROR:  new row for relation "d_0ddcdd033bc6443498bb87e0ea8412d2" violates check constraint "d_0ddcdd033bc6443498bb87e0ea8412d2_geom_check"
2026-10-03 13:15:05.860 PDT [474553] DETAIL:  Failing row contains (0ddcdd03-3bc6-4434-98bb-87e0ea8412d2, 95cdc0e5-448b-465f-9bd7-844febe879a6, 24100fa3-c5fe-4b65-91cc-cba024f2b76f, 4b07aedc-3bf6-43d7-b150-2761eaae124f, 1, 4c835d00-5156-4e63-afba-b1793b569393, München, 1.125, 01010000E0E6100000000000000000F03F000000000000004000000000000008...).
2026-10-03 13:15:05.860 PDT [474553] CONTEXT:  SQL statement "INSERT INTO managed.d_0ddcdd033bc6443498bb87e0ea8412d2 (dataset_id,version_group_id,version_id,fid,object_id,feature_revision,name,amount,geom) VALUES ('0ddcdd03-3bc6-4434-98bb-87e0ea8412d2'::uuid,'95cdc0e5-448b-465f-9bd7-844febe879a6'::uuid,'24100fa3-c5fe-4b65-91cc-cba024f2b76f'::uuid,'4b07aedc-3bf6-43d7-b150-2761eaae124f'::uuid,'1'::bigint,gen_random_uuid(),'München'::text,'1.125'::numeric,public.ST_GeomFromEWKT('SRID=4326;POINT ZM(1 2 3 NaN)')) ON CONFLICT(version_id,fid) DO UPDATE SET feature_revision=EXCLUDED.feature_revision,name=EXCLUDED.name,amount=EXCLUDED.amount,geom=EXCLUDED.geom"
	PL/pgSQL function raw_apply_rows(uuid,uuid,uuid,jsonb,boolean) line 89 at EXECUTE
	PL/pgSQL function apply_group(uuid,uuid,jsonb) line 68 at assignment
	PL/pgSQL function apply_rows(uuid,uuid,uuid,jsonb,boolean) line 9 at RETURN
2026-10-03 13:15:05.860 PDT [474553] STATEMENT:  SELECT managed.apply_rows('0ddcdd03-3bc6-4434-98bb-87e0ea8412d2','24100fa3-c5fe-4b65-91cc-cba024f2b76f','52c5fbe2-3c6a-402f-a86f-75d31018074a','[{"fid":"4b07aedc-3bf6-43d7-b150-2761eaae124f","values":{"name":"München","amount":"1.125"},"geometry":"SRID=4326;POINT ZM(1 2 3 NaN)"}]'::jsonb,true)
2026-10-03 13:15:05.946 PDT [474553] ERROR:  new row for relation "d_19e4f59117ba44d8917c86a8cbf898d9" violates check constraint "d_19e4f59117ba44d8917c86a8cbf898d9_geom_check"
2026-10-03 13:15:05.946 PDT [474553] DETAIL:  Failing row contains (19e4f591-17ba-44d8-917c-86a8cbf898d9, a1ec58f2-226d-4366-aad7-eaf46597c339, e4b8452f-9096-4db0-a937-1e8269f3ec6e, 037853fe-54ac-425f-aa36-013b73a566f0, 1, 5de87cf5-fca7-4121-9fbc-77def455c429, München, 1.125, 0103000020E61000000100000005000000000000000000000000000000000000...).
2026-10-03 13:15:05.946 PDT [474553] CONTEXT:  SQL statement "INSERT INTO managed.d_19e4f59117ba44d8917c86a8cbf898d9 (dataset_id,version_group_id,version_id,fid,object_id,feature_revision,name,amount,geom) VALUES ('19e4f591-17ba-44d8-917c-86a8cbf898d9'::uuid,'a1ec58f2-226d-4366-aad7-eaf46597c339'::uuid,'e4b8452f-9096-4db0-a937-1e8269f3ec6e'::uuid,'037853fe-54ac-425f-aa36-013b73a566f0'::uuid,'1'::bigint,gen_random_uuid(),'München'::text,'1.125'::numeric,public.ST_GeomFromEWKT('SRID=4326;POLYGON((0 0,2 2,0 2,2 0,0 0))')) ON CONFLICT(version_id,fid) DO UPDATE SET feature_revision=EXCLUDED.feature_revision,name=EXCLUDED.name,amount=EXCLUDED.amount,geom=EXCLUDED.geom"
	PL/pgSQL function raw_apply_rows(uuid,uuid,uuid,jsonb,boolean) line 89 at EXECUTE
	PL/pgSQL function apply_group(uuid,uuid,jsonb) line 68 at assignment
	PL/pgSQL function apply_rows(uuid,uuid,uuid,jsonb,boolean) line 9 at RETURN
2026-10-03 13:15:05.946 PDT [474553] STATEMENT:  SELECT managed.apply_rows('19e4f591-17ba-44d8-917c-86a8cbf898d9','e4b8452f-9096-4db0-a937-1e8269f3ec6e','df51be8a-cf5f-4f39-ba90-830dce788357','[{"fid":"037853fe-54ac-425f-aa36-013b73a566f0","values":{"name":"München","amount":"1.125"},"geometry":"SRID=4326;POLYGON((0 0,2 2,0 2,2 0,0 0))"}]'::jsonb,true)
2026-10-03 13:15:06.050 PDT [474600] ERROR:  new row for relation "d_1e5c848f176a4aea853a0def85654f1e" violates check constraint "d_1e5c848f176a4aea853a0def85654f1e_geom_check"
2026-10-03 13:15:06.050 PDT [474600] DETAIL:  Failing row contains (1e5c848f-176a-4aea-853a-0def85654f1e, ea386650-ea3b-4ea0-aa23-a83cdc0f6fe5, 6a4561fe-188e-4c58-b5d7-3103a0246f4d, 35ef1097-ee18-49b5-b209-83d55ca0d091, 2, 74549fa4-259d-4b09-96f4-5b21d28cacd5, München, 1.125, 0101000000000000000000F03F0000000000000040).
2026-10-03 13:15:06.050 PDT [474600] CONTEXT:  SQL statement "INSERT INTO managed.d_1e5c848f176a4aea853a0def85654f1e (dataset_id,version_group_id,version_id,fid,object_id,feature_revision,name,amount,geom) VALUES ('1e5c848f-176a-4aea-853a-0def85654f1e'::uuid,'ea386650-ea3b-4ea0-aa23-a83cdc0f6fe5'::uuid,'6a4561fe-188e-4c58-b5d7-3103a0246f4d'::uuid,'35ef1097-ee18-49b5-b209-83d55ca0d091'::uuid,'2'::bigint,gen_random_uuid(),'München'::text,'1.125'::numeric,public.ST_GeomFromEWKT('SRID=0;POINT (1 2)')) ON CONFLICT(version_id,fid) DO UPDATE SET feature_revision=EXCLUDED.feature_revision,name=EXCLUDED.name,amount=EXCLUDED.amount,geom=EXCLUDED.geom"
	PL/pgSQL function raw_apply_rows(uuid,uuid,uuid,jsonb,boolean) line 89 at EXECUTE
	PL/pgSQL function apply_group(uuid,uuid,jsonb) line 68 at assignment
	PL/pgSQL function apply_rows(uuid,uuid,uuid,jsonb,boolean) line 9 at RETURN
2026-10-03 13:15:06.050 PDT [474600] STATEMENT:  SELECT managed.apply_rows('1e5c848f-176a-4aea-853a-0def85654f1e','6a4561fe-188e-4c58-b5d7-3103a0246f4d','25b1103c-ecbc-4c53-92e0-44346dcc122a','[{"fid":"35ef1097-ee18-49b5-b209-83d55ca0d091","values":{"name":"München","amount":"1.125"},"geometry":"SRID=0;POINT (1 2)"}]'::jsonb,true)
2026-10-03 13:15:06.052 PDT [474600] ERROR:  new row for relation "d_1e5c848f176a4aea853a0def85654f1e" violates check constraint "d_1e5c848f176a4aea853a0def85654f1e_geom_check"
2026-10-03 13:15:06.052 PDT [474600] DETAIL:  Failing row contains (1e5c848f-176a-4aea-853a-0def85654f1e, ea386650-ea3b-4ea0-aa23-a83cdc0f6fe5, 6a4561fe-188e-4c58-b5d7-3103a0246f4d, d1605f74-b149-4014-91c4-149ff4a68680, 3, ec24ad86-33f6-42cd-9f38-bdca71c44076, München, 1.125, 0101000020B6080000000000000000F03F0000000000000040).
2026-10-03 13:15:06.052 PDT [474600] CONTEXT:  SQL statement "INSERT INTO managed.d_1e5c848f176a4aea853a0def85654f1e (dataset_id,version_group_id,version_id,fid,object_id,feature_revision,name,amount,geom) VALUES ('1e5c848f-176a-4aea-853a-0def85654f1e'::uuid,'ea386650-ea3b-4ea0-aa23-a83cdc0f6fe5'::uuid,'6a4561fe-188e-4c58-b5d7-3103a0246f4d'::uuid,'d1605f74-b149-4014-91c4-149ff4a68680'::uuid,'3'::bigint,gen_random_uuid(),'München'::text,'1.125'::numeric,public.ST_GeomFromEWKT('SRID=2230;POINT (1 2)')) ON CONFLICT(version_id,fid) DO UPDATE SET feature_revision=EXCLUDED.feature_revision,name=EXCLUDED.name,amount=EXCLUDED.amount,geom=EXCLUDED.geom"
	PL/pgSQL function raw_apply_rows(uuid,uuid,uuid,jsonb,boolean) line 89 at EXECUTE
	PL/pgSQL function apply_group(uuid,uuid,jsonb) line 68 at assignment
	PL/pgSQL function apply_rows(uuid,uuid,uuid,jsonb,boolean) line 9 at RETURN
2026-10-03 13:15:06.052 PDT [474600] STATEMENT:  SELECT managed.apply_rows('1e5c848f-176a-4aea-853a-0def85654f1e','6a4561fe-188e-4c58-b5d7-3103a0246f4d','25b1103c-ecbc-4c53-92e0-44346dcc122a','[{"fid":"d1605f74-b149-4014-91c4-149ff4a68680","values":{"name":"München","amount":"1.125"},"geometry":"SRID=2230;POINT (1 2)"}]'::jsonb,true)
2026-10-03 13:15:06.053 PDT [474600] ERROR:  new row for relation "d_1e5c848f176a4aea853a0def85654f1e" violates check constraint "d_1e5c848f176a4aea853a0def85654f1e_geom_check"
2026-10-03 13:15:06.053 PDT [474600] DETAIL:  Failing row contains (1e5c848f-176a-4aea-853a-0def85654f1e, ea386650-ea3b-4ea0-aa23-a83cdc0f6fe5, 6a4561fe-188e-4c58-b5d7-3103a0246f4d, 321ece28-911c-4f20-9ba7-3a370c1a47eb, 4, cbdb4395-c246-4808-80c2-25e07ef2c848, München, 1.125, 01010000A0E6100000000000000000F03F000000000000004000000000000008...).
2026-10-03 13:15:06.053 PDT [474600] CONTEXT:  SQL statement "INSERT INTO managed.d_1e5c848f176a4aea853a0def85654f1e (dataset_id,version_group_id,version_id,fid,object_id,feature_revision,name,amount,geom) VALUES ('1e5c848f-176a-4aea-853a-0def85654f1e'::uuid,'ea386650-ea3b-4ea0-aa23-a83cdc0f6fe5'::uuid,'6a4561fe-188e-4c58-b5d7-3103a0246f4d'::uuid,'321ece28-911c-4f20-9ba7-3a370c1a47eb'::uuid,'4'::bigint,gen_random_uuid(),'München'::text,'1.125'::numeric,public.ST_GeomFromEWKT('SRID=4326;POINT Z(1 2 3)')) ON CONFLICT(version_id,fid) DO UPDATE SET feature_revision=EXCLUDED.feature_revision,name=EXCLUDED.name,amount=EXCLUDED.amount,geom=EXCLUDED.geom"
	PL/pgSQL function raw_apply_rows(uuid,uuid,uuid,jsonb,boolean) line 89 at EXECUTE
	PL/pgSQL function apply_group(uuid,uuid,jsonb) line 68 at assignment
	PL/pgSQL function apply_rows(uuid,uuid,uuid,jsonb,boolean) line 9 at RETURN
2026-10-03 13:15:06.053 PDT [474600] STATEMENT:  SELECT managed.apply_rows('1e5c848f-176a-4aea-853a-0def85654f1e','6a4561fe-188e-4c58-b5d7-3103a0246f4d','25b1103c-ecbc-4c53-92e0-44346dcc122a','[{"fid":"321ece28-911c-4f20-9ba7-3a370c1a47eb","values":{"name":"München","amount":"1.125"},"geometry":"SRID=4326;POINT Z(1 2 3)"}]'::jsonb,true)
2026-10-03 13:15:06.055 PDT [474600] ERROR:  new row for relation "d_1e5c848f176a4aea853a0def85654f1e" violates check constraint "d_1e5c848f176a4aea853a0def85654f1e_geom_check"
2026-10-03 13:15:06.055 PDT [474600] DETAIL:  Failing row contains (1e5c848f-176a-4aea-853a-0def85654f1e, ea386650-ea3b-4ea0-aa23-a83cdc0f6fe5, 6a4561fe-188e-4c58-b5d7-3103a0246f4d, d2476ffe-a4f3-4a22-9cbd-ea3ddef73795, 5, a752775d-717b-4fda-829a-f6799aa67cb7, München, 1.125, 0104000020E6100000010000000101000000000000000000F03F000000000000...).
2026-10-03 13:15:06.055 PDT [474600] CONTEXT:  SQL statement "INSERT INTO managed.d_1e5c848f176a4aea853a0def85654f1e (dataset_id,version_group_id,version_id,fid,object_id,feature_revision,name,amount,geom) VALUES ('1e5c848f-176a-4aea-853a-0def85654f1e'::uuid,'ea386650-ea3b-4ea0-aa23-a83cdc0f6fe5'::uuid,'6a4561fe-188e-4c58-b5d7-3103a0246f4d'::uuid,'d2476ffe-a4f3-4a22-9cbd-ea3ddef73795'::uuid,'5'::bigint,gen_random_uuid(),'München'::text,'1.125'::numeric,public.ST_GeomFromEWKT('SRID=4326;MULTIPOINT ((1 2))')) ON CONFLICT(version_id,fid) DO UPDATE SET feature_revision=EXCLUDED.feature_revision,name=EXCLUDED.name,amount=EXCLUDED.amount,geom=EXCLUDED.geom"
	PL/pgSQL function raw_apply_rows(uuid,uuid,uuid,jsonb,boolean) line 89 at EXECUTE
	PL/pgSQL function apply_group(uuid,uuid,jsonb) line 68 at assignment
	PL/pgSQL function apply_rows(uuid,uuid,uuid,jsonb,boolean) line 9 at RETURN
2026-10-03 13:15:06.055 PDT [474600] STATEMENT:  SELECT managed.apply_rows('1e5c848f-176a-4aea-853a-0def85654f1e','6a4561fe-188e-4c58-b5d7-3103a0246f4d','25b1103c-ecbc-4c53-92e0-44346dcc122a','[{"fid":"d2476ffe-a4f3-4a22-9cbd-ea3ddef73795","values":{"name":"München","amount":"1.125"},"geometry":"SRID=4326;MULTIPOINT ((1 2))"}]'::jsonb,true)
2026-10-03 13:15:06.149 PDT [474600] ERROR:  new row for relation "d_6ceb97367e114d8ca732662bcf5f8ef6" violates check constraint "d_6ceb97367e114d8ca732662bcf5f8ef6_geom_check"
2026-10-03 13:15:06.149 PDT [474600] DETAIL:  Failing row contains (6ceb9736-7e11-4d8c-a732-662bcf5f8ef6, 73563e5d-32bd-4409-a1d2-d62ea6615e78, 9d96b25c-100a-43f0-83b2-dbdda0a7787a, 7ef2ff3b-7186-4d7b-9fbc-b29a5f938377, 2, e8aa3bea-62d0-4d7c-9019-172cde584831, München, 1.125, 0101000080000000000000F03F00000000000000400000000000000840).
2026-10-03 13:15:06.149 PDT [474600] CONTEXT:  SQL statement "INSERT INTO managed.d_6ceb97367e114d8ca732662bcf5f8ef6 (dataset_id,version_group_id,version_id,fid,object_id,feature_revision,name,amount,geom) VALUES ('6ceb9736-7e11-4d8c-a732-662bcf5f8ef6'::uuid,'73563e5d-32bd-4409-a1d2-d62ea6615e78'::uuid,'9d96b25c-100a-43f0-83b2-dbdda0a7787a'::uuid,'7ef2ff3b-7186-4d7b-9fbc-b29a5f938377'::uuid,'2'::bigint,gen_random_uuid(),'München'::text,'1.125'::numeric,public.ST_GeomFromEWKT('SRID=0;POINT Z(1 2 3)')) ON CONFLICT(version_id,fid) DO UPDATE SET feature_revision=EXCLUDED.feature_revision,name=EXCLUDED.name,amount=EXCLUDED.amount,geom=EXCLUDED.geom"
	PL/pgSQL function raw_apply_rows(uuid,uuid,uuid,jsonb,boolean) line 89 at EXECUTE
	PL/pgSQL function apply_group(uuid,uuid,jsonb) line 68 at assignment
	PL/pgSQL function apply_rows(uuid,uuid,uuid,jsonb,boolean) line 9 at RETURN
2026-10-03 13:15:06.149 PDT [474600] STATEMENT:  SELECT managed.apply_rows('6ceb9736-7e11-4d8c-a732-662bcf5f8ef6','9d96b25c-100a-43f0-83b2-dbdda0a7787a','e1d1f8b1-8827-4a84-a59d-6f92ea9dcd47','[{"fid":"7ef2ff3b-7186-4d7b-9fbc-b29a5f938377","values":{"name":"München","amount":"1.125"},"geometry":"SRID=0;POINT Z(1 2 3)"}]'::jsonb,true)
2026-10-03 13:15:06.150 PDT [474600] ERROR:  new row for relation "d_6ceb97367e114d8ca732662bcf5f8ef6" violates check constraint "d_6ceb97367e114d8ca732662bcf5f8ef6_geom_check"
2026-10-03 13:15:06.150 PDT [474600] DETAIL:  Failing row contains (6ceb9736-7e11-4d8c-a732-662bcf5f8ef6, 73563e5d-32bd-4409-a1d2-d62ea6615e78, 9d96b25c-100a-43f0-83b2-dbdda0a7787a, a1e72543-e98b-455a-9c86-cfc0e97dbd5a, 3, 41a30cbc-fa0e-43de-bb64-9db567d91721, München, 1.125, 01010000A0B6080000000000000000F03F000000000000004000000000000008...).
2026-10-03 13:15:06.150 PDT [474600] CONTEXT:  SQL statement "INSERT INTO managed.d_6ceb97367e114d8ca732662bcf5f8ef6 (dataset_id,version_group_id,version_id,fid,object_id,feature_revision,name,amount,geom) VALUES ('6ceb9736-7e11-4d8c-a732-662bcf5f8ef6'::uuid,'73563e5d-32bd-4409-a1d2-d62ea6615e78'::uuid,'9d96b25c-100a-43f0-83b2-dbdda0a7787a'::uuid,'a1e72543-e98b-455a-9c86-cfc0e97dbd5a'::uuid,'3'::bigint,gen_random_uuid(),'München'::text,'1.125'::numeric,public.ST_GeomFromEWKT('SRID=2230;POINT Z(1 2 3)')) ON CONFLICT(version_id,fid) DO UPDATE SET feature_revision=EXCLUDED.feature_revision,name=EXCLUDED.name,amount=EXCLUDED.amount,geom=EXCLUDED.geom"
	PL/pgSQL function raw_apply_rows(uuid,uuid,uuid,jsonb,boolean) line 89 at EXECUTE
	PL/pgSQL function apply_group(uuid,uuid,jsonb) line 68 at assignment
	PL/pgSQL function apply_rows(uuid,uuid,uuid,jsonb,boolean) line 9 at RETURN
2026-10-03 13:15:06.150 PDT [474600] STATEMENT:  SELECT managed.apply_rows('6ceb9736-7e11-4d8c-a732-662bcf5f8ef6','9d96b25c-100a-43f0-83b2-dbdda0a7787a','e1d1f8b1-8827-4a84-a59d-6f92ea9dcd47','[{"fid":"a1e72543-e98b-455a-9c86-cfc0e97dbd5a","values":{"name":"München","amount":"1.125"},"geometry":"SRID=2230;POINT Z(1 2 3)"}]'::jsonb,true)
2026-10-03 13:15:06.151 PDT [474600] ERROR:  new row for relation "d_6ceb97367e114d8ca732662bcf5f8ef6" violates check constraint "d_6ceb97367e114d8ca732662bcf5f8ef6_geom_check"
2026-10-03 13:15:06.151 PDT [474600] DETAIL:  Failing row contains (6ceb9736-7e11-4d8c-a732-662bcf5f8ef6, 73563e5d-32bd-4409-a1d2-d62ea6615e78, 9d96b25c-100a-43f0-83b2-dbdda0a7787a, 9080105f-341c-428b-a220-3bf5bf472744, 4, 4689f2f7-16c1-4a0c-9b5f-12b63bdecfc0, München, 1.125, 0101000020E6100000000000000000F03F0000000000000040).
2026-10-03 13:15:06.151 PDT [474600] CONTEXT:  SQL statement "INSERT INTO managed.d_6ceb97367e114d8ca732662bcf5f8ef6 (dataset_id,version_group_id,version_id,fid,object_id,feature_revision,name,amount,geom) VALUES ('6ceb9736-7e11-4d8c-a732-662bcf5f8ef6'::uuid,'73563e5d-32bd-4409-a1d2-d62ea6615e78'::uuid,'9d96b25c-100a-43f0-83b2-dbdda0a7787a'::uuid,'9080105f-341c-428b-a220-3bf5bf472744'::uuid,'4'::bigint,gen_random_uuid(),'München'::text,'1.125'::numeric,public.ST_GeomFromEWKT('SRID=4326;POINT (1 2)')) ON CONFLICT(version_id,fid) DO UPDATE SET feature_revision=EXCLUDED.feature_revision,name=EXCLUDED.name,amount=EXCLUDED.amount,geom=EXCLUDED.geom"
	PL/pgSQL function raw_apply_rows(uuid,uuid,uuid,jsonb,boolean) line 89 at EXECUTE
	PL/pgSQL function apply_group(uuid,uuid,jsonb) line 68 at assignment
	PL/pgSQL function apply_rows(uuid,uuid,uuid,jsonb,boolean) line 9 at RETURN
2026-10-03 13:15:06.151 PDT [474600] STATEMENT:  SELECT managed.apply_rows('6ceb9736-7e11-4d8c-a732-662bcf5f8ef6','9d96b25c-100a-43f0-83b2-dbdda0a7787a','e1d1f8b1-8827-4a84-a59d-6f92ea9dcd47','[{"fid":"9080105f-341c-428b-a220-3bf5bf472744","values":{"name":"München","amount":"1.125"},"geometry":"SRID=4326;POINT (1 2)"}]'::jsonb,true)
2026-10-03 13:15:06.152 PDT [474600] ERROR:  new row for relation "d_6ceb97367e114d8ca732662bcf5f8ef6" violates check constraint "d_6ceb97367e114d8ca732662bcf5f8ef6_geom_check"
2026-10-03 13:15:06.152 PDT [474600] DETAIL:  Failing row contains (6ceb9736-7e11-4d8c-a732-662bcf5f8ef6, 73563e5d-32bd-4409-a1d2-d62ea6615e78, 9d96b25c-100a-43f0-83b2-dbdda0a7787a, cf8759d6-3133-4a17-ad06-035a2f1c9095, 5, 7cdf7ebc-11e2-407c-b1a8-0638006de6a1, München, 1.125, 01040000A0E6100000010000000101000080000000000000F03F000000000000...).
2026-10-03 13:15:06.152 PDT [474600] CONTEXT:  SQL statement "INSERT INTO managed.d_6ceb97367e114d8ca732662bcf5f8ef6 (dataset_id,version_group_id,version_id,fid,object_id,feature_revision,name,amount,geom) VALUES ('6ceb9736-7e11-4d8c-a732-662bcf5f8ef6'::uuid,'73563e5d-32bd-4409-a1d2-d62ea6615e78'::uuid,'9d96b25c-100a-43f0-83b2-dbdda0a7787a'::uuid,'cf8759d6-3133-4a17-ad06-035a2f1c9095'::uuid,'5'::bigint,gen_random_uuid(),'München'::text,'1.125'::numeric,public.ST_GeomFromEWKT('SRID=4326;MULTIPOINT Z((1 2 3))')) ON CONFLICT(version_id,fid) DO UPDATE SET feature_revision=EXCLUDED.feature_revision,name=EXCLUDED.name,amount=EXCLUDED.amount,geom=EXCLUDED.geom"
	PL/pgSQL function raw_apply_rows(uuid,uuid,uuid,jsonb,boolean) line 89 at EXECUTE
	PL/pgSQL function apply_group(uuid,uuid,jsonb) line 68 at assignment
	PL/pgSQL function apply_rows(uuid,uuid,uuid,jsonb,boolean) line 9 at RETURN
2026-10-03 13:15:06.152 PDT [474600] STATEMENT:  SELECT managed.apply_rows('6ceb9736-7e11-4d8c-a732-662bcf5f8ef6','9d96b25c-100a-43f0-83b2-dbdda0a7787a','e1d1f8b1-8827-4a84-a59d-6f92ea9dcd47','[{"fid":"cf8759d6-3133-4a17-ad06-035a2f1c9095","values":{"name":"München","amount":"1.125"},"geometry":"SRID=4326;MULTIPOINT Z((1 2 3))"}]'::jsonb,true)
2026-10-03 13:15:06.247 PDT [474600] ERROR:  new row for relation "d_ba9aa52510ff4d5b830777c0c128be8f" violates check constraint "d_ba9aa52510ff4d5b830777c0c128be8f_geom_check"
2026-10-03 13:15:06.247 PDT [474600] DETAIL:  Failing row contains (ba9aa525-10ff-4d5b-8307-77c0c128be8f, b64004ec-43b7-4d38-ad3f-5b269a04dd94, a15f8a5e-c6f9-4f99-bda7-84e3e93ad308, 9cf765cf-da50-4a13-a59e-78c7b470de7d, 2, 13100794-79f1-4c07-8816-7051b8db2e03, München, 1.125, 0101000040000000000000F03F00000000000000400000000000001040).
2026-10-03 13:15:06.247 PDT [474600] CONTEXT:  SQL statement "INSERT INTO managed.d_ba9aa52510ff4d5b830777c0c128be8f (dataset_id,version_group_id,version_id,fid,object_id,feature_revision,name,amount,geom) VALUES ('ba9aa525-10ff-4d5b-8307-77c0c128be8f'::uuid,'b64004ec-43b7-4d38-ad3f-5b269a04dd94'::uuid,'a15f8a5e-c6f9-4f99-bda7-84e3e93ad308'::uuid,'9cf765cf-da50-4a13-a59e-78c7b470de7d'::uuid,'2'::bigint,gen_random_uuid(),'München'::text,'1.125'::numeric,public.ST_GeomFromEWKT('SRID=0;POINT M(1 2 4)')) ON CONFLICT(version_id,fid) DO UPDATE SET feature_revision=EXCLUDED.feature_revision,name=EXCLUDED.name,amount=EXCLUDED.amount,geom=EXCLUDED.geom"
	PL/pgSQL function raw_apply_rows(uuid,uuid,uuid,jsonb,boolean) line 89 at EXECUTE
	PL/pgSQL function apply_group(uuid,uuid,jsonb) line 68 at assignment
	PL/pgSQL function apply_rows(uuid,uuid,uuid,jsonb,boolean) line 9 at RETURN
2026-10-03 13:15:06.247 PDT [474600] STATEMENT:  SELECT managed.apply_rows('ba9aa525-10ff-4d5b-8307-77c0c128be8f','a15f8a5e-c6f9-4f99-bda7-84e3e93ad308','dd936cfa-f6ac-48b3-936e-55c57cd4528d','[{"fid":"9cf765cf-da50-4a13-a59e-78c7b470de7d","values":{"name":"München","amount":"1.125"},"geometry":"SRID=0;POINT M(1 2 4)"}]'::jsonb,true)
2026-10-03 13:15:06.248 PDT [474600] ERROR:  new row for relation "d_ba9aa52510ff4d5b830777c0c128be8f" violates check constraint "d_ba9aa52510ff4d5b830777c0c128be8f_geom_check"
2026-10-03 13:15:06.248 PDT [474600] DETAIL:  Failing row contains (ba9aa525-10ff-4d5b-8307-77c0c128be8f, b64004ec-43b7-4d38-ad3f-5b269a04dd94, a15f8a5e-c6f9-4f99-bda7-84e3e93ad308, 3ce4ec17-53f6-41ba-a48e-995c5194a5af, 3, a4da5f03-7c31-479e-bc51-afc5cbe71e45, München, 1.125, 0101000060B6080000000000000000F03F000000000000004000000000000010...).
2026-10-03 13:15:06.248 PDT [474600] CONTEXT:  SQL statement "INSERT INTO managed.d_ba9aa52510ff4d5b830777c0c128be8f (dataset_id,version_group_id,version_id,fid,object_id,feature_revision,name,amount,geom) VALUES ('ba9aa525-10ff-4d5b-8307-77c0c128be8f'::uuid,'b64004ec-43b7-4d38-ad3f-5b269a04dd94'::uuid,'a15f8a5e-c6f9-4f99-bda7-84e3e93ad308'::uuid,'3ce4ec17-53f6-41ba-a48e-995c5194a5af'::uuid,'3'::bigint,gen_random_uuid(),'München'::text,'1.125'::numeric,public.ST_GeomFromEWKT('SRID=2230;POINT M(1 2 4)')) ON CONFLICT(version_id,fid) DO UPDATE SET feature_revision=EXCLUDED.feature_revision,name=EXCLUDED.name,amount=EXCLUDED.amount,geom=EXCLUDED.geom"
	PL/pgSQL function raw_apply_rows(uuid,uuid,uuid,jsonb,boolean) line 89 at EXECUTE
	PL/pgSQL function apply_group(uuid,uuid,jsonb) line 68 at assignment
	PL/pgSQL function apply_rows(uuid,uuid,uuid,jsonb,boolean) line 9 at RETURN
2026-10-03 13:15:06.248 PDT [474600] STATEMENT:  SELECT managed.apply_rows('ba9aa525-10ff-4d5b-8307-77c0c128be8f','a15f8a5e-c6f9-4f99-bda7-84e3e93ad308','dd936cfa-f6ac-48b3-936e-55c57cd4528d','[{"fid":"3ce4ec17-53f6-41ba-a48e-995c5194a5af","values":{"name":"München","amount":"1.125"},"geometry":"SRID=2230;POINT M(1 2 4)"}]'::jsonb,true)
2026-10-03 13:15:06.249 PDT [474600] ERROR:  new row for relation "d_ba9aa52510ff4d5b830777c0c128be8f" violates check constraint "d_ba9aa52510ff4d5b830777c0c128be8f_geom_check"
2026-10-03 13:15:06.249 PDT [474600] DETAIL:  Failing row contains (ba9aa525-10ff-4d5b-8307-77c0c128be8f, b64004ec-43b7-4d38-ad3f-5b269a04dd94, a15f8a5e-c6f9-4f99-bda7-84e3e93ad308, 6bb94814-6708-4729-99c1-80f3f4ab98a8, 4, 7e5361a1-94d5-4fec-8c76-4434279b1a1a, München, 1.125, 0101000020E6100000000000000000F03F0000000000000040).
2026-10-03 13:15:06.249 PDT [474600] CONTEXT:  SQL statement "INSERT INTO managed.d_ba9aa52510ff4d5b830777c0c128be8f (dataset_id,version_group_id,version_id,fid,object_id,feature_revision,name,amount,geom) VALUES ('ba9aa525-10ff-4d5b-8307-77c0c128be8f'::uuid,'b64004ec-43b7-4d38-ad3f-5b269a04dd94'::uuid,'a15f8a5e-c6f9-4f99-bda7-84e3e93ad308'::uuid,'6bb94814-6708-4729-99c1-80f3f4ab98a8'::uuid,'4'::bigint,gen_random_uuid(),'München'::text,'1.125'::numeric,public.ST_GeomFromEWKT('SRID=4326;POINT (1 2)')) ON CONFLICT(version_id,fid) DO UPDATE SET feature_revision=EXCLUDED.feature_revision,name=EXCLUDED.name,amount=EXCLUDED.amount,geom=EXCLUDED.geom"
	PL/pgSQL function raw_apply_rows(uuid,uuid,uuid,jsonb,boolean) line 89 at EXECUTE
	PL/pgSQL function apply_group(uuid,uuid,jsonb) line 68 at assignment
	PL/pgSQL function apply_rows(uuid,uuid,uuid,jsonb,boolean) line 9 at RETURN
2026-10-03 13:15:06.249 PDT [474600] STATEMENT:  SELECT managed.apply_rows('ba9aa525-10ff-4d5b-8307-77c0c128be8f','a15f8a5e-c6f9-4f99-bda7-84e3e93ad308','dd936cfa-f6ac-48b3-936e-55c57cd4528d','[{"fid":"6bb94814-6708-4729-99c1-80f3f4ab98a8","values":{"name":"München","amount":"1.125"},"geometry":"SRID=4326;POINT (1 2)"}]'::jsonb,true)
2026-10-03 13:15:06.250 PDT [474600] ERROR:  new row for relation "d_ba9aa52510ff4d5b830777c0c128be8f" violates check constraint "d_ba9aa52510ff4d5b830777c0c128be8f_geom_check"
2026-10-03 13:15:06.250 PDT [474600] DETAIL:  Failing row contains (ba9aa525-10ff-4d5b-8307-77c0c128be8f, b64004ec-43b7-4d38-ad3f-5b269a04dd94, a15f8a5e-c6f9-4f99-bda7-84e3e93ad308, a49414e7-707b-4e05-8118-48ba5a235248, 5, 25fefd61-8ae8-4ff0-83e8-a0b0676b4275, München, 1.125, 0104000060E6100000010000000101000040000000000000F03F000000000000...).
2026-10-03 13:15:06.250 PDT [474600] CONTEXT:  SQL statement "INSERT INTO managed.d_ba9aa52510ff4d5b830777c0c128be8f (dataset_id,version_group_id,version_id,fid,object_id,feature_revision,name,amount,geom) VALUES ('ba9aa525-10ff-4d5b-8307-77c0c128be8f'::uuid,'b64004ec-43b7-4d38-ad3f-5b269a04dd94'::uuid,'a15f8a5e-c6f9-4f99-bda7-84e3e93ad308'::uuid,'a49414e7-707b-4e05-8118-48ba5a235248'::uuid,'5'::bigint,gen_random_uuid(),'München'::text,'1.125'::numeric,public.ST_GeomFromEWKT('SRID=4326;MULTIPOINT M((1 2 4))')) ON CONFLICT(version_id,fid) DO UPDATE SET feature_revision=EXCLUDED.feature_revision,name=EXCLUDED.name,amount=EXCLUDED.amount,geom=EXCLUDED.geom"
	PL/pgSQL function raw_apply_rows(uuid,uuid,uuid,jsonb,boolean) line 89 at EXECUTE
	PL/pgSQL function apply_group(uuid,uuid,jsonb) line 68 at assignment
	PL/pgSQL function apply_rows(uuid,uuid,uuid,jsonb,boolean) line 9 at RETURN
2026-10-03 13:15:06.250 PDT [474600] STATEMENT:  SELECT managed.apply_rows('ba9aa525-10ff-4d5b-8307-77c0c128be8f','a15f8a5e-c6f9-4f99-bda7-84e3e93ad308','dd936cfa-f6ac-48b3-936e-55c57cd4528d','[{"fid":"a49414e7-707b-4e05-8118-48ba5a235248","values":{"name":"München","amount":"1.125"},"geometry":"SRID=4326;MULTIPOINT M((1 2 4))"}]'::jsonb,true)
2026-10-03 13:15:06.346 PDT [474600] ERROR:  new row for relation "d_223441bd440a44f09f5faf5d326f5404" violates check constraint "d_223441bd440a44f09f5faf5d326f5404_geom_check"
2026-10-03 13:15:06.346 PDT [474600] DETAIL:  Failing row contains (223441bd-440a-44f0-9f5f-af5d326f5404, b8b560ef-5e78-431e-97e4-e9efdc714e38, 2eb37910-cc45-4248-ace1-385c71bbb765, ca8f7e8b-2ea4-48e8-b7bd-cd713a36a41e, 2, 4d92c76f-db51-42fa-9f02-81d369f5d0df, München, 1.125, 01010000C0000000000000F03F00000000000000400000000000000840000000...).
2026-10-03 13:15:06.346 PDT [474600] CONTEXT:  SQL statement "INSERT INTO managed.d_223441bd440a44f09f5faf5d326f5404 (dataset_id,version_group_id,version_id,fid,object_id,feature_revision,name,amount,geom) VALUES ('223441bd-440a-44f0-9f5f-af5d326f5404'::uuid,'b8b560ef-5e78-431e-97e4-e9efdc714e38'::uuid,'2eb37910-cc45-4248-ace1-385c71bbb765'::uuid,'ca8f7e8b-2ea4-48e8-b7bd-cd713a36a41e'::uuid,'2'::bigint,gen_random_uuid(),'München'::text,'1.125'::numeric,public.ST_GeomFromEWKT('SRID=0;POINT ZM(1 2 3 4)')) ON CONFLICT(version_id,fid) DO UPDATE SET feature_revision=EXCLUDED.feature_revision,name=EXCLUDED.name,amount=EXCLUDED.amount,geom=EXCLUDED.geom"
	PL/pgSQL function raw_apply_rows(uuid,uuid,uuid,jsonb,boolean) line 89 at EXECUTE
	PL/pgSQL function apply_group(uuid,uuid,jsonb) line 68 at assignment
	PL/pgSQL function apply_rows(uuid,uuid,uuid,jsonb,boolean) line 9 at RETURN
2026-10-03 13:15:06.346 PDT [474600] STATEMENT:  SELECT managed.apply_rows('223441bd-440a-44f0-9f5f-af5d326f5404','2eb37910-cc45-4248-ace1-385c71bbb765','dfc684cf-8cab-4063-966a-50c997129afa','[{"fid":"ca8f7e8b-2ea4-48e8-b7bd-cd713a36a41e","values":{"name":"München","amount":"1.125"},"geometry":"SRID=0;POINT ZM(1 2 3 4)"}]'::jsonb,true)
2026-10-03 13:15:06.347 PDT [474600] ERROR:  new row for relation "d_223441bd440a44f09f5faf5d326f5404" violates check constraint "d_223441bd440a44f09f5faf5d326f5404_geom_check"
2026-10-03 13:15:06.347 PDT [474600] DETAIL:  Failing row contains (223441bd-440a-44f0-9f5f-af5d326f5404, b8b560ef-5e78-431e-97e4-e9efdc714e38, 2eb37910-cc45-4248-ace1-385c71bbb765, 2902dd6f-9c49-42d6-b69a-10501516cd9f, 3, 50bf5a83-ffca-4f1c-ad2d-99a9f8b7b7bc, München, 1.125, 01010000E0B6080000000000000000F03F000000000000004000000000000008...).
2026-10-03 13:15:06.347 PDT [474600] CONTEXT:  SQL statement "INSERT INTO managed.d_223441bd440a44f09f5faf5d326f5404 (dataset_id,version_group_id,version_id,fid,object_id,feature_revision,name,amount,geom) VALUES ('223441bd-440a-44f0-9f5f-af5d326f5404'::uuid,'b8b560ef-5e78-431e-97e4-e9efdc714e38'::uuid,'2eb37910-cc45-4248-ace1-385c71bbb765'::uuid,'2902dd6f-9c49-42d6-b69a-10501516cd9f'::uuid,'3'::bigint,gen_random_uuid(),'München'::text,'1.125'::numeric,public.ST_GeomFromEWKT('SRID=2230;POINT ZM(1 2 3 4)')) ON CONFLICT(version_id,fid) DO UPDATE SET feature_revision=EXCLUDED.feature_revision,name=EXCLUDED.name,amount=EXCLUDED.amount,geom=EXCLUDED.geom"
	PL/pgSQL function raw_apply_rows(uuid,uuid,uuid,jsonb,boolean) line 89 at EXECUTE
	PL/pgSQL function apply_group(uuid,uuid,jsonb) line 68 at assignment
	PL/pgSQL function apply_rows(uuid,uuid,uuid,jsonb,boolean) line 9 at RETURN
2026-10-03 13:15:06.347 PDT [474600] STATEMENT:  SELECT managed.apply_rows('223441bd-440a-44f0-9f5f-af5d326f5404','2eb37910-cc45-4248-ace1-385c71bbb765','dfc684cf-8cab-4063-966a-50c997129afa','[{"fid":"2902dd6f-9c49-42d6-b69a-10501516cd9f","values":{"name":"München","amount":"1.125"},"geometry":"SRID=2230;POINT ZM(1 2 3 4)"}]'::jsonb,true)
2026-10-03 13:15:06.348 PDT [474600] ERROR:  new row for relation "d_223441bd440a44f09f5faf5d326f5404" violates check constraint "d_223441bd440a44f09f5faf5d326f5404_geom_check"
2026-10-03 13:15:06.348 PDT [474600] DETAIL:  Failing row contains (223441bd-440a-44f0-9f5f-af5d326f5404, b8b560ef-5e78-431e-97e4-e9efdc714e38, 2eb37910-cc45-4248-ace1-385c71bbb765, a27a643f-697c-43e9-9e04-68321c274322, 4, 81af99ba-c32e-46ad-b486-beb30391dc03, München, 1.125, 0101000020E6100000000000000000F03F0000000000000040).
2026-10-03 13:15:06.348 PDT [474600] CONTEXT:  SQL statement "INSERT INTO managed.d_223441bd440a44f09f5faf5d326f5404 (dataset_id,version_group_id,version_id,fid,object_id,feature_revision,name,amount,geom) VALUES ('223441bd-440a-44f0-9f5f-af5d326f5404'::uuid,'b8b560ef-5e78-431e-97e4-e9efdc714e38'::uuid,'2eb37910-cc45-4248-ace1-385c71bbb765'::uuid,'a27a643f-697c-43e9-9e04-68321c274322'::uuid,'4'::bigint,gen_random_uuid(),'München'::text,'1.125'::numeric,public.ST_GeomFromEWKT('SRID=4326;POINT (1 2)')) ON CONFLICT(version_id,fid) DO UPDATE SET feature_revision=EXCLUDED.feature_revision,name=EXCLUDED.name,amount=EXCLUDED.amount,geom=EXCLUDED.geom"
	PL/pgSQL function raw_apply_rows(uuid,uuid,uuid,jsonb,boolean) line 89 at EXECUTE
	PL/pgSQL function apply_group(uuid,uuid,jsonb) line 68 at assignment
	PL/pgSQL function apply_rows(uuid,uuid,uuid,jsonb,boolean) line 9 at RETURN
2026-10-03 13:15:06.348 PDT [474600] STATEMENT:  SELECT managed.apply_rows('223441bd-440a-44f0-9f5f-af5d326f5404','2eb37910-cc45-4248-ace1-385c71bbb765','dfc684cf-8cab-4063-966a-50c997129afa','[{"fid":"a27a643f-697c-43e9-9e04-68321c274322","values":{"name":"München","amount":"1.125"},"geometry":"SRID=4326;POINT (1 2)"}]'::jsonb,true)
2026-10-03 13:15:06.349 PDT [474600] ERROR:  new row for relation "d_223441bd440a44f09f5faf5d326f5404" violates check constraint "d_223441bd440a44f09f5faf5d326f5404_geom_check"
2026-10-03 13:15:06.349 PDT [474600] DETAIL:  Failing row contains (223441bd-440a-44f0-9f5f-af5d326f5404, b8b560ef-5e78-431e-97e4-e9efdc714e38, 2eb37910-cc45-4248-ace1-385c71bbb765, ffed66e7-f15d-4cbd-b57c-3a25f894593c, 5, dd0c82fa-a8d7-48ea-8e4f-710866438ed2, München, 1.125, 01040000E0E61000000100000001010000C0000000000000F03F000000000000...).
2026-10-03 13:15:06.349 PDT [474600] CONTEXT:  SQL statement "INSERT INTO managed.d_223441bd440a44f09f5faf5d326f5404 (dataset_id,version_group_id,version_id,fid,object_id,feature_revision,name,amount,geom) VALUES ('223441bd-440a-44f0-9f5f-af5d326f5404'::uuid,'b8b560ef-5e78-431e-97e4-e9efdc714e38'::uuid,'2eb37910-cc45-4248-ace1-385c71bbb765'::uuid,'ffed66e7-f15d-4cbd-b57c-3a25f894593c'::uuid,'5'::bigint,gen_random_uuid(),'München'::text,'1.125'::numeric,public.ST_GeomFromEWKT('SRID=4326;MULTIPOINT ZM((1 2 3 4))')) ON CONFLICT(version_id,fid) DO UPDATE SET feature_revision=EXCLUDED.feature_revision,name=EXCLUDED.name,amount=EXCLUDED.amount,geom=EXCLUDED.geom"
	PL/pgSQL function raw_apply_rows(uuid,uuid,uuid,jsonb,boolean) line 89 at EXECUTE
	PL/pgSQL function apply_group(uuid,uuid,jsonb) line 68 at assignment
	PL/pgSQL function apply_rows(uuid,uuid,uuid,jsonb,boolean) line 9 at RETURN
2026-10-03 13:15:06.349 PDT [474600] STATEMENT:  SELECT managed.apply_rows('223441bd-440a-44f0-9f5f-af5d326f5404','2eb37910-cc45-4248-ace1-385c71bbb765','dfc684cf-8cab-4063-966a-50c997129afa','[{"fid":"ffed66e7-f15d-4cbd-b57c-3a25f894593c","values":{"name":"München","amount":"1.125"},"geometry":"SRID=4326;MULTIPOINT ZM((1 2 3 4))"}]'::jsonb,true)
2026-10-03 13:15:06.445 PDT [474600] ERROR:  new row for relation "d_f875aa75350f405c976955f9fcf29a38" violates check constraint "d_f875aa75350f405c976955f9fcf29a38_geom_check"
2026-10-03 13:15:06.445 PDT [474600] DETAIL:  Failing row contains (f875aa75-350f-405c-9769-55f9fcf29a38, c5a40e2a-5616-4beb-8e1a-c2abdd6d62d3, 1ad44a4a-0b1a-4be7-9eb7-fa6f5476d328, b33c274c-dcf6-4fa2-8e59-345722fa5b3a, 2, 422bb579-3e27-426d-aa30-5a70d161689d, München, 1.125, 0101000000000000000000F03F0000000000000040).
2026-10-03 13:15:06.445 PDT [474600] CONTEXT:  SQL statement "INSERT INTO managed.d_f875aa75350f405c976955f9fcf29a38 (dataset_id,version_group_id,version_id,fid,object_id,feature_revision,name,amount,geom) VALUES ('f875aa75-350f-405c-9769-55f9fcf29a38'::uuid,'c5a40e2a-5616-4beb-8e1a-c2abdd6d62d3'::uuid,'1ad44a4a-0b1a-4be7-9eb7-fa6f5476d328'::uuid,'b33c274c-dcf6-4fa2-8e59-345722fa5b3a'::uuid,'2'::bigint,gen_random_uuid(),'München'::text,'1.125'::numeric,public.ST_GeomFromEWKT('SRID=0;POINT (1 2)')) ON CONFLICT(version_id,fid) DO UPDATE SET feature_revision=EXCLUDED.feature_revision,name=EXCLUDED.name,amount=EXCLUDED.amount,geom=EXCLUDED.geom"
	PL/pgSQL function raw_apply_rows(uuid,uuid,uuid,jsonb,boolean) line 89 at EXECUTE
	PL/pgSQL function apply_group(uuid,uuid,jsonb) line 68 at assignment
	PL/pgSQL function apply_rows(uuid,uuid,uuid,jsonb,boolean) line 9 at RETURN
2026-10-03 13:15:06.445 PDT [474600] STATEMENT:  SELECT managed.apply_rows('f875aa75-350f-405c-9769-55f9fcf29a38','1ad44a4a-0b1a-4be7-9eb7-fa6f5476d328','3333be5a-4a0e-461a-b844-a74929788a7f','[{"fid":"b33c274c-dcf6-4fa2-8e59-345722fa5b3a","values":{"name":"München","amount":"1.125"},"geometry":"SRID=0;POINT (1 2)"}]'::jsonb,true)
2026-10-03 13:15:06.446 PDT [474600] ERROR:  new row for relation "d_f875aa75350f405c976955f9fcf29a38" violates check constraint "d_f875aa75350f405c976955f9fcf29a38_geom_check"
2026-10-03 13:15:06.446 PDT [474600] DETAIL:  Failing row contains (f875aa75-350f-405c-9769-55f9fcf29a38, c5a40e2a-5616-4beb-8e1a-c2abdd6d62d3, 1ad44a4a-0b1a-4be7-9eb7-fa6f5476d328, a3c63b63-8d02-4a46-92a5-274eaf9d8a08, 3, 7b0691d8-a4e0-4704-86da-daf851794dad, München, 1.125, 0101000020E6100000000000000000F03F0000000000000040).
2026-10-03 13:15:06.446 PDT [474600] CONTEXT:  SQL statement "INSERT INTO managed.d_f875aa75350f405c976955f9fcf29a38 (dataset_id,version_group_id,version_id,fid,object_id,feature_revision,name,amount,geom) VALUES ('f875aa75-350f-405c-9769-55f9fcf29a38'::uuid,'c5a40e2a-5616-4beb-8e1a-c2abdd6d62d3'::uuid,'1ad44a4a-0b1a-4be7-9eb7-fa6f5476d328'::uuid,'a3c63b63-8d02-4a46-92a5-274eaf9d8a08'::uuid,'3'::bigint,gen_random_uuid(),'München'::text,'1.125'::numeric,public.ST_GeomFromEWKT('SRID=4326;POINT (1 2)')) ON CONFLICT(version_id,fid) DO UPDATE SET feature_revision=EXCLUDED.feature_revision,name=EXCLUDED.name,amount=EXCLUDED.amount,geom=EXCLUDED.geom"
	PL/pgSQL function raw_apply_rows(uuid,uuid,uuid,jsonb,boolean) line 89 at EXECUTE
	PL/pgSQL function apply_group(uuid,uuid,jsonb) line 68 at assignment
	PL/pgSQL function apply_rows(uuid,uuid,uuid,jsonb,boolean) line 9 at RETURN
2026-10-03 13:15:06.446 PDT [474600] STATEMENT:  SELECT managed.apply_rows('f875aa75-350f-405c-9769-55f9fcf29a38','1ad44a4a-0b1a-4be7-9eb7-fa6f5476d328','3333be5a-4a0e-461a-b844-a74929788a7f','[{"fid":"a3c63b63-8d02-4a46-92a5-274eaf9d8a08","values":{"name":"München","amount":"1.125"},"geometry":"SRID=4326;POINT (1 2)"}]'::jsonb,true)
2026-10-03 13:15:06.447 PDT [474600] ERROR:  new row for relation "d_f875aa75350f405c976955f9fcf29a38" violates check constraint "d_f875aa75350f405c976955f9fcf29a38_geom_check"
2026-10-03 13:15:06.447 PDT [474600] DETAIL:  Failing row contains (f875aa75-350f-405c-9769-55f9fcf29a38, c5a40e2a-5616-4beb-8e1a-c2abdd6d62d3, 1ad44a4a-0b1a-4be7-9eb7-fa6f5476d328, 18ccd37b-5498-4182-a62e-ace55240e55d, 4, 1b4f0cf6-aa79-4f1d-aba5-58573a11a86b, München, 1.125, 01010000A0B6080000000000000000F03F000000000000004000000000000008...).
2026-10-03 13:15:06.447 PDT [474600] CONTEXT:  SQL statement "INSERT INTO managed.d_f875aa75350f405c976955f9fcf29a38 (dataset_id,version_group_id,version_id,fid,object_id,feature_revision,name,amount,geom) VALUES ('f875aa75-350f-405c-9769-55f9fcf29a38'::uuid,'c5a40e2a-5616-4beb-8e1a-c2abdd6d62d3'::uuid,'1ad44a4a-0b1a-4be7-9eb7-fa6f5476d328'::uuid,'18ccd37b-5498-4182-a62e-ace55240e55d'::uuid,'4'::bigint,gen_random_uuid(),'München'::text,'1.125'::numeric,public.ST_GeomFromEWKT('SRID=2230;POINT Z(1 2 3)')) ON CONFLICT(version_id,fid) DO UPDATE SET feature_revision=EXCLUDED.feature_revision,name=EXCLUDED.name,amount=EXCLUDED.amount,geom=EXCLUDED.geom"
	PL/pgSQL function raw_apply_rows(uuid,uuid,uuid,jsonb,boolean) line 89 at EXECUTE
	PL/pgSQL function apply_group(uuid,uuid,jsonb) line 68 at assignment
	PL/pgSQL function apply_rows(uuid,uuid,uuid,jsonb,boolean) line 9 at RETURN
2026-10-03 13:15:06.447 PDT [474600] STATEMENT:  SELECT managed.apply_rows('f875aa75-350f-405c-9769-55f9fcf29a38','1ad44a4a-0b1a-4be7-9eb7-fa6f5476d328','3333be5a-4a0e-461a-b844-a74929788a7f','[{"fid":"18ccd37b-5498-4182-a62e-ace55240e55d","values":{"name":"München","amount":"1.125"},"geometry":"SRID=2230;POINT Z(1 2 3)"}]'::jsonb,true)
2026-10-03 13:15:06.448 PDT [474600] ERROR:  new row for relation "d_f875aa75350f405c976955f9fcf29a38" violates check constraint "d_f875aa75350f405c976955f9fcf29a38_geom_check"
2026-10-03 13:15:06.448 PDT [474600] DETAIL:  Failing row contains (f875aa75-350f-405c-9769-55f9fcf29a38, c5a40e2a-5616-4beb-8e1a-c2abdd6d62d3, 1ad44a4a-0b1a-4be7-9eb7-fa6f5476d328, 095ef16c-35e7-4474-8f62-a5951c5a2c91, 5, 46fdde30-0c78-4d40-9f69-63e0a19a5ac8, München, 1.125, 0104000020B6080000010000000101000000000000000000F03F000000000000...).
2026-10-03 13:15:06.448 PDT [474600] CONTEXT:  SQL statement "INSERT INTO managed.d_f875aa75350f405c976955f9fcf29a38 (dataset_id,version_group_id,version_id,fid,object_id,feature_revision,name,amount,geom) VALUES ('f875aa75-350f-405c-9769-55f9fcf29a38'::uuid,'c5a40e2a-5616-4beb-8e1a-c2abdd6d62d3'::uuid,'1ad44a4a-0b1a-4be7-9eb7-fa6f5476d328'::uuid,'095ef16c-35e7-4474-8f62-a5951c5a2c91'::uuid,'5'::bigint,gen_random_uuid(),'München'::text,'1.125'::numeric,public.ST_GeomFromEWKT('SRID=2230;MULTIPOINT ((1 2))')) ON CONFLICT(version_id,fid) DO UPDATE SET feature_revision=EXCLUDED.feature_revision,name=EXCLUDED.name,amount=EXCLUDED.amount,geom=EXCLUDED.geom"
	PL/pgSQL function raw_apply_rows(uuid,uuid,uuid,jsonb,boolean) line 89 at EXECUTE
	PL/pgSQL function apply_group(uuid,uuid,jsonb) line 68 at assignment
	PL/pgSQL function apply_rows(uuid,uuid,uuid,jsonb,boolean) line 9 at RETURN
2026-10-03 13:15:06.448 PDT [474600] STATEMENT:  SELECT managed.apply_rows('f875aa75-350f-405c-9769-55f9fcf29a38','1ad44a4a-0b1a-4be7-9eb7-fa6f5476d328','3333be5a-4a0e-461a-b844-a74929788a7f','[{"fid":"095ef16c-35e7-4474-8f62-a5951c5a2c91","values":{"name":"München","amount":"1.125"},"geometry":"SRID=2230;MULTIPOINT ((1 2))"}]'::jsonb,true)
2026-10-03 13:15:06.546 PDT [474600] ERROR:  new row for relation "d_41bc14df6a15459eb83f86eee9ee13b1" violates check constraint "d_41bc14df6a15459eb83f86eee9ee13b1_geom_check"
2026-10-03 13:15:06.546 PDT [474600] DETAIL:  Failing row contains (41bc14df-6a15-459e-b83f-86eee9ee13b1, 4e4709c1-2cca-41e0-889e-b21b0ccac09e, ab242709-66ff-4e0f-a0df-5c80ba75de5d, a262aaed-2117-4a4b-8caa-254909a86db2, 2, ad727a0d-2116-4954-b6d1-2f0b4d489feb, München, 1.125, 0101000080000000000000F03F00000000000000400000000000000840).
2026-10-03 13:15:06.546 PDT [474600] CONTEXT:  SQL statement "INSERT INTO managed.d_41bc14df6a15459eb83f86eee9ee13b1 (dataset_id,version_group_id,version_id,fid,object_id,feature_revision,name,amount,geom) VALUES ('41bc14df-6a15-459e-b83f-86eee9ee13b1'::uuid,'4e4709c1-2cca-41e0-889e-b21b0ccac09e'::uuid,'ab242709-66ff-4e0f-a0df-5c80ba75de5d'::uuid,'a262aaed-2117-4a4b-8caa-254909a86db2'::uuid,'2'::bigint,gen_random_uuid(),'München'::text,'1.125'::numeric,public.ST_GeomFromEWKT('SRID=0;POINT Z(1 2 3)')) ON CONFLICT(version_id,fid) DO UPDATE SET feature_revision=EXCLUDED.feature_revision,name=EXCLUDED.name,amount=EXCLUDED.amount,geom=EXCLUDED.geom"
	PL/pgSQL function raw_apply_rows(uuid,uuid,uuid,jsonb,boolean) line 89 at EXECUTE
	PL/pgSQL function apply_group(uuid,uuid,jsonb) line 68 at assignment
	PL/pgSQL function apply_rows(uuid,uuid,uuid,jsonb,boolean) line 9 at RETURN
2026-10-03 13:15:06.546 PDT [474600] STATEMENT:  SELECT managed.apply_rows('41bc14df-6a15-459e-b83f-86eee9ee13b1','ab242709-66ff-4e0f-a0df-5c80ba75de5d','5fe544b2-7a1e-47f8-9f22-0621e11966a4','[{"fid":"a262aaed-2117-4a4b-8caa-254909a86db2","values":{"name":"München","amount":"1.125"},"geometry":"SRID=0;POINT Z(1 2 3)"}]'::jsonb,true)
2026-10-03 13:15:06.547 PDT [474600] ERROR:  new row for relation "d_41bc14df6a15459eb83f86eee9ee13b1" violates check constraint "d_41bc14df6a15459eb83f86eee9ee13b1_geom_check"
2026-10-03 13:15:06.547 PDT [474600] DETAIL:  Failing row contains (41bc14df-6a15-459e-b83f-86eee9ee13b1, 4e4709c1-2cca-41e0-889e-b21b0ccac09e, ab242709-66ff-4e0f-a0df-5c80ba75de5d, c5ff889b-bd37-471c-809b-3b138b108926, 3, 19995fc5-24d2-4f16-9af0-a5d49588fa81, München, 1.125, 01010000A0E6100000000000000000F03F000000000000004000000000000008...).
2026-10-03 13:15:06.547 PDT [474600] CONTEXT:  SQL statement "INSERT INTO managed.d_41bc14df6a15459eb83f86eee9ee13b1 (dataset_id,version_group_id,version_id,fid,object_id,feature_revision,name,amount,geom) VALUES ('41bc14df-6a15-459e-b83f-86eee9ee13b1'::uuid,'4e4709c1-2cca-41e0-889e-b21b0ccac09e'::uuid,'ab242709-66ff-4e0f-a0df-5c80ba75de5d'::uuid,'c5ff889b-bd37-471c-809b-3b138b108926'::uuid,'3'::bigint,gen_random_uuid(),'München'::text,'1.125'::numeric,public.ST_GeomFromEWKT('SRID=4326;POINT Z(1 2 3)')) ON CONFLICT(version_id,fid) DO UPDATE SET feature_revision=EXCLUDED.feature_revision,name=EXCLUDED.name,amount=EXCLUDED.amount,geom=EXCLUDED.geom"
	PL/pgSQL function raw_apply_rows(uuid,uuid,uuid,jsonb,boolean) line 89 at EXECUTE
	PL/pgSQL function apply_group(uuid,uuid,jsonb) line 68 at assignment
	PL/pgSQL function apply_rows(uuid,uuid,uuid,jsonb,boolean) line 9 at RETURN
2026-10-03 13:15:06.547 PDT [474600] STATEMENT:  SELECT managed.apply_rows('41bc14df-6a15-459e-b83f-86eee9ee13b1','ab242709-66ff-4e0f-a0df-5c80ba75de5d','5fe544b2-7a1e-47f8-9f22-0621e11966a4','[{"fid":"c5ff889b-bd37-471c-809b-3b138b108926","values":{"name":"München","amount":"1.125"},"geometry":"SRID=4326;POINT Z(1 2 3)"}]'::jsonb,true)
2026-10-03 13:15:06.548 PDT [474600] ERROR:  new row for relation "d_41bc14df6a15459eb83f86eee9ee13b1" violates check constraint "d_41bc14df6a15459eb83f86eee9ee13b1_geom_check"
2026-10-03 13:15:06.548 PDT [474600] DETAIL:  Failing row contains (41bc14df-6a15-459e-b83f-86eee9ee13b1, 4e4709c1-2cca-41e0-889e-b21b0ccac09e, ab242709-66ff-4e0f-a0df-5c80ba75de5d, d9e7e284-6a0a-4125-937e-fd0a2cf25b0d, 4, 05f5b14b-fcfe-43a1-91db-fbb43f38ae1f, München, 1.125, 0101000020B6080000000000000000F03F0000000000000040).
2026-10-03 13:15:06.548 PDT [474600] CONTEXT:  SQL statement "INSERT INTO managed.d_41bc14df6a15459eb83f86eee9ee13b1 (dataset_id,version_group_id,version_id,fid,object_id,feature_revision,name,amount,geom) VALUES ('41bc14df-6a15-459e-b83f-86eee9ee13b1'::uuid,'4e4709c1-2cca-41e0-889e-b21b0ccac09e'::uuid,'ab242709-66ff-4e0f-a0df-5c80ba75de5d'::uuid,'d9e7e284-6a0a-4125-937e-fd0a2cf25b0d'::uuid,'4'::bigint,gen_random_uuid(),'München'::text,'1.125'::numeric,public.ST_GeomFromEWKT('SRID=2230;POINT (1 2)')) ON CONFLICT(version_id,fid) DO UPDATE SET feature_revision=EXCLUDED.feature_revision,name=EXCLUDED.name,amount=EXCLUDED.amount,geom=EXCLUDED.geom"
	PL/pgSQL function raw_apply_rows(uuid,uuid,uuid,jsonb,boolean) line 89 at EXECUTE
	PL/pgSQL function apply_group(uuid,uuid,jsonb) line 68 at assignment
	PL/pgSQL function apply_rows(uuid,uuid,uuid,jsonb,boolean) line 9 at RETURN
2026-10-03 13:15:06.548 PDT [474600] STATEMENT:  SELECT managed.apply_rows('41bc14df-6a15-459e-b83f-86eee9ee13b1','ab242709-66ff-4e0f-a0df-5c80ba75de5d','5fe544b2-7a1e-47f8-9f22-0621e11966a4','[{"fid":"d9e7e284-6a0a-4125-937e-fd0a2cf25b0d","values":{"name":"München","amount":"1.125"},"geometry":"SRID=2230;POINT (1 2)"}]'::jsonb,true)
2026-10-03 13:15:06.549 PDT [474600] ERROR:  new row for relation "d_41bc14df6a15459eb83f86eee9ee13b1" violates check constraint "d_41bc14df6a15459eb83f86eee9ee13b1_geom_check"
2026-10-03 13:15:06.549 PDT [474600] DETAIL:  Failing row contains (41bc14df-6a15-459e-b83f-86eee9ee13b1, 4e4709c1-2cca-41e0-889e-b21b0ccac09e, ab242709-66ff-4e0f-a0df-5c80ba75de5d, 74529f87-2bac-4d0d-a08c-e7660914345b, 5, 829a6f65-c440-4131-ab97-4c9db6616308, München, 1.125, 01040000A0B6080000010000000101000080000000000000F03F000000000000...).
2026-10-03 13:15:06.549 PDT [474600] CONTEXT:  SQL statement "INSERT INTO managed.d_41bc14df6a15459eb83f86eee9ee13b1 (dataset_id,version_group_id,version_id,fid,object_id,feature_revision,name,amount,geom) VALUES ('41bc14df-6a15-459e-b83f-86eee9ee13b1'::uuid,'4e4709c1-2cca-41e0-889e-b21b0ccac09e'::uuid,'ab242709-66ff-4e0f-a0df-5c80ba75de5d'::uuid,'74529f87-2bac-4d0d-a08c-e7660914345b'::uuid,'5'::bigint,gen_random_uuid(),'München'::text,'1.125'::numeric,public.ST_GeomFromEWKT('SRID=2230;MULTIPOINT Z((1 2 3))')) ON CONFLICT(version_id,fid) DO UPDATE SET feature_revision=EXCLUDED.feature_revision,name=EXCLUDED.name,amount=EXCLUDED.amount,geom=EXCLUDED.geom"
	PL/pgSQL function raw_apply_rows(uuid,uuid,uuid,jsonb,boolean) line 89 at EXECUTE
	PL/pgSQL function apply_group(uuid,uuid,jsonb) line 68 at assignment
	PL/pgSQL function apply_rows(uuid,uuid,uuid,jsonb,boolean) line 9 at RETURN
2026-10-03 13:15:06.549 PDT [474600] STATEMENT:  SELECT managed.apply_rows('41bc14df-6a15-459e-b83f-86eee9ee13b1','ab242709-66ff-4e0f-a0df-5c80ba75de5d','5fe544b2-7a1e-47f8-9f22-0621e11966a4','[{"fid":"74529f87-2bac-4d0d-a08c-e7660914345b","values":{"name":"München","amount":"1.125"},"geometry":"SRID=2230;MULTIPOINT Z((1 2 3))"}]'::jsonb,true)
2026-10-03 13:15:06.647 PDT [474600] ERROR:  new row for relation "d_562ad370d3e147f599d27b2786c0033d" violates check constraint "d_562ad370d3e147f599d27b2786c0033d_geom_check"
2026-10-03 13:15:06.647 PDT [474600] DETAIL:  Failing row contains (562ad370-d3e1-47f5-99d2-7b2786c0033d, d3211416-4269-4da4-b5ef-f29e136a27c2, fe041d00-adb5-4f0b-9bd6-6e47e2330474, 5d8c599b-7a92-4eed-a86a-c6c93a5419b9, 2, e2123736-7870-4f12-99f1-077b64016a39, München, 1.125, 0101000040000000000000F03F00000000000000400000000000001040).
2026-10-03 13:15:06.647 PDT [474600] CONTEXT:  SQL statement "INSERT INTO managed.d_562ad370d3e147f599d27b2786c0033d (dataset_id,version_group_id,version_id,fid,object_id,feature_revision,name,amount,geom) VALUES ('562ad370-d3e1-47f5-99d2-7b2786c0033d'::uuid,'d3211416-4269-4da4-b5ef-f29e136a27c2'::uuid,'fe041d00-adb5-4f0b-9bd6-6e47e2330474'::uuid,'5d8c599b-7a92-4eed-a86a-c6c93a5419b9'::uuid,'2'::bigint,gen_random_uuid(),'München'::text,'1.125'::numeric,public.ST_GeomFromEWKT('SRID=0;POINT M(1 2 4)')) ON CONFLICT(version_id,fid) DO UPDATE SET feature_revision=EXCLUDED.feature_revision,name=EXCLUDED.name,amount=EXCLUDED.amount,geom=EXCLUDED.geom"
	PL/pgSQL function raw_apply_rows(uuid,uuid,uuid,jsonb,boolean) line 89 at EXECUTE
	PL/pgSQL function apply_group(uuid,uuid,jsonb) line 68 at assignment
	PL/pgSQL function apply_rows(uuid,uuid,uuid,jsonb,boolean) line 9 at RETURN
2026-10-03 13:15:06.647 PDT [474600] STATEMENT:  SELECT managed.apply_rows('562ad370-d3e1-47f5-99d2-7b2786c0033d','fe041d00-adb5-4f0b-9bd6-6e47e2330474','50adffa8-bb10-4e0a-9476-a268d719f8c4','[{"fid":"5d8c599b-7a92-4eed-a86a-c6c93a5419b9","values":{"name":"München","amount":"1.125"},"geometry":"SRID=0;POINT M(1 2 4)"}]'::jsonb,true)
2026-10-03 13:15:06.648 PDT [474600] ERROR:  new row for relation "d_562ad370d3e147f599d27b2786c0033d" violates check constraint "d_562ad370d3e147f599d27b2786c0033d_geom_check"
2026-10-03 13:15:06.648 PDT [474600] DETAIL:  Failing row contains (562ad370-d3e1-47f5-99d2-7b2786c0033d, d3211416-4269-4da4-b5ef-f29e136a27c2, fe041d00-adb5-4f0b-9bd6-6e47e2330474, 80052e1b-fc90-4194-b32c-01b3311d52ea, 3, e9b1d6ab-93f3-4ae5-bd50-16eeb413f074, München, 1.125, 0101000060E6100000000000000000F03F000000000000004000000000000010...).
2026-10-03 13:15:06.648 PDT [474600] CONTEXT:  SQL statement "INSERT INTO managed.d_562ad370d3e147f599d27b2786c0033d (dataset_id,version_group_id,version_id,fid,object_id,feature_revision,name,amount,geom) VALUES ('562ad370-d3e1-47f5-99d2-7b2786c0033d'::uuid,'d3211416-4269-4da4-b5ef-f29e136a27c2'::uuid,'fe041d00-adb5-4f0b-9bd6-6e47e2330474'::uuid,'80052e1b-fc90-4194-b32c-01b3311d52ea'::uuid,'3'::bigint,gen_random_uuid(),'München'::text,'1.125'::numeric,public.ST_GeomFromEWKT('SRID=4326;POINT M(1 2 4)')) ON CONFLICT(version_id,fid) DO UPDATE SET feature_revision=EXCLUDED.feature_revision,name=EXCLUDED.name,amount=EXCLUDED.amount,geom=EXCLUDED.geom"
	PL/pgSQL function raw_apply_rows(uuid,uuid,uuid,jsonb,boolean) line 89 at EXECUTE
	PL/pgSQL function apply_group(uuid,uuid,jsonb) line 68 at assignment
	PL/pgSQL function apply_rows(uuid,uuid,uuid,jsonb,boolean) line 9 at RETURN
2026-10-03 13:15:06.648 PDT [474600] STATEMENT:  SELECT managed.apply_rows('562ad370-d3e1-47f5-99d2-7b2786c0033d','fe041d00-adb5-4f0b-9bd6-6e47e2330474','50adffa8-bb10-4e0a-9476-a268d719f8c4','[{"fid":"80052e1b-fc90-4194-b32c-01b3311d52ea","values":{"name":"München","amount":"1.125"},"geometry":"SRID=4326;POINT M(1 2 4)"}]'::jsonb,true)
2026-10-03 13:15:06.649 PDT [474600] ERROR:  new row for relation "d_562ad370d3e147f599d27b2786c0033d" violates check constraint "d_562ad370d3e147f599d27b2786c0033d_geom_check"
2026-10-03 13:15:06.649 PDT [474600] DETAIL:  Failing row contains (562ad370-d3e1-47f5-99d2-7b2786c0033d, d3211416-4269-4da4-b5ef-f29e136a27c2, fe041d00-adb5-4f0b-9bd6-6e47e2330474, a8fec98a-7a7c-472a-af0e-394ed453fe50, 4, eb6e6188-2ca0-4564-a032-676cc548b3f1, München, 1.125, 0101000020B6080000000000000000F03F0000000000000040).
2026-10-03 13:15:06.649 PDT [474600] CONTEXT:  SQL statement "INSERT INTO managed.d_562ad370d3e147f599d27b2786c0033d (dataset_id,version_group_id,version_id,fid,object_id,feature_revision,name,amount,geom) VALUES ('562ad370-d3e1-47f5-99d2-7b2786c0033d'::uuid,'d3211416-4269-4da4-b5ef-f29e136a27c2'::uuid,'fe041d00-adb5-4f0b-9bd6-6e47e2330474'::uuid,'a8fec98a-7a7c-472a-af0e-394ed453fe50'::uuid,'4'::bigint,gen_random_uuid(),'München'::text,'1.125'::numeric,public.ST_GeomFromEWKT('SRID=2230;POINT (1 2)')) ON CONFLICT(version_id,fid) DO UPDATE SET feature_revision=EXCLUDED.feature_revision,name=EXCLUDED.name,amount=EXCLUDED.amount,geom=EXCLUDED.geom"
	PL/pgSQL function raw_apply_rows(uuid,uuid,uuid,jsonb,boolean) line 89 at EXECUTE
	PL/pgSQL function apply_group(uuid,uuid,jsonb) line 68 at assignment
	PL/pgSQL function apply_rows(uuid,uuid,uuid,jsonb,boolean) line 9 at RETURN
2026-10-03 13:15:06.649 PDT [474600] STATEMENT:  SELECT managed.apply_rows('562ad370-d3e1-47f5-99d2-7b2786c0033d','fe041d00-adb5-4f0b-9bd6-6e47e2330474','50adffa8-bb10-4e0a-9476-a268d719f8c4','[{"fid":"a8fec98a-7a7c-472a-af0e-394ed453fe50","values":{"name":"München","amount":"1.125"},"geometry":"SRID=2230;POINT (1 2)"}]'::jsonb,true)
2026-10-03 13:15:06.650 PDT [474600] ERROR:  new row for relation "d_562ad370d3e147f599d27b2786c0033d" violates check constraint "d_562ad370d3e147f599d27b2786c0033d_geom_check"
2026-10-03 13:15:06.650 PDT [474600] DETAIL:  Failing row contains (562ad370-d3e1-47f5-99d2-7b2786c0033d, d3211416-4269-4da4-b5ef-f29e136a27c2, fe041d00-adb5-4f0b-9bd6-6e47e2330474, d957d24f-09a8-4633-8df5-535854a5a89c, 5, c5b6497d-b522-4601-bae3-145f942d488e, München, 1.125, 0104000060B6080000010000000101000040000000000000F03F000000000000...).
2026-10-03 13:15:06.650 PDT [474600] CONTEXT:  SQL statement "INSERT INTO managed.d_562ad370d3e147f599d27b2786c0033d (dataset_id,version_group_id,version_id,fid,object_id,feature_revision,name,amount,geom) VALUES ('562ad370-d3e1-47f5-99d2-7b2786c0033d'::uuid,'d3211416-4269-4da4-b5ef-f29e136a27c2'::uuid,'fe041d00-adb5-4f0b-9bd6-6e47e2330474'::uuid,'d957d24f-09a8-4633-8df5-535854a5a89c'::uuid,'5'::bigint,gen_random_uuid(),'München'::text,'1.125'::numeric,public.ST_GeomFromEWKT('SRID=2230;MULTIPOINT M((1 2 4))')) ON CONFLICT(version_id,fid) DO UPDATE SET feature_revision=EXCLUDED.feature_revision,name=EXCLUDED.name,amount=EXCLUDED.amount,geom=EXCLUDED.geom"
	PL/pgSQL function raw_apply_rows(uuid,uuid,uuid,jsonb,boolean) line 89 at EXECUTE
	PL/pgSQL function apply_group(uuid,uuid,jsonb) line 68 at assignment
	PL/pgSQL function apply_rows(uuid,uuid,uuid,jsonb,boolean) line 9 at RETURN
2026-10-03 13:15:06.650 PDT [474600] STATEMENT:  SELECT managed.apply_rows('562ad370-d3e1-47f5-99d2-7b2786c0033d','fe041d00-adb5-4f0b-9bd6-6e47e2330474','50adffa8-bb10-4e0a-9476-a268d719f8c4','[{"fid":"d957d24f-09a8-4633-8df5-535854a5a89c","values":{"name":"München","amount":"1.125"},"geometry":"SRID=2230;MULTIPOINT M((1 2 4))"}]'::jsonb,true)
2026-10-03 13:15:06.747 PDT [474600] ERROR:  new row for relation "d_12ade1541dad40a989f4ceca07c182e4" violates check constraint "d_12ade1541dad40a989f4ceca07c182e4_geom_check"
2026-10-03 13:15:06.747 PDT [474600] DETAIL:  Failing row contains (12ade154-1dad-40a9-89f4-ceca07c182e4, 86084440-ae3f-4d5b-acb5-bec9162259e1, 77e578aa-8e70-445d-93bc-fb42ff6df678, 7cfda401-4faa-45f0-a544-a04dae7e6670, 2, 8a21c3ad-9e23-4971-8535-7d76499a152a, München, 1.125, 01010000C0000000000000F03F00000000000000400000000000000840000000...).
2026-10-03 13:15:06.747 PDT [474600] CONTEXT:  SQL statement "INSERT INTO managed.d_12ade1541dad40a989f4ceca07c182e4 (dataset_id,version_group_id,version_id,fid,object_id,feature_revision,name,amount,geom) VALUES ('12ade154-1dad-40a9-89f4-ceca07c182e4'::uuid,'86084440-ae3f-4d5b-acb5-bec9162259e1'::uuid,'77e578aa-8e70-445d-93bc-fb42ff6df678'::uuid,'7cfda401-4faa-45f0-a544-a04dae7e6670'::uuid,'2'::bigint,gen_random_uuid(),'München'::text,'1.125'::numeric,public.ST_GeomFromEWKT('SRID=0;POINT ZM(1 2 3 4)')) ON CONFLICT(version_id,fid) DO UPDATE SET feature_revision=EXCLUDED.feature_revision,name=EXCLUDED.name,amount=EXCLUDED.amount,geom=EXCLUDED.geom"
	PL/pgSQL function raw_apply_rows(uuid,uuid,uuid,jsonb,boolean) line 89 at EXECUTE
	PL/pgSQL function apply_group(uuid,uuid,jsonb) line 68 at assignment
	PL/pgSQL function apply_rows(uuid,uuid,uuid,jsonb,boolean) line 9 at RETURN
2026-10-03 13:15:06.747 PDT [474600] STATEMENT:  SELECT managed.apply_rows('12ade154-1dad-40a9-89f4-ceca07c182e4','77e578aa-8e70-445d-93bc-fb42ff6df678','0fdd281f-2ce0-48d2-9995-c824baba5ddc','[{"fid":"7cfda401-4faa-45f0-a544-a04dae7e6670","values":{"name":"München","amount":"1.125"},"geometry":"SRID=0;POINT ZM(1 2 3 4)"}]'::jsonb,true)
2026-10-03 13:15:06.748 PDT [474600] ERROR:  new row for relation "d_12ade1541dad40a989f4ceca07c182e4" violates check constraint "d_12ade1541dad40a989f4ceca07c182e4_geom_check"
2026-10-03 13:15:06.748 PDT [474600] DETAIL:  Failing row contains (12ade154-1dad-40a9-89f4-ceca07c182e4, 86084440-ae3f-4d5b-acb5-bec9162259e1, 77e578aa-8e70-445d-93bc-fb42ff6df678, e19f684f-084b-4531-8403-b15b0cbf01ce, 3, 79f81baf-405b-4125-993f-812b83cbf1ca, München, 1.125, 01010000E0E6100000000000000000F03F000000000000004000000000000008...).
2026-10-03 13:15:06.748 PDT [474600] CONTEXT:  SQL statement "INSERT INTO managed.d_12ade1541dad40a989f4ceca07c182e4 (dataset_id,version_group_id,version_id,fid,object_id,feature_revision,name,amount,geom) VALUES ('12ade154-1dad-40a9-89f4-ceca07c182e4'::uuid,'86084440-ae3f-4d5b-acb5-bec9162259e1'::uuid,'77e578aa-8e70-445d-93bc-fb42ff6df678'::uuid,'e19f684f-084b-4531-8403-b15b0cbf01ce'::uuid,'3'::bigint,gen_random_uuid(),'München'::text,'1.125'::numeric,public.ST_GeomFromEWKT('SRID=4326;POINT ZM(1 2 3 4)')) ON CONFLICT(version_id,fid) DO UPDATE SET feature_revision=EXCLUDED.feature_revision,name=EXCLUDED.name,amount=EXCLUDED.amount,geom=EXCLUDED.geom"
	PL/pgSQL function raw_apply_rows(uuid,uuid,uuid,jsonb,boolean) line 89 at EXECUTE
	PL/pgSQL function apply_group(uuid,uuid,jsonb) line 68 at assignment
	PL/pgSQL function apply_rows(uuid,uuid,uuid,jsonb,boolean) line 9 at RETURN
2026-10-03 13:15:06.748 PDT [474600] STATEMENT:  SELECT managed.apply_rows('12ade154-1dad-40a9-89f4-ceca07c182e4','77e578aa-8e70-445d-93bc-fb42ff6df678','0fdd281f-2ce0-48d2-9995-c824baba5ddc','[{"fid":"e19f684f-084b-4531-8403-b15b0cbf01ce","values":{"name":"München","amount":"1.125"},"geometry":"SRID=4326;POINT ZM(1 2 3 4)"}]'::jsonb,true)
2026-10-03 13:15:06.750 PDT [474600] ERROR:  new row for relation "d_12ade1541dad40a989f4ceca07c182e4" violates check constraint "d_12ade1541dad40a989f4ceca07c182e4_geom_check"
2026-10-03 13:15:06.750 PDT [474600] DETAIL:  Failing row contains (12ade154-1dad-40a9-89f4-ceca07c182e4, 86084440-ae3f-4d5b-acb5-bec9162259e1, 77e578aa-8e70-445d-93bc-fb42ff6df678, 519379b6-e32e-42b6-9f25-e506a714d9d9, 4, 6ad24476-a9ae-4280-aaad-335af43cdb9a, München, 1.125, 0101000020B6080000000000000000F03F0000000000000040).
2026-10-03 13:15:06.750 PDT [474600] CONTEXT:  SQL statement "INSERT INTO managed.d_12ade1541dad40a989f4ceca07c182e4 (dataset_id,version_group_id,version_id,fid,object_id,feature_revision,name,amount,geom) VALUES ('12ade154-1dad-40a9-89f4-ceca07c182e4'::uuid,'86084440-ae3f-4d5b-acb5-bec9162259e1'::uuid,'77e578aa-8e70-445d-93bc-fb42ff6df678'::uuid,'519379b6-e32e-42b6-9f25-e506a714d9d9'::uuid,'4'::bigint,gen_random_uuid(),'München'::text,'1.125'::numeric,public.ST_GeomFromEWKT('SRID=2230;POINT (1 2)')) ON CONFLICT(version_id,fid) DO UPDATE SET feature_revision=EXCLUDED.feature_revision,name=EXCLUDED.name,amount=EXCLUDED.amount,geom=EXCLUDED.geom"
	PL/pgSQL function raw_apply_rows(uuid,uuid,uuid,jsonb,boolean) line 89 at EXECUTE
	PL/pgSQL function apply_group(uuid,uuid,jsonb) line 68 at assignment
	PL/pgSQL function apply_rows(uuid,uuid,uuid,jsonb,boolean) line 9 at RETURN
2026-10-03 13:15:06.750 PDT [474600] STATEMENT:  SELECT managed.apply_rows('12ade154-1dad-40a9-89f4-ceca07c182e4','77e578aa-8e70-445d-93bc-fb42ff6df678','0fdd281f-2ce0-48d2-9995-c824baba5ddc','[{"fid":"519379b6-e32e-42b6-9f25-e506a714d9d9","values":{"name":"München","amount":"1.125"},"geometry":"SRID=2230;POINT (1 2)"}]'::jsonb,true)
2026-10-03 13:15:06.751 PDT [474600] ERROR:  new row for relation "d_12ade1541dad40a989f4ceca07c182e4" violates check constraint "d_12ade1541dad40a989f4ceca07c182e4_geom_check"
2026-10-03 13:15:06.751 PDT [474600] DETAIL:  Failing row contains (12ade154-1dad-40a9-89f4-ceca07c182e4, 86084440-ae3f-4d5b-acb5-bec9162259e1, 77e578aa-8e70-445d-93bc-fb42ff6df678, a9d4185b-fa9c-48b1-bce8-25005b407af5, 5, d0f0868c-e871-47b8-b6c4-71a059455c2f, München, 1.125, 01040000E0B60800000100000001010000C0000000000000F03F000000000000...).
2026-10-03 13:15:06.751 PDT [474600] CONTEXT:  SQL statement "INSERT INTO managed.d_12ade1541dad40a989f4ceca07c182e4 (dataset_id,version_group_id,version_id,fid,object_id,feature_revision,name,amount,geom) VALUES ('12ade154-1dad-40a9-89f4-ceca07c182e4'::uuid,'86084440-ae3f-4d5b-acb5-bec9162259e1'::uuid,'77e578aa-8e70-445d-93bc-fb42ff6df678'::uuid,'a9d4185b-fa9c-48b1-bce8-25005b407af5'::uuid,'5'::bigint,gen_random_uuid(),'München'::text,'1.125'::numeric,public.ST_GeomFromEWKT('SRID=2230;MULTIPOINT ZM((1 2 3 4))')) ON CONFLICT(version_id,fid) DO UPDATE SET feature_revision=EXCLUDED.feature_revision,name=EXCLUDED.name,amount=EXCLUDED.amount,geom=EXCLUDED.geom"
	PL/pgSQL function raw_apply_rows(uuid,uuid,uuid,jsonb,boolean) line 89 at EXECUTE
	PL/pgSQL function apply_group(uuid,uuid,jsonb) line 68 at assignment
	PL/pgSQL function apply_rows(uuid,uuid,uuid,jsonb,boolean) line 9 at RETURN
2026-10-03 13:15:06.751 PDT [474600] STATEMENT:  SELECT managed.apply_rows('12ade154-1dad-40a9-89f4-ceca07c182e4','77e578aa-8e70-445d-93bc-fb42ff6df678','0fdd281f-2ce0-48d2-9995-c824baba5ddc','[{"fid":"a9d4185b-fa9c-48b1-bce8-25005b407af5","values":{"name":"München","amount":"1.125"},"geometry":"SRID=2230;MULTIPOINT ZM((1 2 3 4))"}]'::jsonb,true)
2026-10-03 13:15:06.953 PDT [474639] ERROR:  INVALID_FEATURE_ROW
2026-10-03 13:15:06.953 PDT [474639] CONTEXT:  PL/pgSQL function apply_group(uuid,uuid,jsonb) line 39 at RAISE
	PL/pgSQL function apply_rows(uuid,uuid,uuid,jsonb,boolean) line 9 at RETURN
2026-10-03 13:15:06.953 PDT [474639] STATEMENT:  SELECT managed.apply_rows('d59dbd52-bb91-4703-915c-23798813d350','fc81b713-b389-45a9-9bf8-c8eff43a5c8f','15b48ac1-3f15-4186-8ed3-8d7fc025ba61','[{"values":{"name":"München","amount":"1.125"},"geometry":"SRID=4326;POINT(1 2)"}]'::jsonb,true)
2026-10-03 13:15:06.955 PDT [474639] ERROR:  DUPLICATE_FEATURE_UUID
2026-10-03 13:15:06.955 PDT [474639] CONTEXT:  PL/pgSQL function raw_apply_rows(uuid,uuid,uuid,jsonb,boolean) line 35 at RAISE
	PL/pgSQL function apply_group(uuid,uuid,jsonb) line 68 at assignment
	PL/pgSQL function apply_rows(uuid,uuid,uuid,jsonb,boolean) line 9 at RETURN
2026-10-03 13:15:06.955 PDT [474639] STATEMENT:  SELECT managed.apply_rows('d59dbd52-bb91-4703-915c-23798813d350','fc81b713-b389-45a9-9bf8-c8eff43a5c8f','15b48ac1-3f15-4186-8ed3-8d7fc025ba61','[{"fid":"bf8ab049-3b56-472b-aeae-c24c20224b00","values":{"name":"München","amount":"1.125"},"geometry":"SRID=4326;POINT(1 2)"},{"fid":"bf8ab049-3b56-472b-aeae-c24c20224b00","values":{"name":"München","amount":"1.125"},"geometry":"SRID=4326;POINT(1 2)"}]'::jsonb,true)
2026-10-03 13:15:07.054 PDT [474641] ERROR:  new row for relation "d_a9c087e9dec54aa799dbb7088614c0ea" violates check constraint "d_a9c087e9dec54aa799dbb7088614c0ea_name_check"
2026-10-03 13:15:07.054 PDT [474641] DETAIL:  Failing row contains (a9c087e9-dec5-4aa7-99db-b7088614c0ea, 7a7a22e5-fb78-45e0-bded-9ec36a4ff61a, 4baf47b8-9c48-4a54-9208-c0c5370e0745, 24fbff47-e52c-4310-981e-7cd767afe793, 3, 8809ff00-9b35-4061-a206-1f6ee0a21ead, 123456789, 1.125, 0101000020E6100000000000000000F03F0000000000000040).
2026-10-03 13:15:07.054 PDT [474641] CONTEXT:  SQL statement "INSERT INTO managed.d_a9c087e9dec54aa799dbb7088614c0ea (dataset_id,version_group_id,version_id,fid,object_id,feature_revision,name,amount,geom) VALUES ('a9c087e9-dec5-4aa7-99db-b7088614c0ea'::uuid,'7a7a22e5-fb78-45e0-bded-9ec36a4ff61a'::uuid,'4baf47b8-9c48-4a54-9208-c0c5370e0745'::uuid,'24fbff47-e52c-4310-981e-7cd767afe793'::uuid,'3'::bigint,gen_random_uuid(),'123456789'::text,'1.125'::numeric,public.ST_GeomFromEWKT('SRID=4326;POINT(1 2)')) ON CONFLICT(version_id,fid) DO UPDATE SET feature_revision=EXCLUDED.feature_revision,name=EXCLUDED.name,amount=EXCLUDED.amount,geom=EXCLUDED.geom"
	PL/pgSQL function raw_apply_rows(uuid,uuid,uuid,jsonb,boolean) line 89 at EXECUTE
	PL/pgSQL function apply_group(uuid,uuid,jsonb) line 68 at assignment
	PL/pgSQL function apply_rows(uuid,uuid,uuid,jsonb,boolean) line 9 at RETURN
2026-10-03 13:15:07.054 PDT [474641] STATEMENT:  SELECT managed.apply_rows('a9c087e9-dec5-4aa7-99db-b7088614c0ea','4baf47b8-9c48-4a54-9208-c0c5370e0745','1d019d9c-2447-4c98-93da-3c288d627408','[{"fid":"d249290a-634a-4e63-8dfd-32a9010575a2","values":{"name":"München","amount":"1.125"},"geometry":"SRID=4326;POINT(1 2)"},{"fid":"24fbff47-e52c-4310-981e-7cd767afe793","values":{"name":"123456789","amount":"1.125"},"geometry":"SRID=4326;POINT(1 2)"}]'::jsonb,true)
2026-10-03 13:15:07.055 PDT [474641] ERROR:  new row for relation "d_a9c087e9dec54aa799dbb7088614c0ea" violates check constraint "d_a9c087e9dec54aa799dbb7088614c0ea_amount_check"
2026-10-03 13:15:07.055 PDT [474641] DETAIL:  Failing row contains (a9c087e9-dec5-4aa7-99db-b7088614c0ea, 7a7a22e5-fb78-45e0-bded-9ec36a4ff61a, 4baf47b8-9c48-4a54-9208-c0c5370e0745, 6a5bff2d-7058-4c67-a40f-522aee3ae096, 4, 52f982d9-f947-407e-afbb-d1815b10745f, abc, 1.1254, 0101000020E6100000000000000000F03F0000000000000040).
2026-10-03 13:15:07.055 PDT [474641] CONTEXT:  SQL statement "INSERT INTO managed.d_a9c087e9dec54aa799dbb7088614c0ea (dataset_id,version_group_id,version_id,fid,object_id,feature_revision,name,amount,geom) VALUES ('a9c087e9-dec5-4aa7-99db-b7088614c0ea'::uuid,'7a7a22e5-fb78-45e0-bded-9ec36a4ff61a'::uuid,'4baf47b8-9c48-4a54-9208-c0c5370e0745'::uuid,'6a5bff2d-7058-4c67-a40f-522aee3ae096'::uuid,'4'::bigint,gen_random_uuid(),'abc'::text,'1.1254'::numeric,public.ST_GeomFromEWKT('SRID=4326;POINT(1 2)')) ON CONFLICT(version_id,fid) DO UPDATE SET feature_revision=EXCLUDED.feature_revision,name=EXCLUDED.name,amount=EXCLUDED.amount,geom=EXCLUDED.geom"
	PL/pgSQL function raw_apply_rows(uuid,uuid,uuid,jsonb,boolean) line 89 at EXECUTE
	PL/pgSQL function apply_group(uuid,uuid,jsonb) line 68 at assignment
	PL/pgSQL function apply_rows(uuid,uuid,uuid,jsonb,boolean) line 9 at RETURN
2026-10-03 13:15:07.055 PDT [474641] STATEMENT:  SELECT managed.apply_rows('a9c087e9-dec5-4aa7-99db-b7088614c0ea','4baf47b8-9c48-4a54-9208-c0c5370e0745','1d019d9c-2447-4c98-93da-3c288d627408','[{"fid":"6a5bff2d-7058-4c67-a40f-522aee3ae096","values":{"name":"abc","amount":"1.1254"},"geometry":"SRID=4326;POINT(1 2)"}]'::jsonb,true)
2026-10-03 13:15:07.057 PDT [474641] ERROR:  new row for relation "d_a9c087e9dec54aa799dbb7088614c0ea" violates check constraint "d_a9c087e9dec54aa799dbb7088614c0ea_amount_check"
2026-10-03 13:15:07.057 PDT [474641] DETAIL:  Failing row contains (a9c087e9-dec5-4aa7-99db-b7088614c0ea, 7a7a22e5-fb78-45e0-bded-9ec36a4ff61a, 4baf47b8-9c48-4a54-9208-c0c5370e0745, 8e42cc2c-efc9-4fd1-b7d0-cb1d2e2539d6, 5, 876d1c92-aa59-4e7d-8648-b60f8f0f19d6, abc, 1000000000, 0101000020E6100000000000000000F03F0000000000000040).
2026-10-03 13:15:07.057 PDT [474641] CONTEXT:  SQL statement "INSERT INTO managed.d_a9c087e9dec54aa799dbb7088614c0ea (dataset_id,version_group_id,version_id,fid,object_id,feature_revision,name,amount,geom) VALUES ('a9c087e9-dec5-4aa7-99db-b7088614c0ea'::uuid,'7a7a22e5-fb78-45e0-bded-9ec36a4ff61a'::uuid,'4baf47b8-9c48-4a54-9208-c0c5370e0745'::uuid,'8e42cc2c-efc9-4fd1-b7d0-cb1d2e2539d6'::uuid,'5'::bigint,gen_random_uuid(),'abc'::text,'1000000000'::numeric,public.ST_GeomFromEWKT('SRID=4326;POINT(1 2)')) ON CONFLICT(version_id,fid) DO UPDATE SET feature_revision=EXCLUDED.feature_revision,name=EXCLUDED.name,amount=EXCLUDED.amount,geom=EXCLUDED.geom"
	PL/pgSQL function raw_apply_rows(uuid,uuid,uuid,jsonb,boolean) line 89 at EXECUTE
	PL/pgSQL function apply_group(uuid,uuid,jsonb) line 68 at assignment
	PL/pgSQL function apply_rows(uuid,uuid,uuid,jsonb,boolean) line 9 at RETURN
2026-10-03 13:15:07.057 PDT [474641] STATEMENT:  SELECT managed.apply_rows('a9c087e9-dec5-4aa7-99db-b7088614c0ea','4baf47b8-9c48-4a54-9208-c0c5370e0745','1d019d9c-2447-4c98-93da-3c288d627408','[{"fid":"8e42cc2c-efc9-4fd1-b7d0-cb1d2e2539d6","values":{"name":"abc","amount":"1000000000"},"geometry":"SRID=4326;POINT(1 2)"}]'::jsonb,true)
2026-10-03 13:15:07.159 PDT [474656] ERROR:  division by zero
2026-10-03 13:15:07.159 PDT [474656] STATEMENT:  CREATE TABLE managed.partial_migration(x int); SELECT 1/0;
2026-10-03 13:15:07.289 PDT [474680] ERROR:  permission denied for schema managed at character 8
2026-10-03 13:15:07.289 PDT [474680] STATEMENT:  SELECT managed.apply_rows('18458430-7632-4ead-ad80-f9aa90aedf52','ab3ca2a5-835c-48fe-84bb-aeda35a756a3','883abdfb-100b-41ed-99a6-7cd6efd075fd','[{"fid":"d1d0390b-10b0-489d-9286-15b884ea0e33","values":{"name":"München","amount":"1.125"},"geometry":"SRID=4326;POINT(1 2)"}]'::jsonb,false)
2026-10-03 13:15:07.289 PDT [474680] ERROR:  permission denied for schema managed at character 13
2026-10-03 13:15:07.289 PDT [474680] STATEMENT:  DELETE FROM managed."d_1845843076324eadad80f9aa90aedf52"
2026-10-03 13:15:07.289 PDT [474680] ERROR:  permission denied for schema managed
2026-10-03 13:15:07.289 PDT [474680] STATEMENT:  TRUNCATE managed."d_1845843076324eadad80f9aa90aedf52"
2026-10-03 13:15:07.289 PDT [474680] ERROR:  permission denied for schema managed at character 8
2026-10-03 13:15:07.289 PDT [474680] STATEMENT:  UPDATE managed.feature_identity SET object_id=42
2026-10-03 13:15:07.289 PDT [474680] ERROR:  permission denied for schema managed at character 13
2026-10-03 13:15:07.289 PDT [474680] STATEMENT:  DELETE FROM managed.dataset
2026-10-03 13:15:07.289 PDT [474680] ERROR:  permission denied for schema managed at character 14
2026-10-03 13:15:07.289 PDT [474680] STATEMENT:  CREATE TABLE managed.bypass(x int)
2026-10-03 13:15:07.289 PDT [474680] ERROR:  permission denied for schema managed at character 15
2026-10-03 13:15:07.289 PDT [474680] STATEMENT:  SELECT setval('managed.oid_1845843076324eadad80f9aa90aedf52',1)
2026-10-03 13:15:07.291 PDT [474681] ERROR:  permission denied for function apply_rows
2026-10-03 13:15:07.291 PDT [474681] STATEMENT:  SELECT managed.apply_rows('18458430-7632-4ead-ad80-f9aa90aedf52','ab3ca2a5-835c-48fe-84bb-aeda35a756a3','883abdfb-100b-41ed-99a6-7cd6efd075fd','[{"fid":"ce9667dd-80e6-407c-ac38-03d9dca7d25b","values":{"name":"München","amount":"1.125"},"geometry":"SRID=4326;POINT(1 2)"}]'::jsonb,false)
2026-10-03 13:15:07.291 PDT [474681] ERROR:  permission denied for table d_1845843076324eadad80f9aa90aedf52
2026-10-03 13:15:07.291 PDT [474681] STATEMENT:  DELETE FROM managed."d_1845843076324eadad80f9aa90aedf52"
2026-10-03 13:15:07.291 PDT [474681] ERROR:  permission denied for table d_1845843076324eadad80f9aa90aedf52
2026-10-03 13:15:07.291 PDT [474681] STATEMENT:  TRUNCATE managed."d_1845843076324eadad80f9aa90aedf52"
2026-10-03 13:15:07.292 PDT [474681] ERROR:  permission denied for table feature_identity
2026-10-03 13:15:07.292 PDT [474681] STATEMENT:  UPDATE managed.feature_identity SET object_id=42
2026-10-03 13:15:07.292 PDT [474681] ERROR:  permission denied for table dataset
2026-10-03 13:15:07.292 PDT [474681] STATEMENT:  DELETE FROM managed.dataset
2026-10-03 13:15:07.292 PDT [474681] ERROR:  permission denied for schema managed at character 14
2026-10-03 13:15:07.292 PDT [474681] STATEMENT:  CREATE TABLE managed.bypass(x int)
2026-10-03 13:15:07.292 PDT [474681] ERROR:  permission denied for sequence oid_1845843076324eadad80f9aa90aedf52
2026-10-03 13:15:07.292 PDT [474681] STATEMENT:  SELECT setval('managed.oid_1845843076324eadad80f9aa90aedf52',1)
2026-10-03 13:15:07.321 PDT [474682] ERROR:  permission denied for table d_1845843076324eadad80f9aa90aedf52
2026-10-03 13:15:07.321 PDT [474682] STATEMENT:  DELETE FROM managed."d_1845843076324eadad80f9aa90aedf52"
2026-10-03 13:15:07.321 PDT [474682] ERROR:  permission denied for table d_1845843076324eadad80f9aa90aedf52
2026-10-03 13:15:07.321 PDT [474682] STATEMENT:  TRUNCATE managed."d_1845843076324eadad80f9aa90aedf52"
2026-10-03 13:15:07.321 PDT [474682] ERROR:  permission denied for table feature_identity
2026-10-03 13:15:07.321 PDT [474682] STATEMENT:  UPDATE managed.feature_identity SET object_id=42
2026-10-03 13:15:07.321 PDT [474682] ERROR:  permission denied for table dataset
2026-10-03 13:15:07.321 PDT [474682] STATEMENT:  DELETE FROM managed.dataset
2026-10-03 13:15:07.321 PDT [474682] ERROR:  permission denied for schema managed at character 14
2026-10-03 13:15:07.321 PDT [474682] STATEMENT:  CREATE TABLE managed.bypass(x int)
2026-10-03 13:15:07.321 PDT [474682] ERROR:  permission denied for sequence oid_1845843076324eadad80f9aa90aedf52
2026-10-03 13:15:07.321 PDT [474682] STATEMENT:  SELECT setval('managed.oid_1845843076324eadad80f9aa90aedf52',1)
2026-10-03 13:15:08.265 PDT [474776] ERROR:  INVALID_MANAGED_REQUEST
2026-10-03 13:15:08.265 PDT [474776] CONTEXT:  PL/pgSQL function apply_rows(uuid,uuid,uuid,jsonb,boolean) line 4 at RAISE
2026-10-03 13:15:08.265 PDT [474776] STATEMENT:  SELECT managed.apply_rows('bf6ef46c-f6de-4227-a0cd-b282149cae5e','fbac3026-b43c-4f6f-b893-bff30184b6bf','765e7093-6e70-43db-9b5c-ef800d1c2190','null'::jsonb,true)
2026-10-03 13:15:08.266 PDT [474776] ERROR:  INVALID_MANAGED_REQUEST
2026-10-03 13:15:08.266 PDT [474776] CONTEXT:  PL/pgSQL function apply_rows(uuid,uuid,uuid,jsonb,boolean) line 4 at RAISE
2026-10-03 13:15:08.266 PDT [474776] STATEMENT:  SELECT managed.apply_rows('bf6ef46c-f6de-4227-a0cd-b282149cae5e','fbac3026-b43c-4f6f-b893-bff30184b6bf','765e7093-6e70-43db-9b5c-ef800d1c2190','{}'::jsonb,true)
2026-10-03 13:15:08.268 PDT [474776] ERROR:  INVALID_FEATURE_ROW
2026-10-03 13:15:08.268 PDT [474776] CONTEXT:  PL/pgSQL function apply_group(uuid,uuid,jsonb) line 39 at RAISE
	PL/pgSQL function apply_rows(uuid,uuid,uuid,jsonb,boolean) line 9 at RETURN
2026-10-03 13:15:08.268 PDT [474776] STATEMENT:  SELECT managed.apply_rows('bf6ef46c-f6de-4227-a0cd-b282149cae5e','fbac3026-b43c-4f6f-b893-bff30184b6bf','765e7093-6e70-43db-9b5c-ef800d1c2190','[null]'::jsonb,true)
2026-10-03 13:15:08.269 PDT [474776] ERROR:  INVALID_FEATURE_ROW
2026-10-03 13:15:08.269 PDT [474776] CONTEXT:  PL/pgSQL function apply_group(uuid,uuid,jsonb) line 39 at RAISE
	PL/pgSQL function apply_rows(uuid,uuid,uuid,jsonb,boolean) line 9 at RETURN
2026-10-03 13:15:08.269 PDT [474776] STATEMENT:  SELECT managed.apply_rows('bf6ef46c-f6de-4227-a0cd-b282149cae5e','fbac3026-b43c-4f6f-b893-bff30184b6bf','765e7093-6e70-43db-9b5c-ef800d1c2190','[{}]'::jsonb,true)
2026-10-03 13:15:08.270 PDT [474776] ERROR:  FIELD_SET_MISMATCH
2026-10-03 13:15:08.270 PDT [474776] CONTEXT:  PL/pgSQL function raw_apply_rows(uuid,uuid,uuid,jsonb,boolean) line 39 at RAISE
	PL/pgSQL function apply_group(uuid,uuid,jsonb) line 68 at assignment
	PL/pgSQL function apply_rows(uuid,uuid,uuid,jsonb,boolean) line 9 at RETURN
2026-10-03 13:15:08.270 PDT [474776] STATEMENT:  SELECT managed.apply_rows('bf6ef46c-f6de-4227-a0cd-b282149cae5e','fbac3026-b43c-4f6f-b893-bff30184b6bf','765e7093-6e70-43db-9b5c-ef800d1c2190','[{"fid":"50c411f4-ba06-4505-80ad-141d69115cd5","values":{"name":"a"},"geometry":"SRID=4326;POINT(1 2)"}]'::jsonb,true)
2026-10-03 13:15:08.272 PDT [474776] ERROR:  FIELD_SET_MISMATCH
2026-10-03 13:15:08.272 PDT [474776] CONTEXT:  PL/pgSQL function raw_apply_rows(uuid,uuid,uuid,jsonb,boolean) line 39 at RAISE
	PL/pgSQL function apply_group(uuid,uuid,jsonb) line 68 at assignment
	PL/pgSQL function apply_rows(uuid,uuid,uuid,jsonb,boolean) line 9 at RETURN
2026-10-03 13:15:08.272 PDT [474776] STATEMENT:  SELECT managed.apply_rows('bf6ef46c-f6de-4227-a0cd-b282149cae5e','fbac3026-b43c-4f6f-b893-bff30184b6bf','765e7093-6e70-43db-9b5c-ef800d1c2190','[{"fid":"ac4d1e7f-08e3-4c81-abdf-4626b59e06c6","values":{"name":"a","amount":"1","extra":1},"geometry":"SRID=4326;POINT(1 2)"}]'::jsonb,true)
2026-10-03 13:15:08.273 PDT [474776] ERROR:  NULL_NOT_ALLOWED
2026-10-03 13:15:08.273 PDT [474776] CONTEXT:  PL/pgSQL function raw_apply_rows(uuid,uuid,uuid,jsonb,boolean) line 56 at RAISE
	PL/pgSQL function apply_group(uuid,uuid,jsonb) line 68 at assignment
	PL/pgSQL function apply_rows(uuid,uuid,uuid,jsonb,boolean) line 9 at RETURN
2026-10-03 13:15:08.273 PDT [474776] STATEMENT:  SELECT managed.apply_rows('bf6ef46c-f6de-4227-a0cd-b282149cae5e','fbac3026-b43c-4f6f-b893-bff30184b6bf','765e7093-6e70-43db-9b5c-ef800d1c2190','[{"fid":"651b81f9-b175-4ad7-9127-b3180be5620f","values":{"name":"a","amount":null},"geometry":"SRID=4326;POINT(1 2)"}]'::jsonb,true)
2026-10-03 13:15:08.274 PDT [474776] ERROR:  INVALID_MANAGED_REQUEST
2026-10-03 13:15:08.274 PDT [474776] CONTEXT:  PL/pgSQL function apply_rows(uuid,uuid,uuid,jsonb,boolean) line 4 at RAISE
2026-10-03 13:15:08.274 PDT [474776] STATEMENT:  SELECT managed.apply_rows('bf6ef46c-f6de-4227-a0cd-b282149cae5e',NULL,'765e7093-6e70-43db-9b5c-ef800d1c2190','[{"fid":"1fa10f44-87be-4b89-ac1d-661e0e3b6235","values":{"name":"München","amount":"1.125"},"geometry":"SRID=4326;POINT(1 2)"}]'::jsonb,false)
2026-10-03 13:15:08.274 PDT [474776] ERROR:  INVALID_MANAGED_REQUEST
2026-10-03 13:15:08.274 PDT [474776] CONTEXT:  PL/pgSQL function apply_rows(uuid,uuid,uuid,jsonb,boolean) line 4 at RAISE
2026-10-03 13:15:08.274 PDT [474776] STATEMENT:  SELECT managed.apply_rows('bf6ef46c-f6de-4227-a0cd-b282149cae5e','fbac3026-b43c-4f6f-b893-bff30184b6bf',NULL,'[{"fid":"e623945a-ac2e-4f24-9e72-3e72ba054706","values":{"name":"München","amount":"1.125"},"geometry":"SRID=4326;POINT(1 2)"}]'::jsonb,false)
2026-10-03 13:15:08.274 PDT [474776] ERROR:  INVALID_MANAGED_REQUEST
2026-10-03 13:15:08.274 PDT [474776] CONTEXT:  PL/pgSQL function apply_rows(uuid,uuid,uuid,jsonb,boolean) line 4 at RAISE
2026-10-03 13:15:08.274 PDT [474776] STATEMENT:  SELECT managed.apply_rows('bf6ef46c-f6de-4227-a0cd-b282149cae5e','fbac3026-b43c-4f6f-b893-bff30184b6bf','765e7093-6e70-43db-9b5c-ef800d1c2190','[{"fid":"5bf9f2ec-3523-41dc-9a96-3f6adffb7726","values":{"name":"München","amount":"1.125"},"geometry":"SRID=4326;POINT(1 2)"}]'::jsonb,NULL)
2026-10-03 13:15:08.374 PDT [474777] ERROR:  IMMUTABLE_MANAGED_IDENTITY
2026-10-03 13:15:08.374 PDT [474777] CONTEXT:  PL/pgSQL function managed.immutable() line 2 at RAISE
2026-10-03 13:15:08.374 PDT [474777] STATEMENT:  UPDATE managed.schema_revision SET canonical_text=canonical_text
2026-10-03 13:15:08.374 PDT [474777] ERROR:  IMMUTABLE_MANAGED_IDENTITY
2026-10-03 13:15:08.374 PDT [474777] CONTEXT:  PL/pgSQL function managed.immutable() line 2 at RAISE
2026-10-03 13:15:08.374 PDT [474777] STATEMENT:  DELETE FROM managed.schema_revision
2026-10-03 13:15:08.374 PDT [474777] ERROR:  IMMUTABLE_MANAGED_IDENTITY
2026-10-03 13:15:08.374 PDT [474777] CONTEXT:  PL/pgSQL function managed.immutable() line 2 at RAISE
2026-10-03 13:15:08.374 PDT [474777] STATEMENT:  UPDATE managed.dataset SET dataset_id=dataset_id
2026-10-03 13:15:08.393 PDT [474777] ERROR:  IMMUTABLE_MANAGED_IDENTITY
2026-10-03 13:15:08.393 PDT [474777] CONTEXT:  PL/pgSQL function managed.immutable() line 2 at RAISE
2026-10-03 13:15:08.393 PDT [474777] STATEMENT:  DELETE FROM managed.feature_identity WHERE dataset_id='4cef64a4-172a-4bd4-84ad-9070ae48e7e2'
2026-10-03 13:15:08.776 PDT [474863] ERROR:  STALE_HEAD
2026-10-03 13:15:08.776 PDT [474863] CONTEXT:  PL/pgSQL function apply_group(uuid,uuid,jsonb) line 15 at RAISE
	PL/pgSQL function apply_rows(uuid,uuid,uuid,jsonb,boolean) line 9 at RETURN
2026-10-03 13:15:08.776 PDT [474863] STATEMENT:  SELECT managed.apply_rows('538a96e4-d55f-46dc-86f0-567f137fb5d1','c73ffa72-acde-4fbe-9cbb-8244fc7db109','1feabdc5-1d31-4472-b108-87ea13f61fb5','[{"fid":"40797eac-4fd6-41c0-a1da-cae0c2908c07","values":{"name":"München","amount":"1.125"},"geometry":"SRID=4326;POINT(1 2)"}]'::jsonb,false)
2026-10-03 13:15:09.291 PDT [474323] LOG:  received fast shutdown request
2026-10-03 13:15:09.299 PDT [474323] LOG:  aborting any active transactions
2026-10-03 13:15:09.299 PDT [474323] LOG:  background worker "logical replication launcher" (PID 474346) exited with exit code 1
2026-10-03 13:15:09.299 PDT [474332] LOG:  shutting down
2026-10-03 13:15:09.308 PDT [474332] LOG:  checkpoint starting: shutdown immediate
2026-10-03 13:15:12.168 PDT [474332] LOG:  checkpoint complete: wrote 12811 buffers (78.2%); 0 WAL file(s) added, 0 removed, 5 recycled; write=0.175 s, sync=2.572 s, total=2.870 s; sync files=2660, longest=0.031 s, average=0.001 s; distance=89642 kB, estimate=89642 kB
2026-10-03 13:15:12.179 PDT [474323] LOG:  database system is shut down
